$date
   Tue Sep  8 16:52:40 2026
$end

$version
  2023.2
$end

$timescale
  1ps
$end

$scope module tb_basic_entry_timeout $end
$var reg 1 N test_pass $end
$var reg 1 O clk $end
$var reg 1 P rst $end
$var reg 1 Q init_done $end
$var reg 1 R sw1 $end
$var reg 1 S key_valid $end
$var reg 4 T key_code [3:0] $end
$var reg 8 U scenario [7:0] $end
$var wire 1 V unlocked $end
$var wire 1 W alarm_active $end
$var wire 4 X state [3:0] $end
$var wire 16 Y entry_digits [15:0] $end
$var wire 3 Z entry_count [2:0] $end
$var wire 3 [ error_count [2:0] $end
$var parameter 4 \ ST_WAIT [3:0] $end
$var parameter 4 ] ST_USER [3:0] $end
$var parameter 4 ^ ST_OPEN [3:0] $end
$scope module dut $end
$var wire 1 ! clk $end
$var wire 1 " rst $end
$var wire 1 # flash_init_done $end
$var wire 16 $ stored_password [15:0] $end
$var wire 1 % flash_fault $end
$var wire 1 & sw1_event $end
$var wire 1 % admin_event $end
$var wire 1 % alarm_clear_event $end
$var wire 1 % temporary_event $end
$var wire 16 ' temporary_password [15:0] $end
$var wire 1 % temporary_valid $end
$var wire 1 ( key_valid $end
$var wire 4 ) key_code [3:0] $end
$var wire 1 % save_done $end
$var wire 1 % save_success $end
$var reg 1 * save_request $end
$var reg 16 + save_password [15:0] $end
$var reg 1 , capture_start $end
$var reg 1 - unlocked $end
$var reg 1 . alarm_active $end
$var reg 4 / state [3:0] $end
$var reg 16 0 entry_digits [15:0] $end
$var reg 3 1 entry_count [2:0] $end
$var reg 3 2 error_count [2:0] $end
$var reg 1 3 display_fault $end
$var reg 4 4 next_state [3:0] $end
$var reg 11 5 timer_count [10:0] $end
$var wire 1 6 is_digit $end
$var wire 1 7 activity $end
$var parameter 0 8 CLOCK_HZ [31:0] $end
$var parameter 0 9 LOCK_TIMEOUT_S [31:0] $end
$var parameter 0 : OPEN_TIMEOUT_S [31:0] $end
$var parameter 0 ; ERROR_DISPLAY_MS [31:0] $end
$var parameter 4 < ST_BOOT [3:0] $end
$var parameter 4 = ST_WAIT [3:0] $end
$var parameter 4 > ST_USER [3:0] $end
$var parameter 4 ? ST_ERROR [3:0] $end
$var parameter 4 @ ST_OPEN [3:0] $end
$var parameter 4 A ST_ADMIN [3:0] $end
$var parameter 4 B ST_SAVE [3:0] $end
$var parameter 4 C ST_ALARM [3:0] $end
$var parameter 4 D ST_TEMP [3:0] $end
$var parameter 0 E LOCK_TICKS [31:0] $end
$var parameter 0 F OPEN_TICKS [31:0] $end
$var parameter 0 G ERROR_TICKS [31:0] $end
$var parameter 0 H MAX_TICKS [31:0] $end
$var parameter 0 I MAX_TICKS2 [31:0] $end
$var parameter 0 J TW [31:0] $end
$upscope $end
$scope task key $end
$var reg 4 K code [3:0] $end
$upscope $end
$scope task digits $end
$var reg 16 L value [15:0] $end
$upscope $end
$scope task check $end
$var reg 1 M ok $end
$upscope $end
$upscope $end
$enddefinitions $end

#0
$dumpvars
0!
1"
0#
b1001000110100 $
0%
0&
b0 '
0(
b0 )
x*
bx +
x,
x-
x.
bx /
bx 0
bx 1
bx 2
x3
b0 4
bx 5
16
07
b1111101000 8
b1 9
b10 :
b10 ;
b0 <
b1 =
b10 >
b11 ?
b100 @
b101 A
b110 B
b111 C
b1000 D
b1111101000 E
b11111010000 F
b10 G
b11111010000 H
b11111010000 I
b1011 J
bx K
bx L
0M
0N
0O
1P
0Q
0R
0S
b0 T
b1 U
xV
xW
bx X
bx Y
bx Z
bx [
b1 \
b10 ]
b100 ^
$end

#5000
1!
0*
b1001000110100 +
0,
0-
0.
b0 /
b0 0
b0 1
b0 2
03
b0 5
1O
0V
0W
b0 X
b0 Y
b0 Z
b0 [

#10000
0!
0O

#15000
1!
1O

#20000
0!
0O

#25000
1!
1O

#30000
0!
0O

#35000
1!
1O

#40000
0!
0"
1#
b1 4
0O
0P
1Q

#45000
1!
b1 /
1O
b1 X

#50000
0!
0O

#55000
1!
1O

#60000
0!
1M
0O
b10 U

#65000
1!
1O

#70000
0!
1&
b10 4
0O
1R

#75000
1!
b10 /
1O
b10 X

#80000
0!
0&
b1 K
0O
0R

#85000
1!
b1 5
1O

#90000
0!
1(
b1 )
17
0O
1S
b1 T

#95000
1!
b1 0
b1 1
b0 5
1O
b1 Y
b1 Z

#100000
0!
0(
07
b10 K
0O
0S

#105000
1!
b1 5
1O

#110000
0!
1(
b10 )
17
0O
1S
b10 T

#115000
1!
b10010 0
b10 1
b0 5
1O
b10010 Y
b10 Z

#120000
0!
0(
07
b1010 K
0O
0S

#125000
1!
b1 5
1O

#130000
0!
1(
b1010 )
06
17
0O
1S
b1010 T

#135000
1!
b0 5
1O

#140000
0!
0(
07
b1011 K
0O
0S

#145000
1!
b1 5
1O

#150000
0!
1(
b1011 )
17
0O
1S
b1011 T

#155000
1!
b1 0
b1 1
b0 5
1O
b1 Y
b1 Z

#160000
0!
0(
07
b10 K
0O
0S

#165000
1!
b1 5
1O

#170000
0!
1(
b10 )
16
17
0O
1S
b10 T

#175000
1!
b10010 0
b10 1
b0 5
1O
b10010 Y
b10 Z

#180000
0!
0(
07
b11 K
0O
0S

#185000
1!
b1 5
1O

#190000
0!
1(
b11 )
17
0O
1S
b11 T

#195000
1!
b100100011 0
b11 1
b0 5
1O
b100100011 Y
b11 Z

#200000
0!
0(
07
b100 K
0O
0S

#205000
1!
b1 5
1O

#210000
0!
1(
b100 )
17
0O
1S
b100 T

#215000
1!
b1001000110100 0
b100 1
b0 5
1O
b1001000110100 Y
b100 Z

#220000
0!
0(
07
b1001 K
0O
0S

#225000
1!
b1 5
1O

#230000
0!
1(
b1001 )
17
0O
1S
b1001 T

#235000
1!
b0 5
1O

#240000
0!
0(
07
b1010 K
0O
0S
b11 U

#245000
1!
b1 5
1O

#250000
0!
1(
b1010 )
b100 4
06
17
0O
1S
b1010 T

#255000
1!
1-
b100 /
b1 4
b0 5
1O
1V
b100 X

#260000
0!
0(
b100 4
07
0O
0S

#265000
1!
b1 5
1O

#270000
0!
0O

#275000
1!
b10 5
1O

#280000
0!
0O

#285000
1!
b11 5
1O

#290000
0!
0O

#295000
1!
b100 5
1O

#300000
0!
0O

#305000
1!
b101 5
1O

#310000
0!
0O

#315000
1!
b110 5
1O

#320000
0!
0O

#325000
1!
b111 5
1O

#330000
0!
0O

#335000
1!
b1000 5
1O

#340000
0!
0O

#345000
1!
b1001 5
1O

#350000
0!
0O

#355000
1!
b1010 5
1O

#360000
0!
0O

#365000
1!
b1011 5
1O

#370000
0!
0O

#375000
1!
b1100 5
1O

#380000
0!
0O

#385000
1!
b1101 5
1O

#390000
0!
0O

#395000
1!
b1110 5
1O

#400000
0!
0O

#405000
1!
b1111 5
1O

#410000
0!
0O

#415000
1!
b10000 5
1O

#420000
0!
0O

#425000
1!
b10001 5
1O

#430000
0!
0O

#435000
1!
b10010 5
1O

#440000
0!
0O

#445000
1!
b10011 5
1O

#450000
0!
0O

#455000
1!
b10100 5
1O

#460000
0!
0O

#465000
1!
b10101 5
1O

#470000
0!
0O

#475000
1!
b10110 5
1O

#480000
0!
0O

#485000
1!
b10111 5
1O

#490000
0!
0O

#495000
1!
b11000 5
1O

#500000
0!
0O

#505000
1!
b11001 5
1O

#510000
0!
0O

#515000
1!
b11010 5
1O

#520000
0!
0O

#525000
1!
b11011 5
1O

#530000
0!
0O

#535000
1!
b11100 5
1O

#540000
0!
0O

#545000
1!
b11101 5
1O

#550000
0!
0O

#555000
1!
b11110 5
1O

#560000
0!
0O

#565000
1!
b11111 5
1O

#570000
0!
0O

#575000
1!
b100000 5
1O

#580000
0!
0O

#585000
1!
b100001 5
1O

#590000
0!
0O

#595000
1!
b100010 5
1O

#600000
0!
0O

#605000
1!
b100011 5
1O

#610000
0!
0O

#615000
1!
b100100 5
1O

#620000
0!
0O

#625000
1!
b100101 5
1O

#630000
0!
0O

#635000
1!
b100110 5
1O

#640000
0!
0O

#645000
1!
b100111 5
1O

#650000
0!
0O

#655000
1!
b101000 5
1O

#660000
0!
0O

#665000
1!
b101001 5
1O

#670000
0!
0O

#675000
1!
b101010 5
1O

#680000
0!
0O

#685000
1!
b101011 5
1O

#690000
0!
0O

#695000
1!
b101100 5
1O

#700000
0!
0O

#705000
1!
b101101 5
1O

#710000
0!
0O

#715000
1!
b101110 5
1O

#720000
0!
0O

#725000
1!
b101111 5
1O

#730000
0!
0O

#735000
1!
b110000 5
1O

#740000
0!
0O

#745000
1!
b110001 5
1O

#750000
0!
0O

#755000
1!
b110010 5
1O

#760000
0!
0O

#765000
1!
b110011 5
1O

#770000
0!
0O

#775000
1!
b110100 5
1O

#780000
0!
0O

#785000
1!
b110101 5
1O

#790000
0!
0O

#795000
1!
b110110 5
1O

#800000
0!
0O

#805000
1!
b110111 5
1O

#810000
0!
0O

#815000
1!
b111000 5
1O

#820000
0!
0O

#825000
1!
b111001 5
1O

#830000
0!
0O

#835000
1!
b111010 5
1O

#840000
0!
0O

#845000
1!
b111011 5
1O

#850000
0!
0O

#855000
1!
b111100 5
1O

#860000
0!
0O

#865000
1!
b111101 5
1O

#870000
0!
0O

#875000
1!
b111110 5
1O

#880000
0!
0O

#885000
1!
b111111 5
1O

#890000
0!
0O

#895000
1!
b1000000 5
1O

#900000
0!
0O

#905000
1!
b1000001 5
1O

#910000
0!
0O

#915000
1!
b1000010 5
1O

#920000
0!
0O

#925000
1!
b1000011 5
1O

#930000
0!
0O

#935000
1!
b1000100 5
1O

#940000
0!
0O

#945000
1!
b1000101 5
1O

#950000
0!
0O

#955000
1!
b1000110 5
1O

#960000
0!
0O

#965000
1!
b1000111 5
1O

#970000
0!
0O

#975000
1!
b1001000 5
1O

#980000
0!
0O

#985000
1!
b1001001 5
1O

#990000
0!
0O

#995000
1!
b1001010 5
1O

#1000000
0!
0O

#1005000
1!
b1001011 5
1O

#1010000
0!
0O

#1015000
1!
b1001100 5
1O

#1020000
0!
0O

#1025000
1!
b1001101 5
1O

#1030000
0!
0O

#1035000
1!
b1001110 5
1O

#1040000
0!
0O

#1045000
1!
b1001111 5
1O

#1050000
0!
0O

#1055000
1!
b1010000 5
1O

#1060000
0!
0O

#1065000
1!
b1010001 5
1O

#1070000
0!
0O

#1075000
1!
b1010010 5
1O

#1080000
0!
0O

#1085000
1!
b1010011 5
1O

#1090000
0!
0O

#1095000
1!
b1010100 5
1O

#1100000
0!
0O

#1105000
1!
b1010101 5
1O

#1110000
0!
0O

#1115000
1!
b1010110 5
1O

#1120000
0!
0O

#1125000
1!
b1010111 5
1O

#1130000
0!
0O

#1135000
1!
b1011000 5
1O

#1140000
0!
0O

#1145000
1!
b1011001 5
1O

#1150000
0!
0O

#1155000
1!
b1011010 5
1O

#1160000
0!
0O

#1165000
1!
b1011011 5
1O

#1170000
0!
0O

#1175000
1!
b1011100 5
1O

#1180000
0!
0O

#1185000
1!
b1011101 5
1O

#1190000
0!
0O

#1195000
1!
b1011110 5
1O

#1200000
0!
0O

#1205000
1!
b1011111 5
1O

#1210000
0!
0O

#1215000
1!
b1100000 5
1O

#1220000
0!
0O

#1225000
1!
b1100001 5
1O

#1230000
0!
0O

#1235000
1!
b1100010 5
1O

#1240000
0!
0O

#1245000
1!
b1100011 5
1O

#1250000
0!
0O

#1255000
1!
b1100100 5
1O

#1260000
0!
0O

#1265000
1!
b1100101 5
1O

#1270000
0!
0O

#1275000
1!
b1100110 5
1O

#1280000
0!
0O

#1285000
1!
b1100111 5
1O

#1290000
0!
0O

#1295000
1!
b1101000 5
1O

#1300000
0!
0O

#1305000
1!
b1101001 5
1O

#1310000
0!
0O

#1315000
1!
b1101010 5
1O

#1320000
0!
0O

#1325000
1!
b1101011 5
1O

#1330000
0!
0O

#1335000
1!
b1101100 5
1O

#1340000
0!
0O

#1345000
1!
b1101101 5
1O

#1350000
0!
0O

#1355000
1!
b1101110 5
1O

#1360000
0!
0O

#1365000
1!
b1101111 5
1O

#1370000
0!
0O

#1375000
1!
b1110000 5
1O

#1380000
0!
0O

#1385000
1!
b1110001 5
1O

#1390000
0!
0O

#1395000
1!
b1110010 5
1O

#1400000
0!
0O

#1405000
1!
b1110011 5
1O

#1410000
0!
0O

#1415000
1!
b1110100 5
1O

#1420000
0!
0O

#1425000
1!
b1110101 5
1O

#1430000
0!
0O

#1435000
1!
b1110110 5
1O

#1440000
0!
0O

#1445000
1!
b1110111 5
1O

#1450000
0!
0O

#1455000
1!
b1111000 5
1O

#1460000
0!
0O

#1465000
1!
b1111001 5
1O

#1470000
0!
0O

#1475000
1!
b1111010 5
1O

#1480000
0!
0O

#1485000
1!
b1111011 5
1O

#1490000
0!
0O

#1495000
1!
b1111100 5
1O

#1500000
0!
0O

#1505000
1!
b1111101 5
1O

#1510000
0!
0O

#1515000
1!
b1111110 5
1O

#1520000
0!
0O

#1525000
1!
b1111111 5
1O

#1530000
0!
0O

#1535000
1!
b10000000 5
1O

#1540000
0!
0O

#1545000
1!
b10000001 5
1O

#1550000
0!
0O

#1555000
1!
b10000010 5
1O

#1560000
0!
0O

#1565000
1!
b10000011 5
1O

#1570000
0!
0O

#1575000
1!
b10000100 5
1O

#1580000
0!
0O

#1585000
1!
b10000101 5
1O

#1590000
0!
0O

#1595000
1!
b10000110 5
1O

#1600000
0!
0O

#1605000
1!
b10000111 5
1O

#1610000
0!
0O

#1615000
1!
b10001000 5
1O

#1620000
0!
0O

#1625000
1!
b10001001 5
1O

#1630000
0!
0O

#1635000
1!
b10001010 5
1O

#1640000
0!
0O

#1645000
1!
b10001011 5
1O

#1650000
0!
0O

#1655000
1!
b10001100 5
1O

#1660000
0!
0O

#1665000
1!
b10001101 5
1O

#1670000
0!
0O

#1675000
1!
b10001110 5
1O

#1680000
0!
0O

#1685000
1!
b10001111 5
1O

#1690000
0!
0O

#1695000
1!
b10010000 5
1O

#1700000
0!
0O

#1705000
1!
b10010001 5
1O

#1710000
0!
0O

#1715000
1!
b10010010 5
1O

#1720000
0!
0O

#1725000
1!
b10010011 5
1O

#1730000
0!
0O

#1735000
1!
b10010100 5
1O

#1740000
0!
0O

#1745000
1!
b10010101 5
1O

#1750000
0!
0O

#1755000
1!
b10010110 5
1O

#1760000
0!
0O

#1765000
1!
b10010111 5
1O

#1770000
0!
0O

#1775000
1!
b10011000 5
1O

#1780000
0!
0O

#1785000
1!
b10011001 5
1O

#1790000
0!
0O

#1795000
1!
b10011010 5
1O

#1800000
0!
0O

#1805000
1!
b10011011 5
1O

#1810000
0!
0O

#1815000
1!
b10011100 5
1O

#1820000
0!
0O

#1825000
1!
b10011101 5
1O

#1830000
0!
0O

#1835000
1!
b10011110 5
1O

#1840000
0!
0O

#1845000
1!
b10011111 5
1O

#1850000
0!
0O

#1855000
1!
b10100000 5
1O

#1860000
0!
0O

#1865000
1!
b10100001 5
1O

#1870000
0!
0O

#1875000
1!
b10100010 5
1O

#1880000
0!
0O

#1885000
1!
b10100011 5
1O

#1890000
0!
0O

#1895000
1!
b10100100 5
1O

#1900000
0!
0O

#1905000
1!
b10100101 5
1O

#1910000
0!
0O

#1915000
1!
b10100110 5
1O

#1920000
0!
0O

#1925000
1!
b10100111 5
1O

#1930000
0!
0O

#1935000
1!
b10101000 5
1O

#1940000
0!
0O

#1945000
1!
b10101001 5
1O

#1950000
0!
0O

#1955000
1!
b10101010 5
1O

#1960000
0!
0O

#1965000
1!
b10101011 5
1O

#1970000
0!
0O

#1975000
1!
b10101100 5
1O

#1980000
0!
0O

#1985000
1!
b10101101 5
1O

#1990000
0!
0O

#1995000
1!
b10101110 5
1O

#2000000
0!
0O

#2005000
1!
b10101111 5
1O

#2010000
0!
0O

#2015000
1!
b10110000 5
1O

#2020000
0!
0O

#2025000
1!
b10110001 5
1O

#2030000
0!
0O

#2035000
1!
b10110010 5
1O

#2040000
0!
0O

#2045000
1!
b10110011 5
1O

#2050000
0!
0O

#2055000
1!
b10110100 5
1O

#2060000
0!
0O

#2065000
1!
b10110101 5
1O

#2070000
0!
0O

#2075000
1!
b10110110 5
1O

#2080000
0!
0O

#2085000
1!
b10110111 5
1O

#2090000
0!
0O

#2095000
1!
b10111000 5
1O

#2100000
0!
0O

#2105000
1!
b10111001 5
1O

#2110000
0!
0O

#2115000
1!
b10111010 5
1O

#2120000
0!
0O

#2125000
1!
b10111011 5
1O

#2130000
0!
0O

#2135000
1!
b10111100 5
1O

#2140000
0!
0O

#2145000
1!
b10111101 5
1O

#2150000
0!
0O

#2155000
1!
b10111110 5
1O

#2160000
0!
0O

#2165000
1!
b10111111 5
1O

#2170000
0!
0O

#2175000
1!
b11000000 5
1O

#2180000
0!
0O

#2185000
1!
b11000001 5
1O

#2190000
0!
0O

#2195000
1!
b11000010 5
1O

#2200000
0!
0O

#2205000
1!
b11000011 5
1O

#2210000
0!
0O

#2215000
1!
b11000100 5
1O

#2220000
0!
0O

#2225000
1!
b11000101 5
1O

#2230000
0!
0O

#2235000
1!
b11000110 5
1O

#2240000
0!
0O

#2245000
1!
b11000111 5
1O

#2250000
0!
0O

#2255000
1!
b11001000 5
1O

#2260000
0!
0O

#2265000
1!
b11001001 5
1O

#2270000
0!
0O

#2275000
1!
b11001010 5
1O

#2280000
0!
0O

#2285000
1!
b11001011 5
1O

#2290000
0!
0O

#2295000
1!
b11001100 5
1O

#2300000
0!
0O

#2305000
1!
b11001101 5
1O

#2310000
0!
0O

#2315000
1!
b11001110 5
1O

#2320000
0!
0O

#2325000
1!
b11001111 5
1O

#2330000
0!
0O

#2335000
1!
b11010000 5
1O

#2340000
0!
0O

#2345000
1!
b11010001 5
1O

#2350000
0!
0O

#2355000
1!
b11010010 5
1O

#2360000
0!
0O

#2365000
1!
b11010011 5
1O

#2370000
0!
0O

#2375000
1!
b11010100 5
1O

#2380000
0!
0O

#2385000
1!
b11010101 5
1O

#2390000
0!
0O

#2395000
1!
b11010110 5
1O

#2400000
0!
0O

#2405000
1!
b11010111 5
1O

#2410000
0!
0O

#2415000
1!
b11011000 5
1O

#2420000
0!
0O

#2425000
1!
b11011001 5
1O

#2430000
0!
0O

#2435000
1!
b11011010 5
1O

#2440000
0!
0O

#2445000
1!
b11011011 5
1O

#2450000
0!
0O

#2455000
1!
b11011100 5
1O

#2460000
0!
0O

#2465000
1!
b11011101 5
1O

#2470000
0!
0O

#2475000
1!
b11011110 5
1O

#2480000
0!
0O

#2485000
1!
b11011111 5
1O

#2490000
0!
0O

#2495000
1!
b11100000 5
1O

#2500000
0!
0O

#2505000
1!
b11100001 5
1O

#2510000
0!
0O

#2515000
1!
b11100010 5
1O

#2520000
0!
0O

#2525000
1!
b11100011 5
1O

#2530000
0!
0O

#2535000
1!
b11100100 5
1O

#2540000
0!
0O

#2545000
1!
b11100101 5
1O

#2550000
0!
0O

#2555000
1!
b11100110 5
1O

#2560000
0!
0O

#2565000
1!
b11100111 5
1O

#2570000
0!
0O

#2575000
1!
b11101000 5
1O

#2580000
0!
0O

#2585000
1!
b11101001 5
1O

#2590000
0!
0O

#2595000
1!
b11101010 5
1O

#2600000
0!
0O

#2605000
1!
b11101011 5
1O

#2610000
0!
0O

#2615000
1!
b11101100 5
1O

#2620000
0!
0O

#2625000
1!
b11101101 5
1O

#2630000
0!
0O

#2635000
1!
b11101110 5
1O

#2640000
0!
0O

#2645000
1!
b11101111 5
1O

#2650000
0!
0O

#2655000
1!
b11110000 5
1O

#2660000
0!
0O

#2665000
1!
b11110001 5
1O

#2670000
0!
0O

#2675000
1!
b11110010 5
1O

#2680000
0!
0O

#2685000
1!
b11110011 5
1O

#2690000
0!
0O

#2695000
1!
b11110100 5
1O

#2700000
0!
0O

#2705000
1!
b11110101 5
1O

#2710000
0!
0O

#2715000
1!
b11110110 5
1O

#2720000
0!
0O

#2725000
1!
b11110111 5
1O

#2730000
0!
0O

#2735000
1!
b11111000 5
1O

#2740000
0!
0O

#2745000
1!
b11111001 5
1O

#2750000
0!
0O

#2755000
1!
b11111010 5
1O

#2760000
0!
0O

#2765000
1!
b11111011 5
1O

#2770000
0!
0O

#2775000
1!
b11111100 5
1O

#2780000
0!
0O

#2785000
1!
b11111101 5
1O

#2790000
0!
0O

#2795000
1!
b11111110 5
1O

#2800000
0!
0O

#2805000
1!
b11111111 5
1O

#2810000
0!
0O

#2815000
1!
b100000000 5
1O

#2820000
0!
0O

#2825000
1!
b100000001 5
1O

#2830000
0!
0O

#2835000
1!
b100000010 5
1O

#2840000
0!
0O

#2845000
1!
b100000011 5
1O

#2850000
0!
0O

#2855000
1!
b100000100 5
1O

#2860000
0!
0O

#2865000
1!
b100000101 5
1O

#2870000
0!
0O

#2875000
1!
b100000110 5
1O

#2880000
0!
0O

#2885000
1!
b100000111 5
1O

#2890000
0!
0O

#2895000
1!
b100001000 5
1O

#2900000
0!
0O

#2905000
1!
b100001001 5
1O

#2910000
0!
0O

#2915000
1!
b100001010 5
1O

#2920000
0!
0O

#2925000
1!
b100001011 5
1O

#2930000
0!
0O

#2935000
1!
b100001100 5
1O

#2940000
0!
0O

#2945000
1!
b100001101 5
1O

#2950000
0!
0O

#2955000
1!
b100001110 5
1O

#2960000
0!
0O

#2965000
1!
b100001111 5
1O

#2970000
0!
0O

#2975000
1!
b100010000 5
1O

#2980000
0!
0O

#2985000
1!
b100010001 5
1O

#2990000
0!
0O

#2995000
1!
b100010010 5
1O

#3000000
0!
0O

#3005000
1!
b100010011 5
1O

#3010000
0!
0O

#3015000
1!
b100010100 5
1O

#3020000
0!
0O

#3025000
1!
b100010101 5
1O

#3030000
0!
0O

#3035000
1!
b100010110 5
1O

#3040000
0!
0O

#3045000
1!
b100010111 5
1O

#3050000
0!
0O

#3055000
1!
b100011000 5
1O

#3060000
0!
0O

#3065000
1!
b100011001 5
1O

#3070000
0!
0O

#3075000
1!
b100011010 5
1O

#3080000
0!
0O

#3085000
1!
b100011011 5
1O

#3090000
0!
0O

#3095000
1!
b100011100 5
1O

#3100000
0!
0O

#3105000
1!
b100011101 5
1O

#3110000
0!
0O

#3115000
1!
b100011110 5
1O

#3120000
0!
0O

#3125000
1!
b100011111 5
1O

#3130000
0!
0O

#3135000
1!
b100100000 5
1O

#3140000
0!
0O

#3145000
1!
b100100001 5
1O

#3150000
0!
0O

#3155000
1!
b100100010 5
1O

#3160000
0!
0O

#3165000
1!
b100100011 5
1O

#3170000
0!
0O

#3175000
1!
b100100100 5
1O

#3180000
0!
0O

#3185000
1!
b100100101 5
1O

#3190000
0!
0O

#3195000
1!
b100100110 5
1O

#3200000
0!
0O

#3205000
1!
b100100111 5
1O

#3210000
0!
0O

#3215000
1!
b100101000 5
1O

#3220000
0!
0O

#3225000
1!
b100101001 5
1O

#3230000
0!
0O

#3235000
1!
b100101010 5
1O

#3240000
0!
0O

#3245000
1!
b100101011 5
1O

#3250000
0!
0O

#3255000
1!
b100101100 5
1O

#3260000
0!
0O

#3265000
1!
b100101101 5
1O

#3270000
0!
0O

#3275000
1!
b100101110 5
1O

#3280000
0!
0O

#3285000
1!
b100101111 5
1O

#3290000
0!
0O

#3295000
1!
b100110000 5
1O

#3300000
0!
0O

#3305000
1!
b100110001 5
1O

#3310000
0!
0O

#3315000
1!
b100110010 5
1O

#3320000
0!
0O

#3325000
1!
b100110011 5
1O

#3330000
0!
0O

#3335000
1!
b100110100 5
1O

#3340000
0!
0O

#3345000
1!
b100110101 5
1O

#3350000
0!
0O

#3355000
1!
b100110110 5
1O

#3360000
0!
0O

#3365000
1!
b100110111 5
1O

#3370000
0!
0O

#3375000
1!
b100111000 5
1O

#3380000
0!
0O

#3385000
1!
b100111001 5
1O

#3390000
0!
0O

#3395000
1!
b100111010 5
1O

#3400000
0!
0O

#3405000
1!
b100111011 5
1O

#3410000
0!
0O

#3415000
1!
b100111100 5
1O

#3420000
0!
0O

#3425000
1!
b100111101 5
1O

#3430000
0!
0O

#3435000
1!
b100111110 5
1O

#3440000
0!
0O

#3445000
1!
b100111111 5
1O

#3450000
0!
0O

#3455000
1!
b101000000 5
1O

#3460000
0!
0O

#3465000
1!
b101000001 5
1O

#3470000
0!
0O

#3475000
1!
b101000010 5
1O

#3480000
0!
0O

#3485000
1!
b101000011 5
1O

#3490000
0!
0O

#3495000
1!
b101000100 5
1O

#3500000
0!
0O

#3505000
1!
b101000101 5
1O

#3510000
0!
0O

#3515000
1!
b101000110 5
1O

#3520000
0!
0O

#3525000
1!
b101000111 5
1O

#3530000
0!
0O

#3535000
1!
b101001000 5
1O

#3540000
0!
0O

#3545000
1!
b101001001 5
1O

#3550000
0!
0O

#3555000
1!
b101001010 5
1O

#3560000
0!
0O

#3565000
1!
b101001011 5
1O

#3570000
0!
0O

#3575000
1!
b101001100 5
1O

#3580000
0!
0O

#3585000
1!
b101001101 5
1O

#3590000
0!
0O

#3595000
1!
b101001110 5
1O

#3600000
0!
0O

#3605000
1!
b101001111 5
1O

#3610000
0!
0O

#3615000
1!
b101010000 5
1O

#3620000
0!
0O

#3625000
1!
b101010001 5
1O

#3630000
0!
0O

#3635000
1!
b101010010 5
1O

#3640000
0!
0O

#3645000
1!
b101010011 5
1O

#3650000
0!
0O

#3655000
1!
b101010100 5
1O

#3660000
0!
0O

#3665000
1!
b101010101 5
1O

#3670000
0!
0O

#3675000
1!
b101010110 5
1O

#3680000
0!
0O

#3685000
1!
b101010111 5
1O

#3690000
0!
0O

#3695000
1!
b101011000 5
1O

#3700000
0!
0O

#3705000
1!
b101011001 5
1O

#3710000
0!
0O

#3715000
1!
b101011010 5
1O

#3720000
0!
0O

#3725000
1!
b101011011 5
1O

#3730000
0!
0O

#3735000
1!
b101011100 5
1O

#3740000
0!
0O

#3745000
1!
b101011101 5
1O

#3750000
0!
0O

#3755000
1!
b101011110 5
1O

#3760000
0!
0O

#3765000
1!
b101011111 5
1O

#3770000
0!
0O

#3775000
1!
b101100000 5
1O

#3780000
0!
0O

#3785000
1!
b101100001 5
1O

#3790000
0!
0O

#3795000
1!
b101100010 5
1O

#3800000
0!
0O

#3805000
1!
b101100011 5
1O

#3810000
0!
0O

#3815000
1!
b101100100 5
1O

#3820000
0!
0O

#3825000
1!
b101100101 5
1O

#3830000
0!
0O

#3835000
1!
b101100110 5
1O

#3840000
0!
0O

#3845000
1!
b101100111 5
1O

#3850000
0!
0O

#3855000
1!
b101101000 5
1O

#3860000
0!
0O

#3865000
1!
b101101001 5
1O

#3870000
0!
0O

#3875000
1!
b101101010 5
1O

#3880000
0!
0O

#3885000
1!
b101101011 5
1O

#3890000
0!
0O

#3895000
1!
b101101100 5
1O

#3900000
0!
0O

#3905000
1!
b101101101 5
1O

#3910000
0!
0O

#3915000
1!
b101101110 5
1O

#3920000
0!
0O

#3925000
1!
b101101111 5
1O

#3930000
0!
0O

#3935000
1!
b101110000 5
1O

#3940000
0!
0O

#3945000
1!
b101110001 5
1O

#3950000
0!
0O

#3955000
1!
b101110010 5
1O

#3960000
0!
0O

#3965000
1!
b101110011 5
1O

#3970000
0!
0O

#3975000
1!
b101110100 5
1O

#3980000
0!
0O

#3985000
1!
b101110101 5
1O

#3990000
0!
0O

#3995000
1!
b101110110 5
1O

#4000000
0!
0O

#4005000
1!
b101110111 5
1O

#4010000
0!
0O

#4015000
1!
b101111000 5
1O

#4020000
0!
0O

#4025000
1!
b101111001 5
1O

#4030000
0!
0O

#4035000
1!
b101111010 5
1O

#4040000
0!
0O

#4045000
1!
b101111011 5
1O

#4050000
0!
0O

#4055000
1!
b101111100 5
1O

#4060000
0!
0O

#4065000
1!
b101111101 5
1O

#4070000
0!
0O

#4075000
1!
b101111110 5
1O

#4080000
0!
0O

#4085000
1!
b101111111 5
1O

#4090000
0!
0O

#4095000
1!
b110000000 5
1O

#4100000
0!
0O

#4105000
1!
b110000001 5
1O

#4110000
0!
0O

#4115000
1!
b110000010 5
1O

#4120000
0!
0O

#4125000
1!
b110000011 5
1O

#4130000
0!
0O

#4135000
1!
b110000100 5
1O

#4140000
0!
0O

#4145000
1!
b110000101 5
1O

#4150000
0!
0O

#4155000
1!
b110000110 5
1O

#4160000
0!
0O

#4165000
1!
b110000111 5
1O

#4170000
0!
0O

#4175000
1!
b110001000 5
1O

#4180000
0!
0O

#4185000
1!
b110001001 5
1O

#4190000
0!
0O

#4195000
1!
b110001010 5
1O

#4200000
0!
0O

#4205000
1!
b110001011 5
1O

#4210000
0!
0O

#4215000
1!
b110001100 5
1O

#4220000
0!
0O

#4225000
1!
b110001101 5
1O

#4230000
0!
0O

#4235000
1!
b110001110 5
1O

#4240000
0!
0O

#4245000
1!
b110001111 5
1O

#4250000
0!
0O

#4255000
1!
b110010000 5
1O

#4260000
0!
0O

#4265000
1!
b110010001 5
1O

#4270000
0!
0O

#4275000
1!
b110010010 5
1O

#4280000
0!
0O

#4285000
1!
b110010011 5
1O

#4290000
0!
0O

#4295000
1!
b110010100 5
1O

#4300000
0!
0O

#4305000
1!
b110010101 5
1O

#4310000
0!
0O

#4315000
1!
b110010110 5
1O

#4320000
0!
0O

#4325000
1!
b110010111 5
1O

#4330000
0!
0O

#4335000
1!
b110011000 5
1O

#4340000
0!
0O

#4345000
1!
b110011001 5
1O

#4350000
0!
0O

#4355000
1!
b110011010 5
1O

#4360000
0!
0O

#4365000
1!
b110011011 5
1O

#4370000
0!
0O

#4375000
1!
b110011100 5
1O

#4380000
0!
0O

#4385000
1!
b110011101 5
1O

#4390000
0!
0O

#4395000
1!
b110011110 5
1O

#4400000
0!
0O

#4405000
1!
b110011111 5
1O

#4410000
0!
0O

#4415000
1!
b110100000 5
1O

#4420000
0!
0O

#4425000
1!
b110100001 5
1O

#4430000
0!
0O

#4435000
1!
b110100010 5
1O

#4440000
0!
0O

#4445000
1!
b110100011 5
1O

#4450000
0!
0O

#4455000
1!
b110100100 5
1O

#4460000
0!
0O

#4465000
1!
b110100101 5
1O

#4470000
0!
0O

#4475000
1!
b110100110 5
1O

#4480000
0!
0O

#4485000
1!
b110100111 5
1O

#4490000
0!
0O

#4495000
1!
b110101000 5
1O

#4500000
0!
0O

#4505000
1!
b110101001 5
1O

#4510000
0!
0O

#4515000
1!
b110101010 5
1O

#4520000
0!
0O

#4525000
1!
b110101011 5
1O

#4530000
0!
0O

#4535000
1!
b110101100 5
1O

#4540000
0!
0O

#4545000
1!
b110101101 5
1O

#4550000
0!
0O

#4555000
1!
b110101110 5
1O

#4560000
0!
0O

#4565000
1!
b110101111 5
1O

#4570000
0!
0O

#4575000
1!
b110110000 5
1O

#4580000
0!
0O

#4585000
1!
b110110001 5
1O

#4590000
0!
0O

#4595000
1!
b110110010 5
1O

#4600000
0!
0O

#4605000
1!
b110110011 5
1O

#4610000
0!
0O

#4615000
1!
b110110100 5
1O

#4620000
0!
0O

#4625000
1!
b110110101 5
1O

#4630000
0!
0O

#4635000
1!
b110110110 5
1O

#4640000
0!
0O

#4645000
1!
b110110111 5
1O

#4650000
0!
0O

#4655000
1!
b110111000 5
1O

#4660000
0!
0O

#4665000
1!
b110111001 5
1O

#4670000
0!
0O

#4675000
1!
b110111010 5
1O

#4680000
0!
0O

#4685000
1!
b110111011 5
1O

#4690000
0!
0O

#4695000
1!
b110111100 5
1O

#4700000
0!
0O

#4705000
1!
b110111101 5
1O

#4710000
0!
0O

#4715000
1!
b110111110 5
1O

#4720000
0!
0O

#4725000
1!
b110111111 5
1O

#4730000
0!
0O

#4735000
1!
b111000000 5
1O

#4740000
0!
0O

#4745000
1!
b111000001 5
1O

#4750000
0!
0O

#4755000
1!
b111000010 5
1O

#4760000
0!
0O

#4765000
1!
b111000011 5
1O

#4770000
0!
0O

#4775000
1!
b111000100 5
1O

#4780000
0!
0O

#4785000
1!
b111000101 5
1O

#4790000
0!
0O

#4795000
1!
b111000110 5
1O

#4800000
0!
0O

#4805000
1!
b111000111 5
1O

#4810000
0!
0O

#4815000
1!
b111001000 5
1O

#4820000
0!
0O

#4825000
1!
b111001001 5
1O

#4830000
0!
0O

#4835000
1!
b111001010 5
1O

#4840000
0!
0O

#4845000
1!
b111001011 5
1O

#4850000
0!
0O

#4855000
1!
b111001100 5
1O

#4860000
0!
0O

#4865000
1!
b111001101 5
1O

#4870000
0!
0O

#4875000
1!
b111001110 5
1O

#4880000
0!
0O

#4885000
1!
b111001111 5
1O

#4890000
0!
0O

#4895000
1!
b111010000 5
1O

#4900000
0!
0O

#4905000
1!
b111010001 5
1O

#4910000
0!
0O

#4915000
1!
b111010010 5
1O

#4920000
0!
0O

#4925000
1!
b111010011 5
1O

#4930000
0!
0O

#4935000
1!
b111010100 5
1O

#4940000
0!
0O

#4945000
1!
b111010101 5
1O

#4950000
0!
0O

#4955000
1!
b111010110 5
1O

#4960000
0!
0O

#4965000
1!
b111010111 5
1O

#4970000
0!
0O

#4975000
1!
b111011000 5
1O

#4980000
0!
0O

#4985000
1!
b111011001 5
1O

#4990000
0!
0O

#4995000
1!
b111011010 5
1O

#5000000
0!
0O

#5005000
1!
b111011011 5
1O

#5010000
0!
0O

#5015000
1!
b111011100 5
1O

#5020000
0!
0O

#5025000
1!
b111011101 5
1O

#5030000
0!
0O

#5035000
1!
b111011110 5
1O

#5040000
0!
0O

#5045000
1!
b111011111 5
1O

#5050000
0!
0O

#5055000
1!
b111100000 5
1O

#5060000
0!
0O

#5065000
1!
b111100001 5
1O

#5070000
0!
0O

#5075000
1!
b111100010 5
1O

#5080000
0!
0O

#5085000
1!
b111100011 5
1O

#5090000
0!
0O

#5095000
1!
b111100100 5
1O

#5100000
0!
0O

#5105000
1!
b111100101 5
1O

#5110000
0!
0O

#5115000
1!
b111100110 5
1O

#5120000
0!
0O

#5125000
1!
b111100111 5
1O

#5130000
0!
0O

#5135000
1!
b111101000 5
1O

#5140000
0!
0O

#5145000
1!
b111101001 5
1O

#5150000
0!
0O

#5155000
1!
b111101010 5
1O

#5160000
0!
0O

#5165000
1!
b111101011 5
1O

#5170000
0!
0O

#5175000
1!
b111101100 5
1O

#5180000
0!
0O

#5185000
1!
b111101101 5
1O

#5190000
0!
0O

#5195000
1!
b111101110 5
1O

#5200000
0!
0O

#5205000
1!
b111101111 5
1O

#5210000
0!
0O

#5215000
1!
b111110000 5
1O

#5220000
0!
0O

#5225000
1!
b111110001 5
1O

#5230000
0!
0O

#5235000
1!
b111110010 5
1O

#5240000
0!
0O

#5245000
1!
b111110011 5
1O

#5250000
0!
0O

#5255000
1!
b111110100 5
1O

#5260000
0!
0O

#5265000
1!
b111110101 5
1O

#5270000
0!
0O

#5275000
1!
b111110110 5
1O

#5280000
0!
0O

#5285000
1!
b111110111 5
1O

#5290000
0!
0O

#5295000
1!
b111111000 5
1O

#5300000
0!
0O

#5305000
1!
b111111001 5
1O

#5310000
0!
0O

#5315000
1!
b111111010 5
1O

#5320000
0!
0O

#5325000
1!
b111111011 5
1O

#5330000
0!
0O

#5335000
1!
b111111100 5
1O

#5340000
0!
0O

#5345000
1!
b111111101 5
1O

#5350000
0!
0O

#5355000
1!
b111111110 5
1O

#5360000
0!
0O

#5365000
1!
b111111111 5
1O

#5370000
0!
0O

#5375000
1!
b1000000000 5
1O

#5380000
0!
0O

#5385000
1!
b1000000001 5
1O

#5390000
0!
0O

#5395000
1!
b1000000010 5
1O

#5400000
0!
0O

#5405000
1!
b1000000011 5
1O

#5410000
0!
0O

#5415000
1!
b1000000100 5
1O

#5420000
0!
0O

#5425000
1!
b1000000101 5
1O

#5430000
0!
0O

#5435000
1!
b1000000110 5
1O

#5440000
0!
0O

#5445000
1!
b1000000111 5
1O

#5450000
0!
0O

#5455000
1!
b1000001000 5
1O

#5460000
0!
0O

#5465000
1!
b1000001001 5
1O

#5470000
0!
0O

#5475000
1!
b1000001010 5
1O

#5480000
0!
0O

#5485000
1!
b1000001011 5
1O

#5490000
0!
0O

#5495000
1!
b1000001100 5
1O

#5500000
0!
0O

#5505000
1!
b1000001101 5
1O

#5510000
0!
0O

#5515000
1!
b1000001110 5
1O

#5520000
0!
0O

#5525000
1!
b1000001111 5
1O

#5530000
0!
0O

#5535000
1!
b1000010000 5
1O

#5540000
0!
0O

#5545000
1!
b1000010001 5
1O

#5550000
0!
0O

#5555000
1!
b1000010010 5
1O

#5560000
0!
0O

#5565000
1!
b1000010011 5
1O

#5570000
0!
0O

#5575000
1!
b1000010100 5
1O

#5580000
0!
0O

#5585000
1!
b1000010101 5
1O

#5590000
0!
0O

#5595000
1!
b1000010110 5
1O

#5600000
0!
0O

#5605000
1!
b1000010111 5
1O

#5610000
0!
0O

#5615000
1!
b1000011000 5
1O

#5620000
0!
0O

#5625000
1!
b1000011001 5
1O

#5630000
0!
0O

#5635000
1!
b1000011010 5
1O

#5640000
0!
0O

#5645000
1!
b1000011011 5
1O

#5650000
0!
0O

#5655000
1!
b1000011100 5
1O

#5660000
0!
0O

#5665000
1!
b1000011101 5
1O

#5670000
0!
0O

#5675000
1!
b1000011110 5
1O

#5680000
0!
0O

#5685000
1!
b1000011111 5
1O

#5690000
0!
0O

#5695000
1!
b1000100000 5
1O

#5700000
0!
0O

#5705000
1!
b1000100001 5
1O

#5710000
0!
0O

#5715000
1!
b1000100010 5
1O

#5720000
0!
0O

#5725000
1!
b1000100011 5
1O

#5730000
0!
0O

#5735000
1!
b1000100100 5
1O

#5740000
0!
0O

#5745000
1!
b1000100101 5
1O

#5750000
0!
0O

#5755000
1!
b1000100110 5
1O

#5760000
0!
0O

#5765000
1!
b1000100111 5
1O

#5770000
0!
0O

#5775000
1!
b1000101000 5
1O

#5780000
0!
0O

#5785000
1!
b1000101001 5
1O

#5790000
0!
0O

#5795000
1!
b1000101010 5
1O

#5800000
0!
0O

#5805000
1!
b1000101011 5
1O

#5810000
0!
0O

#5815000
1!
b1000101100 5
1O

#5820000
0!
0O

#5825000
1!
b1000101101 5
1O

#5830000
0!
0O

#5835000
1!
b1000101110 5
1O

#5840000
0!
0O

#5845000
1!
b1000101111 5
1O

#5850000
0!
0O

#5855000
1!
b1000110000 5
1O

#5860000
0!
0O

#5865000
1!
b1000110001 5
1O

#5870000
0!
0O

#5875000
1!
b1000110010 5
1O

#5880000
0!
0O

#5885000
1!
b1000110011 5
1O

#5890000
0!
0O

#5895000
1!
b1000110100 5
1O

#5900000
0!
0O

#5905000
1!
b1000110101 5
1O

#5910000
0!
0O

#5915000
1!
b1000110110 5
1O

#5920000
0!
0O

#5925000
1!
b1000110111 5
1O

#5930000
0!
0O

#5935000
1!
b1000111000 5
1O

#5940000
0!
0O

#5945000
1!
b1000111001 5
1O

#5950000
0!
0O

#5955000
1!
b1000111010 5
1O

#5960000
0!
0O

#5965000
1!
b1000111011 5
1O

#5970000
0!
0O

#5975000
1!
b1000111100 5
1O

#5980000
0!
0O

#5985000
1!
b1000111101 5
1O

#5990000
0!
0O

#5995000
1!
b1000111110 5
1O

#6000000
0!
0O

#6005000
1!
b1000111111 5
1O

#6010000
0!
0O

#6015000
1!
b1001000000 5
1O

#6020000
0!
0O

#6025000
1!
b1001000001 5
1O

#6030000
0!
0O

#6035000
1!
b1001000010 5
1O

#6040000
0!
0O

#6045000
1!
b1001000011 5
1O

#6050000
0!
0O

#6055000
1!
b1001000100 5
1O

#6060000
0!
0O

#6065000
1!
b1001000101 5
1O

#6070000
0!
0O

#6075000
1!
b1001000110 5
1O

#6080000
0!
0O

#6085000
1!
b1001000111 5
1O

#6090000
0!
0O

#6095000
1!
b1001001000 5
1O

#6100000
0!
0O

#6105000
1!
b1001001001 5
1O

#6110000
0!
0O

#6115000
1!
b1001001010 5
1O

#6120000
0!
0O

#6125000
1!
b1001001011 5
1O

#6130000
0!
0O

#6135000
1!
b1001001100 5
1O

#6140000
0!
0O

#6145000
1!
b1001001101 5
1O

#6150000
0!
0O

#6155000
1!
b1001001110 5
1O

#6160000
0!
0O

#6165000
1!
b1001001111 5
1O

#6170000
0!
0O

#6175000
1!
b1001010000 5
1O

#6180000
0!
0O

#6185000
1!
b1001010001 5
1O

#6190000
0!
0O

#6195000
1!
b1001010010 5
1O

#6200000
0!
0O

#6205000
1!
b1001010011 5
1O

#6210000
0!
0O

#6215000
1!
b1001010100 5
1O

#6220000
0!
0O

#6225000
1!
b1001010101 5
1O

#6230000
0!
0O

#6235000
1!
b1001010110 5
1O

#6240000
0!
0O

#6245000
1!
b1001010111 5
1O

#6250000
0!
0O

#6255000
1!
b1001011000 5
1O

#6260000
0!
0O

#6265000
1!
b1001011001 5
1O

#6270000
0!
0O

#6275000
1!
b1001011010 5
1O

#6280000
0!
0O

#6285000
1!
b1001011011 5
1O

#6290000
0!
0O

#6295000
1!
b1001011100 5
1O

#6300000
0!
0O

#6305000
1!
b1001011101 5
1O

#6310000
0!
0O

#6315000
1!
b1001011110 5
1O

#6320000
0!
0O

#6325000
1!
b1001011111 5
1O

#6330000
0!
0O

#6335000
1!
b1001100000 5
1O

#6340000
0!
0O

#6345000
1!
b1001100001 5
1O

#6350000
0!
0O

#6355000
1!
b1001100010 5
1O

#6360000
0!
0O

#6365000
1!
b1001100011 5
1O

#6370000
0!
0O

#6375000
1!
b1001100100 5
1O

#6380000
0!
0O

#6385000
1!
b1001100101 5
1O

#6390000
0!
0O

#6395000
1!
b1001100110 5
1O

#6400000
0!
0O

#6405000
1!
b1001100111 5
1O

#6410000
0!
0O

#6415000
1!
b1001101000 5
1O

#6420000
0!
0O

#6425000
1!
b1001101001 5
1O

#6430000
0!
0O

#6435000
1!
b1001101010 5
1O

#6440000
0!
0O

#6445000
1!
b1001101011 5
1O

#6450000
0!
0O

#6455000
1!
b1001101100 5
1O

#6460000
0!
0O

#6465000
1!
b1001101101 5
1O

#6470000
0!
0O

#6475000
1!
b1001101110 5
1O

#6480000
0!
0O

#6485000
1!
b1001101111 5
1O

#6490000
0!
0O

#6495000
1!
b1001110000 5
1O

#6500000
0!
0O

#6505000
1!
b1001110001 5
1O

#6510000
0!
0O

#6515000
1!
b1001110010 5
1O

#6520000
0!
0O

#6525000
1!
b1001110011 5
1O

#6530000
0!
0O

#6535000
1!
b1001110100 5
1O

#6540000
0!
0O

#6545000
1!
b1001110101 5
1O

#6550000
0!
0O

#6555000
1!
b1001110110 5
1O

#6560000
0!
0O

#6565000
1!
b1001110111 5
1O

#6570000
0!
0O

#6575000
1!
b1001111000 5
1O

#6580000
0!
0O

#6585000
1!
b1001111001 5
1O

#6590000
0!
0O

#6595000
1!
b1001111010 5
1O

#6600000
0!
0O

#6605000
1!
b1001111011 5
1O

#6610000
0!
0O

#6615000
1!
b1001111100 5
1O

#6620000
0!
0O

#6625000
1!
b1001111101 5
1O

#6630000
0!
0O

#6635000
1!
b1001111110 5
1O

#6640000
0!
0O

#6645000
1!
b1001111111 5
1O

#6650000
0!
0O

#6655000
1!
b1010000000 5
1O

#6660000
0!
0O

#6665000
1!
b1010000001 5
1O

#6670000
0!
0O

#6675000
1!
b1010000010 5
1O

#6680000
0!
0O

#6685000
1!
b1010000011 5
1O

#6690000
0!
0O

#6695000
1!
b1010000100 5
1O

#6700000
0!
0O

#6705000
1!
b1010000101 5
1O

#6710000
0!
0O

#6715000
1!
b1010000110 5
1O

#6720000
0!
0O

#6725000
1!
b1010000111 5
1O

#6730000
0!
0O

#6735000
1!
b1010001000 5
1O

#6740000
0!
0O

#6745000
1!
b1010001001 5
1O

#6750000
0!
0O

#6755000
1!
b1010001010 5
1O

#6760000
0!
0O

#6765000
1!
b1010001011 5
1O

#6770000
0!
0O

#6775000
1!
b1010001100 5
1O

#6780000
0!
0O

#6785000
1!
b1010001101 5
1O

#6790000
0!
0O

#6795000
1!
b1010001110 5
1O

#6800000
0!
0O

#6805000
1!
b1010001111 5
1O

#6810000
0!
0O

#6815000
1!
b1010010000 5
1O

#6820000
0!
0O

#6825000
1!
b1010010001 5
1O

#6830000
0!
0O

#6835000
1!
b1010010010 5
1O

#6840000
0!
0O

#6845000
1!
b1010010011 5
1O

#6850000
0!
0O

#6855000
1!
b1010010100 5
1O

#6860000
0!
0O

#6865000
1!
b1010010101 5
1O

#6870000
0!
0O

#6875000
1!
b1010010110 5
1O

#6880000
0!
0O

#6885000
1!
b1010010111 5
1O

#6890000
0!
0O

#6895000
1!
b1010011000 5
1O

#6900000
0!
0O

#6905000
1!
b1010011001 5
1O

#6910000
0!
0O

#6915000
1!
b1010011010 5
1O

#6920000
0!
0O

#6925000
1!
b1010011011 5
1O

#6930000
0!
0O

#6935000
1!
b1010011100 5
1O

#6940000
0!
0O

#6945000
1!
b1010011101 5
1O

#6950000
0!
0O

#6955000
1!
b1010011110 5
1O

#6960000
0!
0O

#6965000
1!
b1010011111 5
1O

#6970000
0!
0O

#6975000
1!
b1010100000 5
1O

#6980000
0!
0O

#6985000
1!
b1010100001 5
1O

#6990000
0!
0O

#6995000
1!
b1010100010 5
1O

#7000000
0!
0O

#7005000
1!
b1010100011 5
1O

#7010000
0!
0O

#7015000
1!
b1010100100 5
1O

#7020000
0!
0O

#7025000
1!
b1010100101 5
1O

#7030000
0!
0O

#7035000
1!
b1010100110 5
1O

#7040000
0!
0O

#7045000
1!
b1010100111 5
1O

#7050000
0!
0O

#7055000
1!
b1010101000 5
1O

#7060000
0!
0O

#7065000
1!
b1010101001 5
1O

#7070000
0!
0O

#7075000
1!
b1010101010 5
1O

#7080000
0!
0O

#7085000
1!
b1010101011 5
1O

#7090000
0!
0O

#7095000
1!
b1010101100 5
1O

#7100000
0!
0O

#7105000
1!
b1010101101 5
1O

#7110000
0!
0O

#7115000
1!
b1010101110 5
1O

#7120000
0!
0O

#7125000
1!
b1010101111 5
1O

#7130000
0!
0O

#7135000
1!
b1010110000 5
1O

#7140000
0!
0O

#7145000
1!
b1010110001 5
1O

#7150000
0!
0O

#7155000
1!
b1010110010 5
1O

#7160000
0!
0O

#7165000
1!
b1010110011 5
1O

#7170000
0!
0O

#7175000
1!
b1010110100 5
1O

#7180000
0!
0O

#7185000
1!
b1010110101 5
1O

#7190000
0!
0O

#7195000
1!
b1010110110 5
1O

#7200000
0!
0O

#7205000
1!
b1010110111 5
1O

#7210000
0!
0O

#7215000
1!
b1010111000 5
1O

#7220000
0!
0O

#7225000
1!
b1010111001 5
1O

#7230000
0!
0O

#7235000
1!
b1010111010 5
1O

#7240000
0!
0O

#7245000
1!
b1010111011 5
1O

#7250000
0!
0O

#7255000
1!
b1010111100 5
1O

#7260000
0!
0O

#7265000
1!
b1010111101 5
1O

#7270000
0!
0O

#7275000
1!
b1010111110 5
1O

#7280000
0!
0O

#7285000
1!
b1010111111 5
1O

#7290000
0!
0O

#7295000
1!
b1011000000 5
1O

#7300000
0!
0O

#7305000
1!
b1011000001 5
1O

#7310000
0!
0O

#7315000
1!
b1011000010 5
1O

#7320000
0!
0O

#7325000
1!
b1011000011 5
1O

#7330000
0!
0O

#7335000
1!
b1011000100 5
1O

#7340000
0!
0O

#7345000
1!
b1011000101 5
1O

#7350000
0!
0O

#7355000
1!
b1011000110 5
1O

#7360000
0!
0O

#7365000
1!
b1011000111 5
1O

#7370000
0!
0O

#7375000
1!
b1011001000 5
1O

#7380000
0!
0O

#7385000
1!
b1011001001 5
1O

#7390000
0!
0O

#7395000
1!
b1011001010 5
1O

#7400000
0!
0O

#7405000
1!
b1011001011 5
1O

#7410000
0!
0O

#7415000
1!
b1011001100 5
1O

#7420000
0!
0O

#7425000
1!
b1011001101 5
1O

#7430000
0!
0O

#7435000
1!
b1011001110 5
1O

#7440000
0!
0O

#7445000
1!
b1011001111 5
1O

#7450000
0!
0O

#7455000
1!
b1011010000 5
1O

#7460000
0!
0O

#7465000
1!
b1011010001 5
1O

#7470000
0!
0O

#7475000
1!
b1011010010 5
1O

#7480000
0!
0O

#7485000
1!
b1011010011 5
1O

#7490000
0!
0O

#7495000
1!
b1011010100 5
1O

#7500000
0!
0O

#7505000
1!
b1011010101 5
1O

#7510000
0!
0O

#7515000
1!
b1011010110 5
1O

#7520000
0!
0O

#7525000
1!
b1011010111 5
1O

#7530000
0!
0O

#7535000
1!
b1011011000 5
1O

#7540000
0!
0O

#7545000
1!
b1011011001 5
1O

#7550000
0!
0O

#7555000
1!
b1011011010 5
1O

#7560000
0!
0O

#7565000
1!
b1011011011 5
1O

#7570000
0!
0O

#7575000
1!
b1011011100 5
1O

#7580000
0!
0O

#7585000
1!
b1011011101 5
1O

#7590000
0!
0O

#7595000
1!
b1011011110 5
1O

#7600000
0!
0O

#7605000
1!
b1011011111 5
1O

#7610000
0!
0O

#7615000
1!
b1011100000 5
1O

#7620000
0!
0O

#7625000
1!
b1011100001 5
1O

#7630000
0!
0O

#7635000
1!
b1011100010 5
1O

#7640000
0!
0O

#7645000
1!
b1011100011 5
1O

#7650000
0!
0O

#7655000
1!
b1011100100 5
1O

#7660000
0!
0O

#7665000
1!
b1011100101 5
1O

#7670000
0!
0O

#7675000
1!
b1011100110 5
1O

#7680000
0!
0O

#7685000
1!
b1011100111 5
1O

#7690000
0!
0O

#7695000
1!
b1011101000 5
1O

#7700000
0!
0O

#7705000
1!
b1011101001 5
1O

#7710000
0!
0O

#7715000
1!
b1011101010 5
1O

#7720000
0!
0O

#7725000
1!
b1011101011 5
1O

#7730000
0!
0O

#7735000
1!
b1011101100 5
1O

#7740000
0!
0O

#7745000
1!
b1011101101 5
1O

#7750000
0!
0O

#7755000
1!
b1011101110 5
1O

#7760000
0!
0O

#7765000
1!
b1011101111 5
1O

#7770000
0!
0O

#7775000
1!
b1011110000 5
1O

#7780000
0!
0O

#7785000
1!
b1011110001 5
1O

#7790000
0!
0O

#7795000
1!
b1011110010 5
1O

#7800000
0!
0O

#7805000
1!
b1011110011 5
1O

#7810000
0!
0O

#7815000
1!
b1011110100 5
1O

#7820000
0!
0O

#7825000
1!
b1011110101 5
1O

#7830000
0!
0O

#7835000
1!
b1011110110 5
1O

#7840000
0!
0O

#7845000
1!
b1011110111 5
1O

#7850000
0!
0O

#7855000
1!
b1011111000 5
1O

#7860000
0!
0O

#7865000
1!
b1011111001 5
1O

#7870000
0!
0O

#7875000
1!
b1011111010 5
1O

#7880000
0!
0O

#7885000
1!
b1011111011 5
1O

#7890000
0!
0O

#7895000
1!
b1011111100 5
1O

#7900000
0!
0O

#7905000
1!
b1011111101 5
1O

#7910000
0!
0O

#7915000
1!
b1011111110 5
1O

#7920000
0!
0O

#7925000
1!
b1011111111 5
1O

#7930000
0!
0O

#7935000
1!
b1100000000 5
1O

#7940000
0!
0O

#7945000
1!
b1100000001 5
1O

#7950000
0!
0O

#7955000
1!
b1100000010 5
1O

#7960000
0!
0O

#7965000
1!
b1100000011 5
1O

#7970000
0!
0O

#7975000
1!
b1100000100 5
1O

#7980000
0!
0O

#7985000
1!
b1100000101 5
1O

#7990000
0!
0O

#7995000
1!
b1100000110 5
1O

#8000000
0!
0O

#8005000
1!
b1100000111 5
1O

#8010000
0!
0O

#8015000
1!
b1100001000 5
1O

#8020000
0!
0O

#8025000
1!
b1100001001 5
1O

#8030000
0!
0O

#8035000
1!
b1100001010 5
1O

#8040000
0!
0O

#8045000
1!
b1100001011 5
1O

#8050000
0!
0O

#8055000
1!
b1100001100 5
1O

#8060000
0!
0O

#8065000
1!
b1100001101 5
1O

#8070000
0!
0O

#8075000
1!
b1100001110 5
1O

#8080000
0!
0O

#8085000
1!
b1100001111 5
1O

#8090000
0!
0O

#8095000
1!
b1100010000 5
1O

#8100000
0!
0O

#8105000
1!
b1100010001 5
1O

#8110000
0!
0O

#8115000
1!
b1100010010 5
1O

#8120000
0!
0O

#8125000
1!
b1100010011 5
1O

#8130000
0!
0O

#8135000
1!
b1100010100 5
1O

#8140000
0!
0O

#8145000
1!
b1100010101 5
1O

#8150000
0!
0O

#8155000
1!
b1100010110 5
1O

#8160000
0!
0O

#8165000
1!
b1100010111 5
1O

#8170000
0!
0O

#8175000
1!
b1100011000 5
1O

#8180000
0!
0O

#8185000
1!
b1100011001 5
1O

#8190000
0!
0O

#8195000
1!
b1100011010 5
1O

#8200000
0!
0O

#8205000
1!
b1100011011 5
1O

#8210000
0!
0O

#8215000
1!
b1100011100 5
1O

#8220000
0!
0O

#8225000
1!
b1100011101 5
1O

#8230000
0!
0O

#8235000
1!
b1100011110 5
1O

#8240000
0!
0O

#8245000
1!
b1100011111 5
1O

#8250000
0!
0O

#8255000
1!
b1100100000 5
1O

#8260000
0!
0O

#8265000
1!
b1100100001 5
1O

#8270000
0!
0O

#8275000
1!
b1100100010 5
1O

#8280000
0!
0O

#8285000
1!
b1100100011 5
1O

#8290000
0!
0O

#8295000
1!
b1100100100 5
1O

#8300000
0!
0O

#8305000
1!
b1100100101 5
1O

#8310000
0!
0O

#8315000
1!
b1100100110 5
1O

#8320000
0!
0O

#8325000
1!
b1100100111 5
1O

#8330000
0!
0O

#8335000
1!
b1100101000 5
1O

#8340000
0!
0O

#8345000
1!
b1100101001 5
1O

#8350000
0!
0O

#8355000
1!
b1100101010 5
1O

#8360000
0!
0O

#8365000
1!
b1100101011 5
1O

#8370000
0!
0O

#8375000
1!
b1100101100 5
1O

#8380000
0!
0O

#8385000
1!
b1100101101 5
1O

#8390000
0!
0O

#8395000
1!
b1100101110 5
1O

#8400000
0!
0O

#8405000
1!
b1100101111 5
1O

#8410000
0!
0O

#8415000
1!
b1100110000 5
1O

#8420000
0!
0O

#8425000
1!
b1100110001 5
1O

#8430000
0!
0O

#8435000
1!
b1100110010 5
1O

#8440000
0!
0O

#8445000
1!
b1100110011 5
1O

#8450000
0!
0O

#8455000
1!
b1100110100 5
1O

#8460000
0!
0O

#8465000
1!
b1100110101 5
1O

#8470000
0!
0O

#8475000
1!
b1100110110 5
1O

#8480000
0!
0O

#8485000
1!
b1100110111 5
1O

#8490000
0!
0O

#8495000
1!
b1100111000 5
1O

#8500000
0!
0O

#8505000
1!
b1100111001 5
1O

#8510000
0!
0O

#8515000
1!
b1100111010 5
1O

#8520000
0!
0O

#8525000
1!
b1100111011 5
1O

#8530000
0!
0O

#8535000
1!
b1100111100 5
1O

#8540000
0!
0O

#8545000
1!
b1100111101 5
1O

#8550000
0!
0O

#8555000
1!
b1100111110 5
1O

#8560000
0!
0O

#8565000
1!
b1100111111 5
1O

#8570000
0!
0O

#8575000
1!
b1101000000 5
1O

#8580000
0!
0O

#8585000
1!
b1101000001 5
1O

#8590000
0!
0O

#8595000
1!
b1101000010 5
1O

#8600000
0!
0O

#8605000
1!
b1101000011 5
1O

#8610000
0!
0O

#8615000
1!
b1101000100 5
1O

#8620000
0!
0O

#8625000
1!
b1101000101 5
1O

#8630000
0!
0O

#8635000
1!
b1101000110 5
1O

#8640000
0!
0O

#8645000
1!
b1101000111 5
1O

#8650000
0!
0O

#8655000
1!
b1101001000 5
1O

#8660000
0!
0O

#8665000
1!
b1101001001 5
1O

#8670000
0!
0O

#8675000
1!
b1101001010 5
1O

#8680000
0!
0O

#8685000
1!
b1101001011 5
1O

#8690000
0!
0O

#8695000
1!
b1101001100 5
1O

#8700000
0!
0O

#8705000
1!
b1101001101 5
1O

#8710000
0!
0O

#8715000
1!
b1101001110 5
1O

#8720000
0!
0O

#8725000
1!
b1101001111 5
1O

#8730000
0!
0O

#8735000
1!
b1101010000 5
1O

#8740000
0!
0O

#8745000
1!
b1101010001 5
1O

#8750000
0!
0O

#8755000
1!
b1101010010 5
1O

#8760000
0!
0O

#8765000
1!
b1101010011 5
1O

#8770000
0!
0O

#8775000
1!
b1101010100 5
1O

#8780000
0!
0O

#8785000
1!
b1101010101 5
1O

#8790000
0!
0O

#8795000
1!
b1101010110 5
1O

#8800000
0!
0O

#8805000
1!
b1101010111 5
1O

#8810000
0!
0O

#8815000
1!
b1101011000 5
1O

#8820000
0!
0O

#8825000
1!
b1101011001 5
1O

#8830000
0!
0O

#8835000
1!
b1101011010 5
1O

#8840000
0!
0O

#8845000
1!
b1101011011 5
1O

#8850000
0!
0O

#8855000
1!
b1101011100 5
1O

#8860000
0!
0O

#8865000
1!
b1101011101 5
1O

#8870000
0!
0O

#8875000
1!
b1101011110 5
1O

#8880000
0!
0O

#8885000
1!
b1101011111 5
1O

#8890000
0!
0O

#8895000
1!
b1101100000 5
1O

#8900000
0!
0O

#8905000
1!
b1101100001 5
1O

#8910000
0!
0O

#8915000
1!
b1101100010 5
1O

#8920000
0!
0O

#8925000
1!
b1101100011 5
1O

#8930000
0!
0O

#8935000
1!
b1101100100 5
1O

#8940000
0!
0O

#8945000
1!
b1101100101 5
1O

#8950000
0!
0O

#8955000
1!
b1101100110 5
1O

#8960000
0!
0O

#8965000
1!
b1101100111 5
1O

#8970000
0!
0O

#8975000
1!
b1101101000 5
1O

#8980000
0!
0O

#8985000
1!
b1101101001 5
1O

#8990000
0!
0O

#8995000
1!
b1101101010 5
1O

#9000000
0!
0O

#9005000
1!
b1101101011 5
1O

#9010000
0!
0O

#9015000
1!
b1101101100 5
1O

#9020000
0!
0O

#9025000
1!
b1101101101 5
1O

#9030000
0!
0O

#9035000
1!
b1101101110 5
1O

#9040000
0!
0O

#9045000
1!
b1101101111 5
1O

#9050000
0!
0O

#9055000
1!
b1101110000 5
1O

#9060000
0!
0O

#9065000
1!
b1101110001 5
1O

#9070000
0!
0O

#9075000
1!
b1101110010 5
1O

#9080000
0!
0O

#9085000
1!
b1101110011 5
1O

#9090000
0!
0O

#9095000
1!
b1101110100 5
1O

#9100000
0!
0O

#9105000
1!
b1101110101 5
1O

#9110000
0!
0O

#9115000
1!
b1101110110 5
1O

#9120000
0!
0O

#9125000
1!
b1101110111 5
1O

#9130000
0!
0O

#9135000
1!
b1101111000 5
1O

#9140000
0!
0O

#9145000
1!
b1101111001 5
1O

#9150000
0!
0O

#9155000
1!
b1101111010 5
1O

#9160000
0!
0O

#9165000
1!
b1101111011 5
1O

#9170000
0!
0O

#9175000
1!
b1101111100 5
1O

#9180000
0!
0O

#9185000
1!
b1101111101 5
1O

#9190000
0!
0O

#9195000
1!
b1101111110 5
1O

#9200000
0!
0O

#9205000
1!
b1101111111 5
1O

#9210000
0!
0O

#9215000
1!
b1110000000 5
1O

#9220000
0!
0O

#9225000
1!
b1110000001 5
1O

#9230000
0!
0O

#9235000
1!
b1110000010 5
1O

#9240000
0!
0O

#9245000
1!
b1110000011 5
1O

#9250000
0!
0O

#9255000
1!
b1110000100 5
1O

#9260000
0!
0O

#9265000
1!
b1110000101 5
1O

#9270000
0!
0O

#9275000
1!
b1110000110 5
1O

#9280000
0!
0O

#9285000
1!
b1110000111 5
1O

#9290000
0!
0O

#9295000
1!
b1110001000 5
1O

#9300000
0!
0O

#9305000
1!
b1110001001 5
1O

#9310000
0!
0O

#9315000
1!
b1110001010 5
1O

#9320000
0!
0O

#9325000
1!
b1110001011 5
1O

#9330000
0!
0O

#9335000
1!
b1110001100 5
1O

#9340000
0!
0O

#9345000
1!
b1110001101 5
1O

#9350000
0!
0O

#9355000
1!
b1110001110 5
1O

#9360000
0!
0O

#9365000
1!
b1110001111 5
1O

#9370000
0!
0O

#9375000
1!
b1110010000 5
1O

#9380000
0!
0O

#9385000
1!
b1110010001 5
1O

#9390000
0!
0O

#9395000
1!
b1110010010 5
1O

#9400000
0!
0O

#9405000
1!
b1110010011 5
1O

#9410000
0!
0O

#9415000
1!
b1110010100 5
1O

#9420000
0!
0O

#9425000
1!
b1110010101 5
1O

#9430000
0!
0O

#9435000
1!
b1110010110 5
1O

#9440000
0!
0O

#9445000
1!
b1110010111 5
1O

#9450000
0!
0O

#9455000
1!
b1110011000 5
1O

#9460000
0!
0O

#9465000
1!
b1110011001 5
1O

#9470000
0!
0O

#9475000
1!
b1110011010 5
1O

#9480000
0!
0O

#9485000
1!
b1110011011 5
1O

#9490000
0!
0O

#9495000
1!
b1110011100 5
1O

#9500000
0!
0O

#9505000
1!
b1110011101 5
1O

#9510000
0!
0O

#9515000
1!
b1110011110 5
1O

#9520000
0!
0O

#9525000
1!
b1110011111 5
1O

#9530000
0!
0O

#9535000
1!
b1110100000 5
1O

#9540000
0!
0O

#9545000
1!
b1110100001 5
1O

#9550000
0!
0O

#9555000
1!
b1110100010 5
1O

#9560000
0!
0O

#9565000
1!
b1110100011 5
1O

#9570000
0!
0O

#9575000
1!
b1110100100 5
1O

#9580000
0!
0O

#9585000
1!
b1110100101 5
1O

#9590000
0!
0O

#9595000
1!
b1110100110 5
1O

#9600000
0!
0O

#9605000
1!
b1110100111 5
1O

#9610000
0!
0O

#9615000
1!
b1110101000 5
1O

#9620000
0!
0O

#9625000
1!
b1110101001 5
1O

#9630000
0!
0O

#9635000
1!
b1110101010 5
1O

#9640000
0!
0O

#9645000
1!
b1110101011 5
1O

#9650000
0!
0O

#9655000
1!
b1110101100 5
1O

#9660000
0!
0O

#9665000
1!
b1110101101 5
1O

#9670000
0!
0O

#9675000
1!
b1110101110 5
1O

#9680000
0!
0O

#9685000
1!
b1110101111 5
1O

#9690000
0!
0O

#9695000
1!
b1110110000 5
1O

#9700000
0!
0O

#9705000
1!
b1110110001 5
1O

#9710000
0!
0O

#9715000
1!
b1110110010 5
1O

#9720000
0!
0O

#9725000
1!
b1110110011 5
1O

#9730000
0!
0O

#9735000
1!
b1110110100 5
1O

#9740000
0!
0O

#9745000
1!
b1110110101 5
1O

#9750000
0!
0O

#9755000
1!
b1110110110 5
1O

#9760000
0!
0O

#9765000
1!
b1110110111 5
1O

#9770000
0!
0O

#9775000
1!
b1110111000 5
1O

#9780000
0!
0O

#9785000
1!
b1110111001 5
1O

#9790000
0!
0O

#9795000
1!
b1110111010 5
1O

#9800000
0!
0O

#9805000
1!
b1110111011 5
1O

#9810000
0!
0O

#9815000
1!
b1110111100 5
1O

#9820000
0!
0O

#9825000
1!
b1110111101 5
1O

#9830000
0!
0O

#9835000
1!
b1110111110 5
1O

#9840000
0!
0O

#9845000
1!
b1110111111 5
1O

#9850000
0!
0O

#9855000
1!
b1111000000 5
1O

#9860000
0!
0O

#9865000
1!
b1111000001 5
1O

#9870000
0!
0O

#9875000
1!
b1111000010 5
1O

#9880000
0!
0O

#9885000
1!
b1111000011 5
1O

#9890000
0!
0O

#9895000
1!
b1111000100 5
1O

#9900000
0!
0O

#9905000
1!
b1111000101 5
1O

#9910000
0!
0O

#9915000
1!
b1111000110 5
1O

#9920000
0!
0O

#9925000
1!
b1111000111 5
1O

#9930000
0!
0O

#9935000
1!
b1111001000 5
1O

#9940000
0!
0O

#9945000
1!
b1111001001 5
1O

#9950000
0!
0O

#9955000
1!
b1111001010 5
1O

#9960000
0!
0O

#9965000
1!
b1111001011 5
1O

#9970000
0!
0O

#9975000
1!
b1111001100 5
1O

#9980000
0!
0O

#9985000
1!
b1111001101 5
1O

#9990000
0!
0O

#9995000
1!
b1111001110 5
1O

#10000000
0!
0O

#10005000
1!
b1111001111 5
1O

#10010000
0!
0O

#10015000
1!
b1111010000 5
1O

#10020000
0!
0O

#10025000
1!
b1111010001 5
1O

#10030000
0!
0O

#10035000
1!
b1111010010 5
1O

#10040000
0!
0O

#10045000
1!
b1111010011 5
1O

#10050000
0!
0O

#10055000
1!
b1111010100 5
1O

#10060000
0!
0O

#10065000
1!
b1111010101 5
1O

#10070000
0!
0O

#10075000
1!
b1111010110 5
1O

#10080000
0!
0O

#10085000
1!
b1111010111 5
1O

#10090000
0!
0O

#10095000
1!
b1111011000 5
1O

#10100000
0!
0O

#10105000
1!
b1111011001 5
1O

#10110000
0!
0O

#10115000
1!
b1111011010 5
1O

#10120000
0!
0O

#10125000
1!
b1111011011 5
1O

#10130000
0!
0O

#10135000
1!
b1111011100 5
1O

#10140000
0!
0O

#10145000
1!
b1111011101 5
1O

#10150000
0!
0O

#10155000
1!
b1111011110 5
1O

#10160000
0!
0O

#10165000
1!
b1111011111 5
1O

#10170000
0!
0O

#10175000
1!
b1111100000 5
1O

#10180000
0!
0O

#10185000
1!
b1111100001 5
1O

#10190000
0!
0O

#10195000
1!
b1111100010 5
1O

#10200000
0!
0O

#10205000
1!
b1111100011 5
1O

#10210000
0!
0O

#10215000
1!
b1111100100 5
1O

#10220000
0!
0O

#10225000
1!
b1111100101 5
1O

#10230000
0!
0O

#10235000
1!
b1111100110 5
1O

#10240000
0!
0O

#10245000
1!
b1111100111 5
1O

#10250000
0!
0O

#10255000
1!
b1111101000 5
1O

#10260000
0!
0O

#10265000
1!
b1111101001 5
1O

#10270000
0!
0O

#10275000
1!
b1111101010 5
1O

#10280000
0!
0O

#10285000
1!
b1111101011 5
1O

#10290000
0!
0O

#10295000
1!
b1111101100 5
1O

#10300000
0!
0O

#10305000
1!
b1111101101 5
1O

#10310000
0!
0O

#10315000
1!
b1111101110 5
1O

#10320000
0!
0O

#10325000
1!
b1111101111 5
1O

#10330000
0!
0O

#10335000
1!
b1111110000 5
1O

#10340000
0!
0O

#10345000
1!
b1111110001 5
1O

#10350000
0!
0O

#10355000
1!
b1111110010 5
1O

#10360000
0!
0O

#10365000
1!
b1111110011 5
1O

#10370000
0!
0O

#10375000
1!
b1111110100 5
1O

#10380000
0!
0O

#10385000
1!
b1111110101 5
1O

#10390000
0!
0O

#10395000
1!
b1111110110 5
1O

#10400000
0!
0O

#10405000
1!
b1111110111 5
1O

#10410000
0!
0O

#10415000
1!
b1111111000 5
1O

#10420000
0!
0O

#10425000
1!
b1111111001 5
1O

#10430000
0!
0O

#10435000
1!
b1111111010 5
1O

#10440000
0!
0O

#10445000
1!
b1111111011 5
1O

#10450000
0!
0O

#10455000
1!
b1111111100 5
1O

#10460000
0!
0O

#10465000
1!
b1111111101 5
1O

#10470000
0!
0O

#10475000
1!
b1111111110 5
1O

#10480000
0!
0O

#10485000
1!
b1111111111 5
1O

#10490000
0!
0O

#10495000
1!
b10000000000 5
1O

#10500000
0!
0O

#10505000
1!
b10000000001 5
1O

#10510000
0!
0O

#10515000
1!
b10000000010 5
1O

#10520000
0!
0O

#10525000
1!
b10000000011 5
1O

#10530000
0!
0O

#10535000
1!
b10000000100 5
1O

#10540000
0!
0O

#10545000
1!
b10000000101 5
1O

#10550000
0!
0O

#10555000
1!
b10000000110 5
1O

#10560000
0!
0O

#10565000
1!
b10000000111 5
1O

#10570000
0!
0O

#10575000
1!
b10000001000 5
1O

#10580000
0!
0O

#10585000
1!
b10000001001 5
1O

#10590000
0!
0O

#10595000
1!
b10000001010 5
1O

#10600000
0!
0O

#10605000
1!
b10000001011 5
1O

#10610000
0!
0O

#10615000
1!
b10000001100 5
1O

#10620000
0!
0O

#10625000
1!
b10000001101 5
1O

#10630000
0!
0O

#10635000
1!
b10000001110 5
1O

#10640000
0!
0O

#10645000
1!
b10000001111 5
1O

#10650000
0!
0O

#10655000
1!
b10000010000 5
1O

#10660000
0!
0O

#10665000
1!
b10000010001 5
1O

#10670000
0!
0O

#10675000
1!
b10000010010 5
1O

#10680000
0!
0O

#10685000
1!
b10000010011 5
1O

#10690000
0!
0O

#10695000
1!
b10000010100 5
1O

#10700000
0!
0O

#10705000
1!
b10000010101 5
1O

#10710000
0!
0O

#10715000
1!
b10000010110 5
1O

#10720000
0!
0O

#10725000
1!
b10000010111 5
1O

#10730000
0!
0O

#10735000
1!
b10000011000 5
1O

#10740000
0!
0O

#10745000
1!
b10000011001 5
1O

#10750000
0!
0O

#10755000
1!
b10000011010 5
1O

#10760000
0!
0O

#10765000
1!
b10000011011 5
1O

#10770000
0!
0O

#10775000
1!
b10000011100 5
1O

#10780000
0!
0O

#10785000
1!
b10000011101 5
1O

#10790000
0!
0O

#10795000
1!
b10000011110 5
1O

#10800000
0!
0O

#10805000
1!
b10000011111 5
1O

#10810000
0!
0O

#10815000
1!
b10000100000 5
1O

#10820000
0!
0O

#10825000
1!
b10000100001 5
1O

#10830000
0!
0O

#10835000
1!
b10000100010 5
1O

#10840000
0!
0O

#10845000
1!
b10000100011 5
1O

#10850000
0!
0O

#10855000
1!
b10000100100 5
1O

#10860000
0!
0O

#10865000
1!
b10000100101 5
1O

#10870000
0!
0O

#10875000
1!
b10000100110 5
1O

#10880000
0!
0O

#10885000
1!
b10000100111 5
1O

#10890000
0!
0O

#10895000
1!
b10000101000 5
1O

#10900000
0!
0O

#10905000
1!
b10000101001 5
1O

#10910000
0!
0O

#10915000
1!
b10000101010 5
1O

#10920000
0!
0O

#10925000
1!
b10000101011 5
1O

#10930000
0!
0O

#10935000
1!
b10000101100 5
1O

#10940000
0!
0O

#10945000
1!
b10000101101 5
1O

#10950000
0!
0O

#10955000
1!
b10000101110 5
1O

#10960000
0!
0O

#10965000
1!
b10000101111 5
1O

#10970000
0!
0O

#10975000
1!
b10000110000 5
1O

#10980000
0!
0O

#10985000
1!
b10000110001 5
1O

#10990000
0!
0O

#10995000
1!
b10000110010 5
1O

#11000000
0!
0O

#11005000
1!
b10000110011 5
1O

#11010000
0!
0O

#11015000
1!
b10000110100 5
1O

#11020000
0!
0O

#11025000
1!
b10000110101 5
1O

#11030000
0!
0O

#11035000
1!
b10000110110 5
1O

#11040000
0!
0O

#11045000
1!
b10000110111 5
1O

#11050000
0!
0O

#11055000
1!
b10000111000 5
1O

#11060000
0!
0O

#11065000
1!
b10000111001 5
1O

#11070000
0!
0O

#11075000
1!
b10000111010 5
1O

#11080000
0!
0O

#11085000
1!
b10000111011 5
1O

#11090000
0!
0O

#11095000
1!
b10000111100 5
1O

#11100000
0!
0O

#11105000
1!
b10000111101 5
1O

#11110000
0!
0O

#11115000
1!
b10000111110 5
1O

#11120000
0!
0O

#11125000
1!
b10000111111 5
1O

#11130000
0!
0O

#11135000
1!
b10001000000 5
1O

#11140000
0!
0O

#11145000
1!
b10001000001 5
1O

#11150000
0!
0O

#11155000
1!
b10001000010 5
1O

#11160000
0!
0O

#11165000
1!
b10001000011 5
1O

#11170000
0!
0O

#11175000
1!
b10001000100 5
1O

#11180000
0!
0O

#11185000
1!
b10001000101 5
1O

#11190000
0!
0O

#11195000
1!
b10001000110 5
1O

#11200000
0!
0O

#11205000
1!
b10001000111 5
1O

#11210000
0!
0O

#11215000
1!
b10001001000 5
1O

#11220000
0!
0O

#11225000
1!
b10001001001 5
1O

#11230000
0!
0O

#11235000
1!
b10001001010 5
1O

#11240000
0!
0O

#11245000
1!
b10001001011 5
1O

#11250000
0!
0O

#11255000
1!
b10001001100 5
1O

#11260000
0!
0O

#11265000
1!
b10001001101 5
1O

#11270000
0!
0O

#11275000
1!
b10001001110 5
1O

#11280000
0!
0O

#11285000
1!
b10001001111 5
1O

#11290000
0!
0O

#11295000
1!
b10001010000 5
1O

#11300000
0!
0O

#11305000
1!
b10001010001 5
1O

#11310000
0!
0O

#11315000
1!
b10001010010 5
1O

#11320000
0!
0O

#11325000
1!
b10001010011 5
1O

#11330000
0!
0O

#11335000
1!
b10001010100 5
1O

#11340000
0!
0O

#11345000
1!
b10001010101 5
1O

#11350000
0!
0O

#11355000
1!
b10001010110 5
1O

#11360000
0!
0O

#11365000
1!
b10001010111 5
1O

#11370000
0!
0O

#11375000
1!
b10001011000 5
1O

#11380000
0!
0O

#11385000
1!
b10001011001 5
1O

#11390000
0!
0O

#11395000
1!
b10001011010 5
1O

#11400000
0!
0O

#11405000
1!
b10001011011 5
1O

#11410000
0!
0O

#11415000
1!
b10001011100 5
1O

#11420000
0!
0O

#11425000
1!
b10001011101 5
1O

#11430000
0!
0O

#11435000
1!
b10001011110 5
1O

#11440000
0!
0O

#11445000
1!
b10001011111 5
1O

#11450000
0!
0O

#11455000
1!
b10001100000 5
1O

#11460000
0!
0O

#11465000
1!
b10001100001 5
1O

#11470000
0!
0O

#11475000
1!
b10001100010 5
1O

#11480000
0!
0O

#11485000
1!
b10001100011 5
1O

#11490000
0!
0O

#11495000
1!
b10001100100 5
1O

#11500000
0!
0O

#11505000
1!
b10001100101 5
1O

#11510000
0!
0O

#11515000
1!
b10001100110 5
1O

#11520000
0!
0O

#11525000
1!
b10001100111 5
1O

#11530000
0!
0O

#11535000
1!
b10001101000 5
1O

#11540000
0!
0O

#11545000
1!
b10001101001 5
1O

#11550000
0!
0O

#11555000
1!
b10001101010 5
1O

#11560000
0!
0O

#11565000
1!
b10001101011 5
1O

#11570000
0!
0O

#11575000
1!
b10001101100 5
1O

#11580000
0!
0O

#11585000
1!
b10001101101 5
1O

#11590000
0!
0O

#11595000
1!
b10001101110 5
1O

#11600000
0!
0O

#11605000
1!
b10001101111 5
1O

#11610000
0!
0O

#11615000
1!
b10001110000 5
1O

#11620000
0!
0O

#11625000
1!
b10001110001 5
1O

#11630000
0!
0O

#11635000
1!
b10001110010 5
1O

#11640000
0!
0O

#11645000
1!
b10001110011 5
1O

#11650000
0!
0O

#11655000
1!
b10001110100 5
1O

#11660000
0!
0O

#11665000
1!
b10001110101 5
1O

#11670000
0!
0O

#11675000
1!
b10001110110 5
1O

#11680000
0!
0O

#11685000
1!
b10001110111 5
1O

#11690000
0!
0O

#11695000
1!
b10001111000 5
1O

#11700000
0!
0O

#11705000
1!
b10001111001 5
1O

#11710000
0!
0O

#11715000
1!
b10001111010 5
1O

#11720000
0!
0O

#11725000
1!
b10001111011 5
1O

#11730000
0!
0O

#11735000
1!
b10001111100 5
1O

#11740000
0!
0O

#11745000
1!
b10001111101 5
1O

#11750000
0!
0O

#11755000
1!
b10001111110 5
1O

#11760000
0!
0O

#11765000
1!
b10001111111 5
1O

#11770000
0!
0O

#11775000
1!
b10010000000 5
1O

#11780000
0!
0O

#11785000
1!
b10010000001 5
1O

#11790000
0!
0O

#11795000
1!
b10010000010 5
1O

#11800000
0!
0O

#11805000
1!
b10010000011 5
1O

#11810000
0!
0O

#11815000
1!
b10010000100 5
1O

#11820000
0!
0O

#11825000
1!
b10010000101 5
1O

#11830000
0!
0O

#11835000
1!
b10010000110 5
1O

#11840000
0!
0O

#11845000
1!
b10010000111 5
1O

#11850000
0!
0O

#11855000
1!
b10010001000 5
1O

#11860000
0!
0O

#11865000
1!
b10010001001 5
1O

#11870000
0!
0O

#11875000
1!
b10010001010 5
1O

#11880000
0!
0O

#11885000
1!
b10010001011 5
1O

#11890000
0!
0O

#11895000
1!
b10010001100 5
1O

#11900000
0!
0O

#11905000
1!
b10010001101 5
1O

#11910000
0!
0O

#11915000
1!
b10010001110 5
1O

#11920000
0!
0O

#11925000
1!
b10010001111 5
1O

#11930000
0!
0O

#11935000
1!
b10010010000 5
1O

#11940000
0!
0O

#11945000
1!
b10010010001 5
1O

#11950000
0!
0O

#11955000
1!
b10010010010 5
1O

#11960000
0!
0O

#11965000
1!
b10010010011 5
1O

#11970000
0!
0O

#11975000
1!
b10010010100 5
1O

#11980000
0!
0O

#11985000
1!
b10010010101 5
1O

#11990000
0!
0O

#11995000
1!
b10010010110 5
1O

#12000000
0!
0O

#12005000
1!
b10010010111 5
1O

#12010000
0!
0O

#12015000
1!
b10010011000 5
1O

#12020000
0!
0O

#12025000
1!
b10010011001 5
1O

#12030000
0!
0O

#12035000
1!
b10010011010 5
1O

#12040000
0!
0O

#12045000
1!
b10010011011 5
1O

#12050000
0!
0O

#12055000
1!
b10010011100 5
1O

#12060000
0!
0O

#12065000
1!
b10010011101 5
1O

#12070000
0!
0O

#12075000
1!
b10010011110 5
1O

#12080000
0!
0O

#12085000
1!
b10010011111 5
1O

#12090000
0!
0O

#12095000
1!
b10010100000 5
1O

#12100000
0!
0O

#12105000
1!
b10010100001 5
1O

#12110000
0!
0O

#12115000
1!
b10010100010 5
1O

#12120000
0!
0O

#12125000
1!
b10010100011 5
1O

#12130000
0!
0O

#12135000
1!
b10010100100 5
1O

#12140000
0!
0O

#12145000
1!
b10010100101 5
1O

#12150000
0!
0O

#12155000
1!
b10010100110 5
1O

#12160000
0!
0O

#12165000
1!
b10010100111 5
1O

#12170000
0!
0O

#12175000
1!
b10010101000 5
1O

#12180000
0!
0O

#12185000
1!
b10010101001 5
1O

#12190000
0!
0O

#12195000
1!
b10010101010 5
1O

#12200000
0!
0O

#12205000
1!
b10010101011 5
1O

#12210000
0!
0O

#12215000
1!
b10010101100 5
1O

#12220000
0!
0O

#12225000
1!
b10010101101 5
1O

#12230000
0!
0O

#12235000
1!
b10010101110 5
1O

#12240000
0!
0O

#12245000
1!
b10010101111 5
1O

#12250000
0!
0O

#12255000
1!
b10010110000 5
1O

#12260000
0!
0O

#12265000
1!
b10010110001 5
1O

#12270000
0!
0O

#12275000
1!
b10010110010 5
1O

#12280000
0!
0O

#12285000
1!
b10010110011 5
1O

#12290000
0!
0O

#12295000
1!
b10010110100 5
1O

#12300000
0!
0O

#12305000
1!
b10010110101 5
1O

#12310000
0!
0O

#12315000
1!
b10010110110 5
1O

#12320000
0!
0O

#12325000
1!
b10010110111 5
1O

#12330000
0!
0O

#12335000
1!
b10010111000 5
1O

#12340000
0!
0O

#12345000
1!
b10010111001 5
1O

#12350000
0!
0O

#12355000
1!
b10010111010 5
1O

#12360000
0!
0O

#12365000
1!
b10010111011 5
1O

#12370000
0!
0O

#12375000
1!
b10010111100 5
1O

#12380000
0!
0O

#12385000
1!
b10010111101 5
1O

#12390000
0!
0O

#12395000
1!
b10010111110 5
1O

#12400000
0!
0O

#12405000
1!
b10010111111 5
1O

#12410000
0!
0O

#12415000
1!
b10011000000 5
1O

#12420000
0!
0O

#12425000
1!
b10011000001 5
1O

#12430000
0!
0O

#12435000
1!
b10011000010 5
1O

#12440000
0!
0O

#12445000
1!
b10011000011 5
1O

#12450000
0!
0O

#12455000
1!
b10011000100 5
1O

#12460000
0!
0O

#12465000
1!
b10011000101 5
1O

#12470000
0!
0O

#12475000
1!
b10011000110 5
1O

#12480000
0!
0O

#12485000
1!
b10011000111 5
1O

#12490000
0!
0O

#12495000
1!
b10011001000 5
1O

#12500000
0!
0O

#12505000
1!
b10011001001 5
1O

#12510000
0!
0O

#12515000
1!
b10011001010 5
1O

#12520000
0!
0O

#12525000
1!
b10011001011 5
1O

#12530000
0!
0O

#12535000
1!
b10011001100 5
1O

#12540000
0!
0O

#12545000
1!
b10011001101 5
1O

#12550000
0!
0O

#12555000
1!
b10011001110 5
1O

#12560000
0!
0O

#12565000
1!
b10011001111 5
1O

#12570000
0!
0O

#12575000
1!
b10011010000 5
1O

#12580000
0!
0O

#12585000
1!
b10011010001 5
1O

#12590000
0!
0O

#12595000
1!
b10011010010 5
1O

#12600000
0!
0O

#12605000
1!
b10011010011 5
1O

#12610000
0!
0O

#12615000
1!
b10011010100 5
1O

#12620000
0!
0O

#12625000
1!
b10011010101 5
1O

#12630000
0!
0O

#12635000
1!
b10011010110 5
1O

#12640000
0!
0O

#12645000
1!
b10011010111 5
1O

#12650000
0!
0O

#12655000
1!
b10011011000 5
1O

#12660000
0!
0O

#12665000
1!
b10011011001 5
1O

#12670000
0!
0O

#12675000
1!
b10011011010 5
1O

#12680000
0!
0O

#12685000
1!
b10011011011 5
1O

#12690000
0!
0O

#12695000
1!
b10011011100 5
1O

#12700000
0!
0O

#12705000
1!
b10011011101 5
1O

#12710000
0!
0O

#12715000
1!
b10011011110 5
1O

#12720000
0!
0O

#12725000
1!
b10011011111 5
1O

#12730000
0!
0O

#12735000
1!
b10011100000 5
1O

#12740000
0!
0O

#12745000
1!
b10011100001 5
1O

#12750000
0!
0O

#12755000
1!
b10011100010 5
1O

#12760000
0!
0O

#12765000
1!
b10011100011 5
1O

#12770000
0!
0O

#12775000
1!
b10011100100 5
1O

#12780000
0!
0O

#12785000
1!
b10011100101 5
1O

#12790000
0!
0O

#12795000
1!
b10011100110 5
1O

#12800000
0!
0O

#12805000
1!
b10011100111 5
1O

#12810000
0!
0O

#12815000
1!
b10011101000 5
1O

#12820000
0!
0O

#12825000
1!
b10011101001 5
1O

#12830000
0!
0O

#12835000
1!
b10011101010 5
1O

#12840000
0!
0O

#12845000
1!
b10011101011 5
1O

#12850000
0!
0O

#12855000
1!
b10011101100 5
1O

#12860000
0!
0O

#12865000
1!
b10011101101 5
1O

#12870000
0!
0O

#12875000
1!
b10011101110 5
1O

#12880000
0!
0O

#12885000
1!
b10011101111 5
1O

#12890000
0!
0O

#12895000
1!
b10011110000 5
1O

#12900000
0!
0O

#12905000
1!
b10011110001 5
1O

#12910000
0!
0O

#12915000
1!
b10011110010 5
1O

#12920000
0!
0O

#12925000
1!
b10011110011 5
1O

#12930000
0!
0O

#12935000
1!
b10011110100 5
1O

#12940000
0!
0O

#12945000
1!
b10011110101 5
1O

#12950000
0!
0O

#12955000
1!
b10011110110 5
1O

#12960000
0!
0O

#12965000
1!
b10011110111 5
1O

#12970000
0!
0O

#12975000
1!
b10011111000 5
1O

#12980000
0!
0O

#12985000
1!
b10011111001 5
1O

#12990000
0!
0O

#12995000
1!
b10011111010 5
1O

#13000000
0!
0O

#13005000
1!
b10011111011 5
1O

#13010000
0!
0O

#13015000
1!
b10011111100 5
1O

#13020000
0!
0O

#13025000
1!
b10011111101 5
1O

#13030000
0!
0O

#13035000
1!
b10011111110 5
1O

#13040000
0!
0O

#13045000
1!
b10011111111 5
1O

#13050000
0!
0O

#13055000
1!
b10100000000 5
1O

#13060000
0!
0O

#13065000
1!
b10100000001 5
1O

#13070000
0!
0O

#13075000
1!
b10100000010 5
1O

#13080000
0!
0O

#13085000
1!
b10100000011 5
1O

#13090000
0!
0O

#13095000
1!
b10100000100 5
1O

#13100000
0!
0O

#13105000
1!
b10100000101 5
1O

#13110000
0!
0O

#13115000
1!
b10100000110 5
1O

#13120000
0!
0O

#13125000
1!
b10100000111 5
1O

#13130000
0!
0O

#13135000
1!
b10100001000 5
1O

#13140000
0!
0O

#13145000
1!
b10100001001 5
1O

#13150000
0!
0O

#13155000
1!
b10100001010 5
1O

#13160000
0!
0O

#13165000
1!
b10100001011 5
1O

#13170000
0!
0O

#13175000
1!
b10100001100 5
1O

#13180000
0!
0O

#13185000
1!
b10100001101 5
1O

#13190000
0!
0O

#13195000
1!
b10100001110 5
1O

#13200000
0!
0O

#13205000
1!
b10100001111 5
1O

#13210000
0!
0O

#13215000
1!
b10100010000 5
1O

#13220000
0!
0O

#13225000
1!
b10100010001 5
1O

#13230000
0!
0O

#13235000
1!
b10100010010 5
1O

#13240000
0!
0O

#13245000
1!
b10100010011 5
1O

#13250000
0!
0O

#13255000
1!
b10100010100 5
1O

#13260000
0!
0O

#13265000
1!
b10100010101 5
1O

#13270000
0!
0O

#13275000
1!
b10100010110 5
1O

#13280000
0!
0O

#13285000
1!
b10100010111 5
1O

#13290000
0!
0O

#13295000
1!
b10100011000 5
1O

#13300000
0!
0O

#13305000
1!
b10100011001 5
1O

#13310000
0!
0O

#13315000
1!
b10100011010 5
1O

#13320000
0!
0O

#13325000
1!
b10100011011 5
1O

#13330000
0!
0O

#13335000
1!
b10100011100 5
1O

#13340000
0!
0O

#13345000
1!
b10100011101 5
1O

#13350000
0!
0O

#13355000
1!
b10100011110 5
1O

#13360000
0!
0O

#13365000
1!
b10100011111 5
1O

#13370000
0!
0O

#13375000
1!
b10100100000 5
1O

#13380000
0!
0O

#13385000
1!
b10100100001 5
1O

#13390000
0!
0O

#13395000
1!
b10100100010 5
1O

#13400000
0!
0O

#13405000
1!
b10100100011 5
1O

#13410000
0!
0O

#13415000
1!
b10100100100 5
1O

#13420000
0!
0O

#13425000
1!
b10100100101 5
1O

#13430000
0!
0O

#13435000
1!
b10100100110 5
1O

#13440000
0!
0O

#13445000
1!
b10100100111 5
1O

#13450000
0!
0O

#13455000
1!
b10100101000 5
1O

#13460000
0!
0O

#13465000
1!
b10100101001 5
1O

#13470000
0!
0O

#13475000
1!
b10100101010 5
1O

#13480000
0!
0O

#13485000
1!
b10100101011 5
1O

#13490000
0!
0O

#13495000
1!
b10100101100 5
1O

#13500000
0!
0O

#13505000
1!
b10100101101 5
1O

#13510000
0!
0O

#13515000
1!
b10100101110 5
1O

#13520000
0!
0O

#13525000
1!
b10100101111 5
1O

#13530000
0!
0O

#13535000
1!
b10100110000 5
1O

#13540000
0!
0O

#13545000
1!
b10100110001 5
1O

#13550000
0!
0O

#13555000
1!
b10100110010 5
1O

#13560000
0!
0O

#13565000
1!
b10100110011 5
1O

#13570000
0!
0O

#13575000
1!
b10100110100 5
1O

#13580000
0!
0O

#13585000
1!
b10100110101 5
1O

#13590000
0!
0O

#13595000
1!
b10100110110 5
1O

#13600000
0!
0O

#13605000
1!
b10100110111 5
1O

#13610000
0!
0O

#13615000
1!
b10100111000 5
1O

#13620000
0!
0O

#13625000
1!
b10100111001 5
1O

#13630000
0!
0O

#13635000
1!
b10100111010 5
1O

#13640000
0!
0O

#13645000
1!
b10100111011 5
1O

#13650000
0!
0O

#13655000
1!
b10100111100 5
1O

#13660000
0!
0O

#13665000
1!
b10100111101 5
1O

#13670000
0!
0O

#13675000
1!
b10100111110 5
1O

#13680000
0!
0O

#13685000
1!
b10100111111 5
1O

#13690000
0!
0O

#13695000
1!
b10101000000 5
1O

#13700000
0!
0O

#13705000
1!
b10101000001 5
1O

#13710000
0!
0O

#13715000
1!
b10101000010 5
1O

#13720000
0!
0O

#13725000
1!
b10101000011 5
1O

#13730000
0!
0O

#13735000
1!
b10101000100 5
1O

#13740000
0!
0O

#13745000
1!
b10101000101 5
1O

#13750000
0!
0O

#13755000
1!
b10101000110 5
1O

#13760000
0!
0O

#13765000
1!
b10101000111 5
1O

#13770000
0!
0O

#13775000
1!
b10101001000 5
1O

#13780000
0!
0O

#13785000
1!
b10101001001 5
1O

#13790000
0!
0O

#13795000
1!
b10101001010 5
1O

#13800000
0!
0O

#13805000
1!
b10101001011 5
1O

#13810000
0!
0O

#13815000
1!
b10101001100 5
1O

#13820000
0!
0O

#13825000
1!
b10101001101 5
1O

#13830000
0!
0O

#13835000
1!
b10101001110 5
1O

#13840000
0!
0O

#13845000
1!
b10101001111 5
1O

#13850000
0!
0O

#13855000
1!
b10101010000 5
1O

#13860000
0!
0O

#13865000
1!
b10101010001 5
1O

#13870000
0!
0O

#13875000
1!
b10101010010 5
1O

#13880000
0!
0O

#13885000
1!
b10101010011 5
1O

#13890000
0!
0O

#13895000
1!
b10101010100 5
1O

#13900000
0!
0O

#13905000
1!
b10101010101 5
1O

#13910000
0!
0O

#13915000
1!
b10101010110 5
1O

#13920000
0!
0O

#13925000
1!
b10101010111 5
1O

#13930000
0!
0O

#13935000
1!
b10101011000 5
1O

#13940000
0!
0O

#13945000
1!
b10101011001 5
1O

#13950000
0!
0O

#13955000
1!
b10101011010 5
1O

#13960000
0!
0O

#13965000
1!
b10101011011 5
1O

#13970000
0!
0O

#13975000
1!
b10101011100 5
1O

#13980000
0!
0O

#13985000
1!
b10101011101 5
1O

#13990000
0!
0O

#13995000
1!
b10101011110 5
1O

#14000000
0!
0O

#14005000
1!
b10101011111 5
1O

#14010000
0!
0O

#14015000
1!
b10101100000 5
1O

#14020000
0!
0O

#14025000
1!
b10101100001 5
1O

#14030000
0!
0O

#14035000
1!
b10101100010 5
1O

#14040000
0!
0O

#14045000
1!
b10101100011 5
1O

#14050000
0!
0O

#14055000
1!
b10101100100 5
1O

#14060000
0!
0O

#14065000
1!
b10101100101 5
1O

#14070000
0!
0O

#14075000
1!
b10101100110 5
1O

#14080000
0!
0O

#14085000
1!
b10101100111 5
1O

#14090000
0!
0O

#14095000
1!
b10101101000 5
1O

#14100000
0!
0O

#14105000
1!
b10101101001 5
1O

#14110000
0!
0O

#14115000
1!
b10101101010 5
1O

#14120000
0!
0O

#14125000
1!
b10101101011 5
1O

#14130000
0!
0O

#14135000
1!
b10101101100 5
1O

#14140000
0!
0O

#14145000
1!
b10101101101 5
1O

#14150000
0!
0O

#14155000
1!
b10101101110 5
1O

#14160000
0!
0O

#14165000
1!
b10101101111 5
1O

#14170000
0!
0O

#14175000
1!
b10101110000 5
1O

#14180000
0!
0O

#14185000
1!
b10101110001 5
1O

#14190000
0!
0O

#14195000
1!
b10101110010 5
1O

#14200000
0!
0O

#14205000
1!
b10101110011 5
1O

#14210000
0!
0O

#14215000
1!
b10101110100 5
1O

#14220000
0!
0O

#14225000
1!
b10101110101 5
1O

#14230000
0!
0O

#14235000
1!
b10101110110 5
1O

#14240000
0!
0O

#14245000
1!
b10101110111 5
1O

#14250000
0!
0O

#14255000
1!
b10101111000 5
1O

#14260000
0!
0O

#14265000
1!
b10101111001 5
1O

#14270000
0!
0O

#14275000
1!
b10101111010 5
1O

#14280000
0!
0O

#14285000
1!
b10101111011 5
1O

#14290000
0!
0O

#14295000
1!
b10101111100 5
1O

#14300000
0!
0O

#14305000
1!
b10101111101 5
1O

#14310000
0!
0O

#14315000
1!
b10101111110 5
1O

#14320000
0!
0O

#14325000
1!
b10101111111 5
1O

#14330000
0!
0O

#14335000
1!
b10110000000 5
1O

#14340000
0!
0O

#14345000
1!
b10110000001 5
1O

#14350000
0!
0O

#14355000
1!
b10110000010 5
1O

#14360000
0!
0O

#14365000
1!
b10110000011 5
1O

#14370000
0!
0O

#14375000
1!
b10110000100 5
1O

#14380000
0!
0O

#14385000
1!
b10110000101 5
1O

#14390000
0!
0O

#14395000
1!
b10110000110 5
1O

#14400000
0!
0O

#14405000
1!
b10110000111 5
1O

#14410000
0!
0O

#14415000
1!
b10110001000 5
1O

#14420000
0!
0O

#14425000
1!
b10110001001 5
1O

#14430000
0!
0O

#14435000
1!
b10110001010 5
1O

#14440000
0!
0O

#14445000
1!
b10110001011 5
1O

#14450000
0!
0O

#14455000
1!
b10110001100 5
1O

#14460000
0!
0O

#14465000
1!
b10110001101 5
1O

#14470000
0!
0O

#14475000
1!
b10110001110 5
1O

#14480000
0!
0O

#14485000
1!
b10110001111 5
1O

#14490000
0!
0O

#14495000
1!
b10110010000 5
1O

#14500000
0!
0O

#14505000
1!
b10110010001 5
1O

#14510000
0!
0O

#14515000
1!
b10110010010 5
1O

#14520000
0!
0O

#14525000
1!
b10110010011 5
1O

#14530000
0!
0O

#14535000
1!
b10110010100 5
1O

#14540000
0!
0O

#14545000
1!
b10110010101 5
1O

#14550000
0!
0O

#14555000
1!
b10110010110 5
1O

#14560000
0!
0O

#14565000
1!
b10110010111 5
1O

#14570000
0!
0O

#14575000
1!
b10110011000 5
1O

#14580000
0!
0O

#14585000
1!
b10110011001 5
1O

#14590000
0!
0O

#14595000
1!
b10110011010 5
1O

#14600000
0!
0O

#14605000
1!
b10110011011 5
1O

#14610000
0!
0O

#14615000
1!
b10110011100 5
1O

#14620000
0!
0O

#14625000
1!
b10110011101 5
1O

#14630000
0!
0O

#14635000
1!
b10110011110 5
1O

#14640000
0!
0O

#14645000
1!
b10110011111 5
1O

#14650000
0!
0O

#14655000
1!
b10110100000 5
1O

#14660000
0!
0O

#14665000
1!
b10110100001 5
1O

#14670000
0!
0O

#14675000
1!
b10110100010 5
1O

#14680000
0!
0O

#14685000
1!
b10110100011 5
1O

#14690000
0!
0O

#14695000
1!
b10110100100 5
1O

#14700000
0!
0O

#14705000
1!
b10110100101 5
1O

#14710000
0!
0O

#14715000
1!
b10110100110 5
1O

#14720000
0!
0O

#14725000
1!
b10110100111 5
1O

#14730000
0!
0O

#14735000
1!
b10110101000 5
1O

#14740000
0!
0O

#14745000
1!
b10110101001 5
1O

#14750000
0!
0O

#14755000
1!
b10110101010 5
1O

#14760000
0!
0O

#14765000
1!
b10110101011 5
1O

#14770000
0!
0O

#14775000
1!
b10110101100 5
1O

#14780000
0!
0O

#14785000
1!
b10110101101 5
1O

#14790000
0!
0O

#14795000
1!
b10110101110 5
1O

#14800000
0!
0O

#14805000
1!
b10110101111 5
1O

#14810000
0!
0O

#14815000
1!
b10110110000 5
1O

#14820000
0!
0O

#14825000
1!
b10110110001 5
1O

#14830000
0!
0O

#14835000
1!
b10110110010 5
1O

#14840000
0!
0O

#14845000
1!
b10110110011 5
1O

#14850000
0!
0O

#14855000
1!
b10110110100 5
1O

#14860000
0!
0O

#14865000
1!
b10110110101 5
1O

#14870000
0!
0O

#14875000
1!
b10110110110 5
1O

#14880000
0!
0O

#14885000
1!
b10110110111 5
1O

#14890000
0!
0O

#14895000
1!
b10110111000 5
1O

#14900000
0!
0O

#14905000
1!
b10110111001 5
1O

#14910000
0!
0O

#14915000
1!
b10110111010 5
1O

#14920000
0!
0O

#14925000
1!
b10110111011 5
1O

#14930000
0!
0O

#14935000
1!
b10110111100 5
1O

#14940000
0!
0O

#14945000
1!
b10110111101 5
1O

#14950000
0!
0O

#14955000
1!
b10110111110 5
1O

#14960000
0!
0O

#14965000
1!
b10110111111 5
1O

#14970000
0!
0O

#14975000
1!
b10111000000 5
1O

#14980000
0!
0O

#14985000
1!
b10111000001 5
1O

#14990000
0!
0O

#14995000
1!
b10111000010 5
1O

#15000000
0!
0O

#15005000
1!
b10111000011 5
1O

#15010000
0!
0O

#15015000
1!
b10111000100 5
1O

#15020000
0!
0O

#15025000
1!
b10111000101 5
1O

#15030000
0!
0O

#15035000
1!
b10111000110 5
1O

#15040000
0!
0O

#15045000
1!
b10111000111 5
1O

#15050000
0!
0O

#15055000
1!
b10111001000 5
1O

#15060000
0!
0O

#15065000
1!
b10111001001 5
1O

#15070000
0!
0O

#15075000
1!
b10111001010 5
1O

#15080000
0!
0O

#15085000
1!
b10111001011 5
1O

#15090000
0!
0O

#15095000
1!
b10111001100 5
1O

#15100000
0!
0O

#15105000
1!
b10111001101 5
1O

#15110000
0!
0O

#15115000
1!
b10111001110 5
1O

#15120000
0!
0O

#15125000
1!
b10111001111 5
1O

#15130000
0!
0O

#15135000
1!
b10111010000 5
1O

#15140000
0!
0O

#15145000
1!
b10111010001 5
1O

#15150000
0!
0O

#15155000
1!
b10111010010 5
1O

#15160000
0!
0O

#15165000
1!
b10111010011 5
1O

#15170000
0!
0O

#15175000
1!
b10111010100 5
1O

#15180000
0!
0O

#15185000
1!
b10111010101 5
1O

#15190000
0!
0O

#15195000
1!
b10111010110 5
1O

#15200000
0!
0O

#15205000
1!
b10111010111 5
1O

#15210000
0!
0O

#15215000
1!
b10111011000 5
1O

#15220000
0!
0O

#15225000
1!
b10111011001 5
1O

#15230000
0!
0O

#15235000
1!
b10111011010 5
1O

#15240000
0!
0O

#15245000
1!
b10111011011 5
1O

#15250000
0!
0O

#15255000
1!
b10111011100 5
1O

#15260000
0!
0O

#15265000
1!
b10111011101 5
1O

#15270000
0!
0O

#15275000
1!
b10111011110 5
1O

#15280000
0!
0O

#15285000
1!
b10111011111 5
1O

#15290000
0!
0O

#15295000
1!
b10111100000 5
1O

#15300000
0!
0O

#15305000
1!
b10111100001 5
1O

#15310000
0!
0O

#15315000
1!
b10111100010 5
1O

#15320000
0!
0O

#15325000
1!
b10111100011 5
1O

#15330000
0!
0O

#15335000
1!
b10111100100 5
1O

#15340000
0!
0O

#15345000
1!
b10111100101 5
1O

#15350000
0!
0O

#15355000
1!
b10111100110 5
1O

#15360000
0!
0O

#15365000
1!
b10111100111 5
1O

#15370000
0!
0O

#15375000
1!
b10111101000 5
1O

#15380000
0!
0O

#15385000
1!
b10111101001 5
1O

#15390000
0!
0O

#15395000
1!
b10111101010 5
1O

#15400000
0!
0O

#15405000
1!
b10111101011 5
1O

#15410000
0!
0O

#15415000
1!
b10111101100 5
1O

#15420000
0!
0O

#15425000
1!
b10111101101 5
1O

#15430000
0!
0O

#15435000
1!
b10111101110 5
1O

#15440000
0!
0O

#15445000
1!
b10111101111 5
1O

#15450000
0!
0O

#15455000
1!
b10111110000 5
1O

#15460000
0!
0O

#15465000
1!
b10111110001 5
1O

#15470000
0!
0O

#15475000
1!
b10111110010 5
1O

#15480000
0!
0O

#15485000
1!
b10111110011 5
1O

#15490000
0!
0O

#15495000
1!
b10111110100 5
1O

#15500000
0!
0O

#15505000
1!
b10111110101 5
1O

#15510000
0!
0O

#15515000
1!
b10111110110 5
1O

#15520000
0!
0O

#15525000
1!
b10111110111 5
1O

#15530000
0!
0O

#15535000
1!
b10111111000 5
1O

#15540000
0!
0O

#15545000
1!
b10111111001 5
1O

#15550000
0!
0O

#15555000
1!
b10111111010 5
1O

#15560000
0!
0O

#15565000
1!
b10111111011 5
1O

#15570000
0!
0O

#15575000
1!
b10111111100 5
1O

#15580000
0!
0O

#15585000
1!
b10111111101 5
1O

#15590000
0!
0O

#15595000
1!
b10111111110 5
1O

#15600000
0!
0O

#15605000
1!
b10111111111 5
1O

#15610000
0!
0O

#15615000
1!
b11000000000 5
1O

#15620000
0!
0O

#15625000
1!
b11000000001 5
1O

#15630000
0!
0O

#15635000
1!
b11000000010 5
1O

#15640000
0!
0O

#15645000
1!
b11000000011 5
1O

#15650000
0!
0O

#15655000
1!
b11000000100 5
1O

#15660000
0!
0O

#15665000
1!
b11000000101 5
1O

#15670000
0!
0O

#15675000
1!
b11000000110 5
1O

#15680000
0!
0O

#15685000
1!
b11000000111 5
1O

#15690000
0!
0O

#15695000
1!
b11000001000 5
1O

#15700000
0!
0O

#15705000
1!
b11000001001 5
1O

#15710000
0!
0O

#15715000
1!
b11000001010 5
1O

#15720000
0!
0O

#15725000
1!
b11000001011 5
1O

#15730000
0!
0O

#15735000
1!
b11000001100 5
1O

#15740000
0!
0O

#15745000
1!
b11000001101 5
1O

#15750000
0!
0O

#15755000
1!
b11000001110 5
1O

#15760000
0!
0O

#15765000
1!
b11000001111 5
1O

#15770000
0!
0O

#15775000
1!
b11000010000 5
1O

#15780000
0!
0O

#15785000
1!
b11000010001 5
1O

#15790000
0!
0O

#15795000
1!
b11000010010 5
1O

#15800000
0!
0O

#15805000
1!
b11000010011 5
1O

#15810000
0!
0O

#15815000
1!
b11000010100 5
1O

#15820000
0!
0O

#15825000
1!
b11000010101 5
1O

#15830000
0!
0O

#15835000
1!
b11000010110 5
1O

#15840000
0!
0O

#15845000
1!
b11000010111 5
1O

#15850000
0!
0O

#15855000
1!
b11000011000 5
1O

#15860000
0!
0O

#15865000
1!
b11000011001 5
1O

#15870000
0!
0O

#15875000
1!
b11000011010 5
1O

#15880000
0!
0O

#15885000
1!
b11000011011 5
1O

#15890000
0!
0O

#15895000
1!
b11000011100 5
1O

#15900000
0!
0O

#15905000
1!
b11000011101 5
1O

#15910000
0!
0O

#15915000
1!
b11000011110 5
1O

#15920000
0!
0O

#15925000
1!
b11000011111 5
1O

#15930000
0!
0O

#15935000
1!
b11000100000 5
1O

#15940000
0!
0O

#15945000
1!
b11000100001 5
1O

#15950000
0!
0O

#15955000
1!
b11000100010 5
1O

#15960000
0!
0O

#15965000
1!
b11000100011 5
1O

#15970000
0!
0O

#15975000
1!
b11000100100 5
1O

#15980000
0!
0O

#15985000
1!
b11000100101 5
1O

#15990000
0!
0O

#15995000
1!
b11000100110 5
1O

#16000000
0!
0O

#16005000
1!
b11000100111 5
1O

#16010000
0!
0O

#16015000
1!
b11000101000 5
1O

#16020000
0!
0O

#16025000
1!
b11000101001 5
1O

#16030000
0!
0O

#16035000
1!
b11000101010 5
1O

#16040000
0!
0O

#16045000
1!
b11000101011 5
1O

#16050000
0!
0O

#16055000
1!
b11000101100 5
1O

#16060000
0!
0O

#16065000
1!
b11000101101 5
1O

#16070000
0!
0O

#16075000
1!
b11000101110 5
1O

#16080000
0!
0O

#16085000
1!
b11000101111 5
1O

#16090000
0!
0O

#16095000
1!
b11000110000 5
1O

#16100000
0!
0O

#16105000
1!
b11000110001 5
1O

#16110000
0!
0O

#16115000
1!
b11000110010 5
1O

#16120000
0!
0O

#16125000
1!
b11000110011 5
1O

#16130000
0!
0O

#16135000
1!
b11000110100 5
1O

#16140000
0!
0O

#16145000
1!
b11000110101 5
1O

#16150000
0!
0O

#16155000
1!
b11000110110 5
1O

#16160000
0!
0O

#16165000
1!
b11000110111 5
1O

#16170000
0!
0O

#16175000
1!
b11000111000 5
1O

#16180000
0!
0O

#16185000
1!
b11000111001 5
1O

#16190000
0!
0O

#16195000
1!
b11000111010 5
1O

#16200000
0!
0O

#16205000
1!
b11000111011 5
1O

#16210000
0!
0O

#16215000
1!
b11000111100 5
1O

#16220000
0!
0O

#16225000
1!
b11000111101 5
1O

#16230000
0!
0O

#16235000
1!
b11000111110 5
1O

#16240000
0!
0O

#16245000
1!
b11000111111 5
1O

#16250000
0!
0O

#16255000
1!
b11001000000 5
1O

#16260000
0!
0O

#16265000
1!
b11001000001 5
1O

#16270000
0!
0O

#16275000
1!
b11001000010 5
1O

#16280000
0!
0O

#16285000
1!
b11001000011 5
1O

#16290000
0!
0O

#16295000
1!
b11001000100 5
1O

#16300000
0!
0O

#16305000
1!
b11001000101 5
1O

#16310000
0!
0O

#16315000
1!
b11001000110 5
1O

#16320000
0!
0O

#16325000
1!
b11001000111 5
1O

#16330000
0!
0O

#16335000
1!
b11001001000 5
1O

#16340000
0!
0O

#16345000
1!
b11001001001 5
1O

#16350000
0!
0O

#16355000
1!
b11001001010 5
1O

#16360000
0!
0O

#16365000
1!
b11001001011 5
1O

#16370000
0!
0O

#16375000
1!
b11001001100 5
1O

#16380000
0!
0O

#16385000
1!
b11001001101 5
1O

#16390000
0!
0O

#16395000
1!
b11001001110 5
1O

#16400000
0!
0O

#16405000
1!
b11001001111 5
1O

#16410000
0!
0O

#16415000
1!
b11001010000 5
1O

#16420000
0!
0O

#16425000
1!
b11001010001 5
1O

#16430000
0!
0O

#16435000
1!
b11001010010 5
1O

#16440000
0!
0O

#16445000
1!
b11001010011 5
1O

#16450000
0!
0O

#16455000
1!
b11001010100 5
1O

#16460000
0!
0O

#16465000
1!
b11001010101 5
1O

#16470000
0!
0O

#16475000
1!
b11001010110 5
1O

#16480000
0!
0O

#16485000
1!
b11001010111 5
1O

#16490000
0!
0O

#16495000
1!
b11001011000 5
1O

#16500000
0!
0O

#16505000
1!
b11001011001 5
1O

#16510000
0!
0O

#16515000
1!
b11001011010 5
1O

#16520000
0!
0O

#16525000
1!
b11001011011 5
1O

#16530000
0!
0O

#16535000
1!
b11001011100 5
1O

#16540000
0!
0O

#16545000
1!
b11001011101 5
1O

#16550000
0!
0O

#16555000
1!
b11001011110 5
1O

#16560000
0!
0O

#16565000
1!
b11001011111 5
1O

#16570000
0!
0O

#16575000
1!
b11001100000 5
1O

#16580000
0!
0O

#16585000
1!
b11001100001 5
1O

#16590000
0!
0O

#16595000
1!
b11001100010 5
1O

#16600000
0!
0O

#16605000
1!
b11001100011 5
1O

#16610000
0!
0O

#16615000
1!
b11001100100 5
1O

#16620000
0!
0O

#16625000
1!
b11001100101 5
1O

#16630000
0!
0O

#16635000
1!
b11001100110 5
1O

#16640000
0!
0O

#16645000
1!
b11001100111 5
1O

#16650000
0!
0O

#16655000
1!
b11001101000 5
1O

#16660000
0!
0O

#16665000
1!
b11001101001 5
1O

#16670000
0!
0O

#16675000
1!
b11001101010 5
1O

#16680000
0!
0O

#16685000
1!
b11001101011 5
1O

#16690000
0!
0O

#16695000
1!
b11001101100 5
1O

#16700000
0!
0O

#16705000
1!
b11001101101 5
1O

#16710000
0!
0O

#16715000
1!
b11001101110 5
1O

#16720000
0!
0O

#16725000
1!
b11001101111 5
1O

#16730000
0!
0O

#16735000
1!
b11001110000 5
1O

#16740000
0!
0O

#16745000
1!
b11001110001 5
1O

#16750000
0!
0O

#16755000
1!
b11001110010 5
1O

#16760000
0!
0O

#16765000
1!
b11001110011 5
1O

#16770000
0!
0O

#16775000
1!
b11001110100 5
1O

#16780000
0!
0O

#16785000
1!
b11001110101 5
1O

#16790000
0!
0O

#16795000
1!
b11001110110 5
1O

#16800000
0!
0O

#16805000
1!
b11001110111 5
1O

#16810000
0!
0O

#16815000
1!
b11001111000 5
1O

#16820000
0!
0O

#16825000
1!
b11001111001 5
1O

#16830000
0!
0O

#16835000
1!
b11001111010 5
1O

#16840000
0!
0O

#16845000
1!
b11001111011 5
1O

#16850000
0!
0O

#16855000
1!
b11001111100 5
1O

#16860000
0!
0O

#16865000
1!
b11001111101 5
1O

#16870000
0!
0O

#16875000
1!
b11001111110 5
1O

#16880000
0!
0O

#16885000
1!
b11001111111 5
1O

#16890000
0!
0O

#16895000
1!
b11010000000 5
1O

#16900000
0!
0O

#16905000
1!
b11010000001 5
1O

#16910000
0!
0O

#16915000
1!
b11010000010 5
1O

#16920000
0!
0O

#16925000
1!
b11010000011 5
1O

#16930000
0!
0O

#16935000
1!
b11010000100 5
1O

#16940000
0!
0O

#16945000
1!
b11010000101 5
1O

#16950000
0!
0O

#16955000
1!
b11010000110 5
1O

#16960000
0!
0O

#16965000
1!
b11010000111 5
1O

#16970000
0!
0O

#16975000
1!
b11010001000 5
1O

#16980000
0!
0O

#16985000
1!
b11010001001 5
1O

#16990000
0!
0O

#16995000
1!
b11010001010 5
1O

#17000000
0!
0O

#17005000
1!
b11010001011 5
1O

#17010000
0!
0O

#17015000
1!
b11010001100 5
1O

#17020000
0!
0O

#17025000
1!
b11010001101 5
1O

#17030000
0!
0O

#17035000
1!
b11010001110 5
1O

#17040000
0!
0O

#17045000
1!
b11010001111 5
1O

#17050000
0!
0O

#17055000
1!
b11010010000 5
1O

#17060000
0!
0O

#17065000
1!
b11010010001 5
1O

#17070000
0!
0O

#17075000
1!
b11010010010 5
1O

#17080000
0!
0O

#17085000
1!
b11010010011 5
1O

#17090000
0!
0O

#17095000
1!
b11010010100 5
1O

#17100000
0!
0O

#17105000
1!
b11010010101 5
1O

#17110000
0!
0O

#17115000
1!
b11010010110 5
1O

#17120000
0!
0O

#17125000
1!
b11010010111 5
1O

#17130000
0!
0O

#17135000
1!
b11010011000 5
1O

#17140000
0!
0O

#17145000
1!
b11010011001 5
1O

#17150000
0!
0O

#17155000
1!
b11010011010 5
1O

#17160000
0!
0O

#17165000
1!
b11010011011 5
1O

#17170000
0!
0O

#17175000
1!
b11010011100 5
1O

#17180000
0!
0O

#17185000
1!
b11010011101 5
1O

#17190000
0!
0O

#17195000
1!
b11010011110 5
1O

#17200000
0!
0O

#17205000
1!
b11010011111 5
1O

#17210000
0!
0O

#17215000
1!
b11010100000 5
1O

#17220000
0!
0O

#17225000
1!
b11010100001 5
1O

#17230000
0!
0O

#17235000
1!
b11010100010 5
1O

#17240000
0!
0O

#17245000
1!
b11010100011 5
1O

#17250000
0!
0O

#17255000
1!
b11010100100 5
1O

#17260000
0!
0O

#17265000
1!
b11010100101 5
1O

#17270000
0!
0O

#17275000
1!
b11010100110 5
1O

#17280000
0!
0O

#17285000
1!
b11010100111 5
1O

#17290000
0!
0O

#17295000
1!
b11010101000 5
1O

#17300000
0!
0O

#17305000
1!
b11010101001 5
1O

#17310000
0!
0O

#17315000
1!
b11010101010 5
1O

#17320000
0!
0O

#17325000
1!
b11010101011 5
1O

#17330000
0!
0O

#17335000
1!
b11010101100 5
1O

#17340000
0!
0O

#17345000
1!
b11010101101 5
1O

#17350000
0!
0O

#17355000
1!
b11010101110 5
1O

#17360000
0!
0O

#17365000
1!
b11010101111 5
1O

#17370000
0!
0O

#17375000
1!
b11010110000 5
1O

#17380000
0!
0O

#17385000
1!
b11010110001 5
1O

#17390000
0!
0O

#17395000
1!
b11010110010 5
1O

#17400000
0!
0O

#17405000
1!
b11010110011 5
1O

#17410000
0!
0O

#17415000
1!
b11010110100 5
1O

#17420000
0!
0O

#17425000
1!
b11010110101 5
1O

#17430000
0!
0O

#17435000
1!
b11010110110 5
1O

#17440000
0!
0O

#17445000
1!
b11010110111 5
1O

#17450000
0!
0O

#17455000
1!
b11010111000 5
1O

#17460000
0!
0O

#17465000
1!
b11010111001 5
1O

#17470000
0!
0O

#17475000
1!
b11010111010 5
1O

#17480000
0!
0O

#17485000
1!
b11010111011 5
1O

#17490000
0!
0O

#17495000
1!
b11010111100 5
1O

#17500000
0!
0O

#17505000
1!
b11010111101 5
1O

#17510000
0!
0O

#17515000
1!
b11010111110 5
1O

#17520000
0!
0O

#17525000
1!
b11010111111 5
1O

#17530000
0!
0O

#17535000
1!
b11011000000 5
1O

#17540000
0!
0O

#17545000
1!
b11011000001 5
1O

#17550000
0!
0O

#17555000
1!
b11011000010 5
1O

#17560000
0!
0O

#17565000
1!
b11011000011 5
1O

#17570000
0!
0O

#17575000
1!
b11011000100 5
1O

#17580000
0!
0O

#17585000
1!
b11011000101 5
1O

#17590000
0!
0O

#17595000
1!
b11011000110 5
1O

#17600000
0!
0O

#17605000
1!
b11011000111 5
1O

#17610000
0!
0O

#17615000
1!
b11011001000 5
1O

#17620000
0!
0O

#17625000
1!
b11011001001 5
1O

#17630000
0!
0O

#17635000
1!
b11011001010 5
1O

#17640000
0!
0O

#17645000
1!
b11011001011 5
1O

#17650000
0!
0O

#17655000
1!
b11011001100 5
1O

#17660000
0!
0O

#17665000
1!
b11011001101 5
1O

#17670000
0!
0O

#17675000
1!
b11011001110 5
1O

#17680000
0!
0O

#17685000
1!
b11011001111 5
1O

#17690000
0!
0O

#17695000
1!
b11011010000 5
1O

#17700000
0!
0O

#17705000
1!
b11011010001 5
1O

#17710000
0!
0O

#17715000
1!
b11011010010 5
1O

#17720000
0!
0O

#17725000
1!
b11011010011 5
1O

#17730000
0!
0O

#17735000
1!
b11011010100 5
1O

#17740000
0!
0O

#17745000
1!
b11011010101 5
1O

#17750000
0!
0O

#17755000
1!
b11011010110 5
1O

#17760000
0!
0O

#17765000
1!
b11011010111 5
1O

#17770000
0!
0O

#17775000
1!
b11011011000 5
1O

#17780000
0!
0O

#17785000
1!
b11011011001 5
1O

#17790000
0!
0O

#17795000
1!
b11011011010 5
1O

#17800000
0!
0O

#17805000
1!
b11011011011 5
1O

#17810000
0!
0O

#17815000
1!
b11011011100 5
1O

#17820000
0!
0O

#17825000
1!
b11011011101 5
1O

#17830000
0!
0O

#17835000
1!
b11011011110 5
1O

#17840000
0!
0O

#17845000
1!
b11011011111 5
1O

#17850000
0!
0O

#17855000
1!
b11011100000 5
1O

#17860000
0!
0O

#17865000
1!
b11011100001 5
1O

#17870000
0!
0O

#17875000
1!
b11011100010 5
1O

#17880000
0!
0O

#17885000
1!
b11011100011 5
1O

#17890000
0!
0O

#17895000
1!
b11011100100 5
1O

#17900000
0!
0O

#17905000
1!
b11011100101 5
1O

#17910000
0!
0O

#17915000
1!
b11011100110 5
1O

#17920000
0!
0O

#17925000
1!
b11011100111 5
1O

#17930000
0!
0O

#17935000
1!
b11011101000 5
1O

#17940000
0!
0O

#17945000
1!
b11011101001 5
1O

#17950000
0!
0O

#17955000
1!
b11011101010 5
1O

#17960000
0!
0O

#17965000
1!
b11011101011 5
1O

#17970000
0!
0O

#17975000
1!
b11011101100 5
1O

#17980000
0!
0O

#17985000
1!
b11011101101 5
1O

#17990000
0!
0O

#17995000
1!
b11011101110 5
1O

#18000000
0!
0O

#18005000
1!
b11011101111 5
1O

#18010000
0!
0O

#18015000
1!
b11011110000 5
1O

#18020000
0!
0O

#18025000
1!
b11011110001 5
1O

#18030000
0!
0O

#18035000
1!
b11011110010 5
1O

#18040000
0!
0O

#18045000
1!
b11011110011 5
1O

#18050000
0!
0O

#18055000
1!
b11011110100 5
1O

#18060000
0!
0O

#18065000
1!
b11011110101 5
1O

#18070000
0!
0O

#18075000
1!
b11011110110 5
1O

#18080000
0!
0O

#18085000
1!
b11011110111 5
1O

#18090000
0!
0O

#18095000
1!
b11011111000 5
1O

#18100000
0!
0O

#18105000
1!
b11011111001 5
1O

#18110000
0!
0O

#18115000
1!
b11011111010 5
1O

#18120000
0!
0O

#18125000
1!
b11011111011 5
1O

#18130000
0!
0O

#18135000
1!
b11011111100 5
1O

#18140000
0!
0O

#18145000
1!
b11011111101 5
1O

#18150000
0!
0O

#18155000
1!
b11011111110 5
1O

#18160000
0!
0O

#18165000
1!
b11011111111 5
1O

#18170000
0!
0O

#18175000
1!
b11100000000 5
1O

#18180000
0!
0O

#18185000
1!
b11100000001 5
1O

#18190000
0!
0O

#18195000
1!
b11100000010 5
1O

#18200000
0!
0O

#18205000
1!
b11100000011 5
1O

#18210000
0!
0O

#18215000
1!
b11100000100 5
1O

#18220000
0!
0O

#18225000
1!
b11100000101 5
1O

#18230000
0!
0O

#18235000
1!
b11100000110 5
1O

#18240000
0!
0O

#18245000
1!
b11100000111 5
1O

#18250000
0!
0O

#18255000
1!
b11100001000 5
1O

#18260000
0!
0O

#18265000
1!
b11100001001 5
1O

#18270000
0!
0O

#18275000
1!
b11100001010 5
1O

#18280000
0!
0O

#18285000
1!
b11100001011 5
1O

#18290000
0!
0O

#18295000
1!
b11100001100 5
1O

#18300000
0!
0O

#18305000
1!
b11100001101 5
1O

#18310000
0!
0O

#18315000
1!
b11100001110 5
1O

#18320000
0!
0O

#18325000
1!
b11100001111 5
1O

#18330000
0!
0O

#18335000
1!
b11100010000 5
1O

#18340000
0!
0O

#18345000
1!
b11100010001 5
1O

#18350000
0!
0O

#18355000
1!
b11100010010 5
1O

#18360000
0!
0O

#18365000
1!
b11100010011 5
1O

#18370000
0!
0O

#18375000
1!
b11100010100 5
1O

#18380000
0!
0O

#18385000
1!
b11100010101 5
1O

#18390000
0!
0O

#18395000
1!
b11100010110 5
1O

#18400000
0!
0O

#18405000
1!
b11100010111 5
1O

#18410000
0!
0O

#18415000
1!
b11100011000 5
1O

#18420000
0!
0O

#18425000
1!
b11100011001 5
1O

#18430000
0!
0O

#18435000
1!
b11100011010 5
1O

#18440000
0!
0O

#18445000
1!
b11100011011 5
1O

#18450000
0!
0O

#18455000
1!
b11100011100 5
1O

#18460000
0!
0O

#18465000
1!
b11100011101 5
1O

#18470000
0!
0O

#18475000
1!
b11100011110 5
1O

#18480000
0!
0O

#18485000
1!
b11100011111 5
1O

#18490000
0!
0O

#18495000
1!
b11100100000 5
1O

#18500000
0!
0O

#18505000
1!
b11100100001 5
1O

#18510000
0!
0O

#18515000
1!
b11100100010 5
1O

#18520000
0!
0O

#18525000
1!
b11100100011 5
1O

#18530000
0!
0O

#18535000
1!
b11100100100 5
1O

#18540000
0!
0O

#18545000
1!
b11100100101 5
1O

#18550000
0!
0O

#18555000
1!
b11100100110 5
1O

#18560000
0!
0O

#18565000
1!
b11100100111 5
1O

#18570000
0!
0O

#18575000
1!
b11100101000 5
1O

#18580000
0!
0O

#18585000
1!
b11100101001 5
1O

#18590000
0!
0O

#18595000
1!
b11100101010 5
1O

#18600000
0!
0O

#18605000
1!
b11100101011 5
1O

#18610000
0!
0O

#18615000
1!
b11100101100 5
1O

#18620000
0!
0O

#18625000
1!
b11100101101 5
1O

#18630000
0!
0O

#18635000
1!
b11100101110 5
1O

#18640000
0!
0O

#18645000
1!
b11100101111 5
1O

#18650000
0!
0O

#18655000
1!
b11100110000 5
1O

#18660000
0!
0O

#18665000
1!
b11100110001 5
1O

#18670000
0!
0O

#18675000
1!
b11100110010 5
1O

#18680000
0!
0O

#18685000
1!
b11100110011 5
1O

#18690000
0!
0O

#18695000
1!
b11100110100 5
1O

#18700000
0!
0O

#18705000
1!
b11100110101 5
1O

#18710000
0!
0O

#18715000
1!
b11100110110 5
1O

#18720000
0!
0O

#18725000
1!
b11100110111 5
1O

#18730000
0!
0O

#18735000
1!
b11100111000 5
1O

#18740000
0!
0O

#18745000
1!
b11100111001 5
1O

#18750000
0!
0O

#18755000
1!
b11100111010 5
1O

#18760000
0!
0O

#18765000
1!
b11100111011 5
1O

#18770000
0!
0O

#18775000
1!
b11100111100 5
1O

#18780000
0!
0O

#18785000
1!
b11100111101 5
1O

#18790000
0!
0O

#18795000
1!
b11100111110 5
1O

#18800000
0!
0O

#18805000
1!
b11100111111 5
1O

#18810000
0!
0O

#18815000
1!
b11101000000 5
1O

#18820000
0!
0O

#18825000
1!
b11101000001 5
1O

#18830000
0!
0O

#18835000
1!
b11101000010 5
1O

#18840000
0!
0O

#18845000
1!
b11101000011 5
1O

#18850000
0!
0O

#18855000
1!
b11101000100 5
1O

#18860000
0!
0O

#18865000
1!
b11101000101 5
1O

#18870000
0!
0O

#18875000
1!
b11101000110 5
1O

#18880000
0!
0O

#18885000
1!
b11101000111 5
1O

#18890000
0!
0O

#18895000
1!
b11101001000 5
1O

#18900000
0!
0O

#18905000
1!
b11101001001 5
1O

#18910000
0!
0O

#18915000
1!
b11101001010 5
1O

#18920000
0!
0O

#18925000
1!
b11101001011 5
1O

#18930000
0!
0O

#18935000
1!
b11101001100 5
1O

#18940000
0!
0O

#18945000
1!
b11101001101 5
1O

#18950000
0!
0O

#18955000
1!
b11101001110 5
1O

#18960000
0!
0O

#18965000
1!
b11101001111 5
1O

#18970000
0!
0O

#18975000
1!
b11101010000 5
1O

#18980000
0!
0O

#18985000
1!
b11101010001 5
1O

#18990000
0!
0O

#18995000
1!
b11101010010 5
1O

#19000000
0!
0O

#19005000
1!
b11101010011 5
1O

#19010000
0!
0O

#19015000
1!
b11101010100 5
1O

#19020000
0!
0O

#19025000
1!
b11101010101 5
1O

#19030000
0!
0O

#19035000
1!
b11101010110 5
1O

#19040000
0!
0O

#19045000
1!
b11101010111 5
1O

#19050000
0!
0O

#19055000
1!
b11101011000 5
1O

#19060000
0!
0O

#19065000
1!
b11101011001 5
1O

#19070000
0!
0O

#19075000
1!
b11101011010 5
1O

#19080000
0!
0O

#19085000
1!
b11101011011 5
1O

#19090000
0!
0O

#19095000
1!
b11101011100 5
1O

#19100000
0!
0O

#19105000
1!
b11101011101 5
1O

#19110000
0!
0O

#19115000
1!
b11101011110 5
1O

#19120000
0!
0O

#19125000
1!
b11101011111 5
1O

#19130000
0!
0O

#19135000
1!
b11101100000 5
1O

#19140000
0!
0O

#19145000
1!
b11101100001 5
1O

#19150000
0!
0O

#19155000
1!
b11101100010 5
1O

#19160000
0!
0O

#19165000
1!
b11101100011 5
1O

#19170000
0!
0O

#19175000
1!
b11101100100 5
1O

#19180000
0!
0O

#19185000
1!
b11101100101 5
1O

#19190000
0!
0O

#19195000
1!
b11101100110 5
1O

#19200000
0!
0O

#19205000
1!
b11101100111 5
1O

#19210000
0!
0O

#19215000
1!
b11101101000 5
1O

#19220000
0!
0O

#19225000
1!
b11101101001 5
1O

#19230000
0!
0O

#19235000
1!
b11101101010 5
1O

#19240000
0!
0O

#19245000
1!
b11101101011 5
1O

#19250000
0!
0O

#19255000
1!
b11101101100 5
1O

#19260000
0!
0O

#19265000
1!
b11101101101 5
1O

#19270000
0!
0O

#19275000
1!
b11101101110 5
1O

#19280000
0!
0O

#19285000
1!
b11101101111 5
1O

#19290000
0!
0O

#19295000
1!
b11101110000 5
1O

#19300000
0!
0O

#19305000
1!
b11101110001 5
1O

#19310000
0!
0O

#19315000
1!
b11101110010 5
1O

#19320000
0!
0O

#19325000
1!
b11101110011 5
1O

#19330000
0!
0O

#19335000
1!
b11101110100 5
1O

#19340000
0!
0O

#19345000
1!
b11101110101 5
1O

#19350000
0!
0O

#19355000
1!
b11101110110 5
1O

#19360000
0!
0O

#19365000
1!
b11101110111 5
1O

#19370000
0!
0O

#19375000
1!
b11101111000 5
1O

#19380000
0!
0O

#19385000
1!
b11101111001 5
1O

#19390000
0!
0O

#19395000
1!
b11101111010 5
1O

#19400000
0!
0O

#19405000
1!
b11101111011 5
1O

#19410000
0!
0O

#19415000
1!
b11101111100 5
1O

#19420000
0!
0O

#19425000
1!
b11101111101 5
1O

#19430000
0!
0O

#19435000
1!
b11101111110 5
1O

#19440000
0!
0O

#19445000
1!
b11101111111 5
1O

#19450000
0!
0O

#19455000
1!
b11110000000 5
1O

#19460000
0!
0O

#19465000
1!
b11110000001 5
1O

#19470000
0!
0O

#19475000
1!
b11110000010 5
1O

#19480000
0!
0O

#19485000
1!
b11110000011 5
1O

#19490000
0!
0O

#19495000
1!
b11110000100 5
1O

#19500000
0!
0O

#19505000
1!
b11110000101 5
1O

#19510000
0!
0O

#19515000
1!
b11110000110 5
1O

#19520000
0!
0O

#19525000
1!
b11110000111 5
1O

#19530000
0!
0O

#19535000
1!
b11110001000 5
1O

#19540000
0!
0O

#19545000
1!
b11110001001 5
1O

#19550000
0!
0O

#19555000
1!
b11110001010 5
1O

#19560000
0!
0O

#19565000
1!
b11110001011 5
1O

#19570000
0!
0O

#19575000
1!
b11110001100 5
1O

#19580000
0!
0O

#19585000
1!
b11110001101 5
1O

#19590000
0!
0O

#19595000
1!
b11110001110 5
1O

#19600000
0!
0O

#19605000
1!
b11110001111 5
1O

#19610000
0!
0O

#19615000
1!
b11110010000 5
1O

#19620000
0!
0O

#19625000
1!
b11110010001 5
1O

#19630000
0!
0O

#19635000
1!
b11110010010 5
1O

#19640000
0!
0O

#19645000
1!
b11110010011 5
1O

#19650000
0!
0O

#19655000
1!
b11110010100 5
1O

#19660000
0!
0O

#19665000
1!
b11110010101 5
1O

#19670000
0!
0O

#19675000
1!
b11110010110 5
1O

#19680000
0!
0O

#19685000
1!
b11110010111 5
1O

#19690000
0!
0O

#19695000
1!
b11110011000 5
1O

#19700000
0!
0O

#19705000
1!
b11110011001 5
1O

#19710000
0!
0O

#19715000
1!
b11110011010 5
1O

#19720000
0!
0O

#19725000
1!
b11110011011 5
1O

#19730000
0!
0O

#19735000
1!
b11110011100 5
1O

#19740000
0!
0O

#19745000
1!
b11110011101 5
1O

#19750000
0!
0O

#19755000
1!
b11110011110 5
1O

#19760000
0!
0O

#19765000
1!
b11110011111 5
1O

#19770000
0!
0O

#19775000
1!
b11110100000 5
1O

#19780000
0!
0O

#19785000
1!
b11110100001 5
1O

#19790000
0!
0O

#19795000
1!
b11110100010 5
1O

#19800000
0!
0O

#19805000
1!
b11110100011 5
1O

#19810000
0!
0O

#19815000
1!
b11110100100 5
1O

#19820000
0!
0O

#19825000
1!
b11110100101 5
1O

#19830000
0!
0O

#19835000
1!
b11110100110 5
1O

#19840000
0!
0O

#19845000
1!
b11110100111 5
1O

#19850000
0!
0O

#19855000
1!
b11110101000 5
1O

#19860000
0!
0O

#19865000
1!
b11110101001 5
1O

#19870000
0!
0O

#19875000
1!
b11110101010 5
1O

#19880000
0!
0O

#19885000
1!
b11110101011 5
1O

#19890000
0!
0O

#19895000
1!
b11110101100 5
1O

#19900000
0!
0O

#19905000
1!
b11110101101 5
1O

#19910000
0!
0O

#19915000
1!
b11110101110 5
1O

#19920000
0!
0O

#19925000
1!
b11110101111 5
1O

#19930000
0!
0O

#19935000
1!
b11110110000 5
1O

#19940000
0!
0O

#19945000
1!
b11110110001 5
1O

#19950000
0!
0O

#19955000
1!
b11110110010 5
1O

#19960000
0!
0O

#19965000
1!
b11110110011 5
1O

#19970000
0!
0O

#19975000
1!
b11110110100 5
1O

#19980000
0!
0O

#19985000
1!
b11110110101 5
1O

#19990000
0!
0O

#19995000
1!
b11110110110 5
1O

#20000000
0!
0O

#20005000
1!
b11110110111 5
1O

#20010000
0!
0O

#20015000
1!
b11110111000 5
1O

#20020000
0!
0O

#20025000
1!
b11110111001 5
1O

#20030000
0!
0O

#20035000
1!
b11110111010 5
1O

#20040000
0!
0O

#20045000
1!
b11110111011 5
1O

#20050000
0!
0O

#20055000
1!
b11110111100 5
1O

#20060000
0!
0O

#20065000
1!
b11110111101 5
1O

#20070000
0!
0O

#20075000
1!
b11110111110 5
1O

#20080000
0!
0O

#20085000
1!
b11110111111 5
1O

#20090000
0!
0O

#20095000
1!
b11111000000 5
1O

#20100000
0!
0O

#20105000
1!
b11111000001 5
1O

#20110000
0!
0O

#20115000
1!
b11111000010 5
1O

#20120000
0!
0O

#20125000
1!
b11111000011 5
1O

#20130000
0!
0O

#20135000
1!
b11111000100 5
1O

#20140000
0!
0O

#20145000
1!
b11111000101 5
1O

#20150000
0!
0O

#20155000
1!
b11111000110 5
1O

#20160000
0!
0O

#20165000
1!
b11111000111 5
1O

#20170000
0!
0O

#20175000
1!
b11111001000 5
1O

#20180000
0!
0O

#20185000
1!
b11111001001 5
1O

#20190000
0!
0O

#20195000
1!
b11111001010 5
1O

#20200000
0!
0O

#20205000
1!
b11111001011 5
1O

#20210000
0!
0O

#20215000
1!
b11111001100 5
1O

#20220000
0!
0O

#20225000
1!
b11111001101 5
1O

#20230000
0!
0O

#20235000
1!
b11111001110 5
1O

#20240000
0!
0O

#20245000
1!
b1 4
b11111001111 5
1O

#20250000
0!
0O

#20255000
1!
0-
b1 /
b0 0
b0 1
b0 5
1O
0V
b1 X
b0 Y
b0 Z

#20260000
0!
0O

#20265000
1!
1O

#20270000
0!
0O

#20275000
1!
1O

#20280000
0!
0O

#20285000
1!
1O

#20290000
0!
0O

#20295000
1!
1O

#20300000
0!
0O

#20305000
1!
1O

#20310000
0!
0O

#20315000
1!
1O

#20320000
0!
0O

#20325000
1!
1O

#20330000
0!
0O
b100 U

#20335000
1!
1O

#20340000
0!
1&
b10 4
0O
1R

#20345000
1!
b10 /
1O
b10 X

#20350000
0!
0&
0O
0R

#20355000
1!
b1 5
1O

#20360000
0!
0O

#20365000
1!
b10 5
1O

#20370000
0!
0O

#20375000
1!
b11 5
1O

#20380000
0!
0O

#20385000
1!
b100 5
1O

#20390000
0!
0O

#20395000
1!
b101 5
1O

#20400000
0!
0O

#20405000
1!
b110 5
1O

#20410000
0!
0O

#20415000
1!
b111 5
1O

#20420000
0!
0O

#20425000
1!
b1000 5
1O

#20430000
0!
0O

#20435000
1!
b1001 5
1O

#20440000
0!
0O

#20445000
1!
b1010 5
1O

#20450000
0!
0O

#20455000
1!
b1011 5
1O

#20460000
0!
0O

#20465000
1!
b1100 5
1O

#20470000
0!
0O

#20475000
1!
b1101 5
1O

#20480000
0!
0O

#20485000
1!
b1110 5
1O

#20490000
0!
0O

#20495000
1!
b1111 5
1O

#20500000
0!
0O

#20505000
1!
b10000 5
1O

#20510000
0!
0O

#20515000
1!
b10001 5
1O

#20520000
0!
0O

#20525000
1!
b10010 5
1O

#20530000
0!
0O

#20535000
1!
b10011 5
1O

#20540000
0!
0O

#20545000
1!
b10100 5
1O

#20550000
0!
0O

#20555000
1!
b10101 5
1O

#20560000
0!
0O

#20565000
1!
b10110 5
1O

#20570000
0!
0O

#20575000
1!
b10111 5
1O

#20580000
0!
0O

#20585000
1!
b11000 5
1O

#20590000
0!
0O

#20595000
1!
b11001 5
1O

#20600000
0!
0O

#20605000
1!
b11010 5
1O

#20610000
0!
0O

#20615000
1!
b11011 5
1O

#20620000
0!
0O

#20625000
1!
b11100 5
1O

#20630000
0!
0O

#20635000
1!
b11101 5
1O

#20640000
0!
0O

#20645000
1!
b11110 5
1O

#20650000
0!
0O

#20655000
1!
b11111 5
1O

#20660000
0!
0O

#20665000
1!
b100000 5
1O

#20670000
0!
0O

#20675000
1!
b100001 5
1O

#20680000
0!
0O

#20685000
1!
b100010 5
1O

#20690000
0!
0O

#20695000
1!
b100011 5
1O

#20700000
0!
0O

#20705000
1!
b100100 5
1O

#20710000
0!
0O

#20715000
1!
b100101 5
1O

#20720000
0!
0O

#20725000
1!
b100110 5
1O

#20730000
0!
0O

#20735000
1!
b100111 5
1O

#20740000
0!
0O

#20745000
1!
b101000 5
1O

#20750000
0!
0O

#20755000
1!
b101001 5
1O

#20760000
0!
0O

#20765000
1!
b101010 5
1O

#20770000
0!
0O

#20775000
1!
b101011 5
1O

#20780000
0!
0O

#20785000
1!
b101100 5
1O

#20790000
0!
0O

#20795000
1!
b101101 5
1O

#20800000
0!
0O

#20805000
1!
b101110 5
1O

#20810000
0!
0O

#20815000
1!
b101111 5
1O

#20820000
0!
0O

#20825000
1!
b110000 5
1O

#20830000
0!
0O

#20835000
1!
b110001 5
1O

#20840000
0!
0O

#20845000
1!
b110010 5
1O

#20850000
0!
0O

#20855000
1!
b110011 5
1O

#20860000
0!
0O

#20865000
1!
b110100 5
1O

#20870000
0!
0O

#20875000
1!
b110101 5
1O

#20880000
0!
0O

#20885000
1!
b110110 5
1O

#20890000
0!
0O

#20895000
1!
b110111 5
1O

#20900000
0!
0O

#20905000
1!
b111000 5
1O

#20910000
0!
0O

#20915000
1!
b111001 5
1O

#20920000
0!
0O

#20925000
1!
b111010 5
1O

#20930000
0!
0O

#20935000
1!
b111011 5
1O

#20940000
0!
0O

#20945000
1!
b111100 5
1O

#20950000
0!
0O

#20955000
1!
b111101 5
1O

#20960000
0!
0O

#20965000
1!
b111110 5
1O

#20970000
0!
0O

#20975000
1!
b111111 5
1O

#20980000
0!
0O

#20985000
1!
b1000000 5
1O

#20990000
0!
0O

#20995000
1!
b1000001 5
1O

#21000000
0!
0O

#21005000
1!
b1000010 5
1O

#21010000
0!
0O

#21015000
1!
b1000011 5
1O

#21020000
0!
0O

#21025000
1!
b1000100 5
1O

#21030000
0!
0O

#21035000
1!
b1000101 5
1O

#21040000
0!
0O

#21045000
1!
b1000110 5
1O

#21050000
0!
0O

#21055000
1!
b1000111 5
1O

#21060000
0!
0O

#21065000
1!
b1001000 5
1O

#21070000
0!
0O

#21075000
1!
b1001001 5
1O

#21080000
0!
0O

#21085000
1!
b1001010 5
1O

#21090000
0!
0O

#21095000
1!
b1001011 5
1O

#21100000
0!
0O

#21105000
1!
b1001100 5
1O

#21110000
0!
0O

#21115000
1!
b1001101 5
1O

#21120000
0!
0O

#21125000
1!
b1001110 5
1O

#21130000
0!
0O

#21135000
1!
b1001111 5
1O

#21140000
0!
0O

#21145000
1!
b1010000 5
1O

#21150000
0!
0O

#21155000
1!
b1010001 5
1O

#21160000
0!
0O

#21165000
1!
b1010010 5
1O

#21170000
0!
0O

#21175000
1!
b1010011 5
1O

#21180000
0!
0O

#21185000
1!
b1010100 5
1O

#21190000
0!
0O

#21195000
1!
b1010101 5
1O

#21200000
0!
0O

#21205000
1!
b1010110 5
1O

#21210000
0!
0O

#21215000
1!
b1010111 5
1O

#21220000
0!
0O

#21225000
1!
b1011000 5
1O

#21230000
0!
0O

#21235000
1!
b1011001 5
1O

#21240000
0!
0O

#21245000
1!
b1011010 5
1O

#21250000
0!
0O

#21255000
1!
b1011011 5
1O

#21260000
0!
0O

#21265000
1!
b1011100 5
1O

#21270000
0!
0O

#21275000
1!
b1011101 5
1O

#21280000
0!
0O

#21285000
1!
b1011110 5
1O

#21290000
0!
0O

#21295000
1!
b1011111 5
1O

#21300000
0!
0O

#21305000
1!
b1100000 5
1O

#21310000
0!
0O

#21315000
1!
b1100001 5
1O

#21320000
0!
0O

#21325000
1!
b1100010 5
1O

#21330000
0!
0O

#21335000
1!
b1100011 5
1O

#21340000
0!
0O

#21345000
1!
b1100100 5
1O

#21350000
0!
0O

#21355000
1!
b1100101 5
1O

#21360000
0!
0O

#21365000
1!
b1100110 5
1O

#21370000
0!
0O

#21375000
1!
b1100111 5
1O

#21380000
0!
0O

#21385000
1!
b1101000 5
1O

#21390000
0!
0O

#21395000
1!
b1101001 5
1O

#21400000
0!
0O

#21405000
1!
b1101010 5
1O

#21410000
0!
0O

#21415000
1!
b1101011 5
1O

#21420000
0!
0O

#21425000
1!
b1101100 5
1O

#21430000
0!
0O

#21435000
1!
b1101101 5
1O

#21440000
0!
0O

#21445000
1!
b1101110 5
1O

#21450000
0!
0O

#21455000
1!
b1101111 5
1O

#21460000
0!
0O

#21465000
1!
b1110000 5
1O

#21470000
0!
0O

#21475000
1!
b1110001 5
1O

#21480000
0!
0O

#21485000
1!
b1110010 5
1O

#21490000
0!
0O

#21495000
1!
b1110011 5
1O

#21500000
0!
0O

#21505000
1!
b1110100 5
1O

#21510000
0!
0O

#21515000
1!
b1110101 5
1O

#21520000
0!
0O

#21525000
1!
b1110110 5
1O

#21530000
0!
0O

#21535000
1!
b1110111 5
1O

#21540000
0!
0O

#21545000
1!
b1111000 5
1O

#21550000
0!
0O

#21555000
1!
b1111001 5
1O

#21560000
0!
0O

#21565000
1!
b1111010 5
1O

#21570000
0!
0O

#21575000
1!
b1111011 5
1O

#21580000
0!
0O

#21585000
1!
b1111100 5
1O

#21590000
0!
0O

#21595000
1!
b1111101 5
1O

#21600000
0!
0O

#21605000
1!
b1111110 5
1O

#21610000
0!
0O

#21615000
1!
b1111111 5
1O

#21620000
0!
0O

#21625000
1!
b10000000 5
1O

#21630000
0!
0O

#21635000
1!
b10000001 5
1O

#21640000
0!
0O

#21645000
1!
b10000010 5
1O

#21650000
0!
0O

#21655000
1!
b10000011 5
1O

#21660000
0!
0O

#21665000
1!
b10000100 5
1O

#21670000
0!
0O

#21675000
1!
b10000101 5
1O

#21680000
0!
0O

#21685000
1!
b10000110 5
1O

#21690000
0!
0O

#21695000
1!
b10000111 5
1O

#21700000
0!
0O

#21705000
1!
b10001000 5
1O

#21710000
0!
0O

#21715000
1!
b10001001 5
1O

#21720000
0!
0O

#21725000
1!
b10001010 5
1O

#21730000
0!
0O

#21735000
1!
b10001011 5
1O

#21740000
0!
0O

#21745000
1!
b10001100 5
1O

#21750000
0!
0O

#21755000
1!
b10001101 5
1O

#21760000
0!
0O

#21765000
1!
b10001110 5
1O

#21770000
0!
0O

#21775000
1!
b10001111 5
1O

#21780000
0!
0O

#21785000
1!
b10010000 5
1O

#21790000
0!
0O

#21795000
1!
b10010001 5
1O

#21800000
0!
0O

#21805000
1!
b10010010 5
1O

#21810000
0!
0O

#21815000
1!
b10010011 5
1O

#21820000
0!
0O

#21825000
1!
b10010100 5
1O

#21830000
0!
0O

#21835000
1!
b10010101 5
1O

#21840000
0!
0O

#21845000
1!
b10010110 5
1O

#21850000
0!
0O

#21855000
1!
b10010111 5
1O

#21860000
0!
0O

#21865000
1!
b10011000 5
1O

#21870000
0!
0O

#21875000
1!
b10011001 5
1O

#21880000
0!
0O

#21885000
1!
b10011010 5
1O

#21890000
0!
0O

#21895000
1!
b10011011 5
1O

#21900000
0!
0O

#21905000
1!
b10011100 5
1O

#21910000
0!
0O

#21915000
1!
b10011101 5
1O

#21920000
0!
0O

#21925000
1!
b10011110 5
1O

#21930000
0!
0O

#21935000
1!
b10011111 5
1O

#21940000
0!
0O

#21945000
1!
b10100000 5
1O

#21950000
0!
0O

#21955000
1!
b10100001 5
1O

#21960000
0!
0O

#21965000
1!
b10100010 5
1O

#21970000
0!
0O

#21975000
1!
b10100011 5
1O

#21980000
0!
0O

#21985000
1!
b10100100 5
1O

#21990000
0!
0O

#21995000
1!
b10100101 5
1O

#22000000
0!
0O

#22005000
1!
b10100110 5
1O

#22010000
0!
0O

#22015000
1!
b10100111 5
1O

#22020000
0!
0O

#22025000
1!
b10101000 5
1O

#22030000
0!
0O

#22035000
1!
b10101001 5
1O

#22040000
0!
0O

#22045000
1!
b10101010 5
1O

#22050000
0!
0O

#22055000
1!
b10101011 5
1O

#22060000
0!
0O

#22065000
1!
b10101100 5
1O

#22070000
0!
0O

#22075000
1!
b10101101 5
1O

#22080000
0!
0O

#22085000
1!
b10101110 5
1O

#22090000
0!
0O

#22095000
1!
b10101111 5
1O

#22100000
0!
0O

#22105000
1!
b10110000 5
1O

#22110000
0!
0O

#22115000
1!
b10110001 5
1O

#22120000
0!
0O

#22125000
1!
b10110010 5
1O

#22130000
0!
0O

#22135000
1!
b10110011 5
1O

#22140000
0!
0O

#22145000
1!
b10110100 5
1O

#22150000
0!
0O

#22155000
1!
b10110101 5
1O

#22160000
0!
0O

#22165000
1!
b10110110 5
1O

#22170000
0!
0O

#22175000
1!
b10110111 5
1O

#22180000
0!
0O

#22185000
1!
b10111000 5
1O

#22190000
0!
0O

#22195000
1!
b10111001 5
1O

#22200000
0!
0O

#22205000
1!
b10111010 5
1O

#22210000
0!
0O

#22215000
1!
b10111011 5
1O

#22220000
0!
0O

#22225000
1!
b10111100 5
1O

#22230000
0!
0O

#22235000
1!
b10111101 5
1O

#22240000
0!
0O

#22245000
1!
b10111110 5
1O

#22250000
0!
0O

#22255000
1!
b10111111 5
1O

#22260000
0!
0O

#22265000
1!
b11000000 5
1O

#22270000
0!
0O

#22275000
1!
b11000001 5
1O

#22280000
0!
0O

#22285000
1!
b11000010 5
1O

#22290000
0!
0O

#22295000
1!
b11000011 5
1O

#22300000
0!
0O

#22305000
1!
b11000100 5
1O

#22310000
0!
0O

#22315000
1!
b11000101 5
1O

#22320000
0!
0O

#22325000
1!
b11000110 5
1O

#22330000
0!
0O

#22335000
1!
b11000111 5
1O

#22340000
0!
0O

#22345000
1!
b11001000 5
1O

#22350000
0!
0O

#22355000
1!
b11001001 5
1O

#22360000
0!
0O

#22365000
1!
b11001010 5
1O

#22370000
0!
0O

#22375000
1!
b11001011 5
1O

#22380000
0!
0O

#22385000
1!
b11001100 5
1O

#22390000
0!
0O

#22395000
1!
b11001101 5
1O

#22400000
0!
0O

#22405000
1!
b11001110 5
1O

#22410000
0!
0O

#22415000
1!
b11001111 5
1O

#22420000
0!
0O

#22425000
1!
b11010000 5
1O

#22430000
0!
0O

#22435000
1!
b11010001 5
1O

#22440000
0!
0O

#22445000
1!
b11010010 5
1O

#22450000
0!
0O

#22455000
1!
b11010011 5
1O

#22460000
0!
0O

#22465000
1!
b11010100 5
1O

#22470000
0!
0O

#22475000
1!
b11010101 5
1O

#22480000
0!
0O

#22485000
1!
b11010110 5
1O

#22490000
0!
0O

#22495000
1!
b11010111 5
1O

#22500000
0!
0O

#22505000
1!
b11011000 5
1O

#22510000
0!
0O

#22515000
1!
b11011001 5
1O

#22520000
0!
0O

#22525000
1!
b11011010 5
1O

#22530000
0!
0O

#22535000
1!
b11011011 5
1O

#22540000
0!
0O

#22545000
1!
b11011100 5
1O

#22550000
0!
0O

#22555000
1!
b11011101 5
1O

#22560000
0!
0O

#22565000
1!
b11011110 5
1O

#22570000
0!
0O

#22575000
1!
b11011111 5
1O

#22580000
0!
0O

#22585000
1!
b11100000 5
1O

#22590000
0!
0O

#22595000
1!
b11100001 5
1O

#22600000
0!
0O

#22605000
1!
b11100010 5
1O

#22610000
0!
0O

#22615000
1!
b11100011 5
1O

#22620000
0!
0O

#22625000
1!
b11100100 5
1O

#22630000
0!
0O

#22635000
1!
b11100101 5
1O

#22640000
0!
0O

#22645000
1!
b11100110 5
1O

#22650000
0!
0O

#22655000
1!
b11100111 5
1O

#22660000
0!
0O

#22665000
1!
b11101000 5
1O

#22670000
0!
0O

#22675000
1!
b11101001 5
1O

#22680000
0!
0O

#22685000
1!
b11101010 5
1O

#22690000
0!
0O

#22695000
1!
b11101011 5
1O

#22700000
0!
0O

#22705000
1!
b11101100 5
1O

#22710000
0!
0O

#22715000
1!
b11101101 5
1O

#22720000
0!
0O

#22725000
1!
b11101110 5
1O

#22730000
0!
0O

#22735000
1!
b11101111 5
1O

#22740000
0!
0O

#22745000
1!
b11110000 5
1O

#22750000
0!
0O

#22755000
1!
b11110001 5
1O

#22760000
0!
0O

#22765000
1!
b11110010 5
1O

#22770000
0!
0O

#22775000
1!
b11110011 5
1O

#22780000
0!
0O

#22785000
1!
b11110100 5
1O

#22790000
0!
0O

#22795000
1!
b11110101 5
1O

#22800000
0!
0O

#22805000
1!
b11110110 5
1O

#22810000
0!
0O

#22815000
1!
b11110111 5
1O

#22820000
0!
0O

#22825000
1!
b11111000 5
1O

#22830000
0!
0O

#22835000
1!
b11111001 5
1O

#22840000
0!
0O

#22845000
1!
b11111010 5
1O

#22850000
0!
0O

#22855000
1!
b11111011 5
1O

#22860000
0!
0O

#22865000
1!
b11111100 5
1O

#22870000
0!
0O

#22875000
1!
b11111101 5
1O

#22880000
0!
0O

#22885000
1!
b11111110 5
1O

#22890000
0!
0O

#22895000
1!
b11111111 5
1O

#22900000
0!
0O

#22905000
1!
b100000000 5
1O

#22910000
0!
0O

#22915000
1!
b100000001 5
1O

#22920000
0!
0O

#22925000
1!
b100000010 5
1O

#22930000
0!
0O

#22935000
1!
b100000011 5
1O

#22940000
0!
0O

#22945000
1!
b100000100 5
1O

#22950000
0!
0O

#22955000
1!
b100000101 5
1O

#22960000
0!
0O

#22965000
1!
b100000110 5
1O

#22970000
0!
0O

#22975000
1!
b100000111 5
1O

#22980000
0!
0O

#22985000
1!
b100001000 5
1O

#22990000
0!
0O

#22995000
1!
b100001001 5
1O

#23000000
0!
0O

#23005000
1!
b100001010 5
1O

#23010000
0!
0O

#23015000
1!
b100001011 5
1O

#23020000
0!
0O

#23025000
1!
b100001100 5
1O

#23030000
0!
0O

#23035000
1!
b100001101 5
1O

#23040000
0!
0O

#23045000
1!
b100001110 5
1O

#23050000
0!
0O

#23055000
1!
b100001111 5
1O

#23060000
0!
0O

#23065000
1!
b100010000 5
1O

#23070000
0!
0O

#23075000
1!
b100010001 5
1O

#23080000
0!
0O

#23085000
1!
b100010010 5
1O

#23090000
0!
0O

#23095000
1!
b100010011 5
1O

#23100000
0!
0O

#23105000
1!
b100010100 5
1O

#23110000
0!
0O

#23115000
1!
b100010101 5
1O

#23120000
0!
0O

#23125000
1!
b100010110 5
1O

#23130000
0!
0O

#23135000
1!
b100010111 5
1O

#23140000
0!
0O

#23145000
1!
b100011000 5
1O

#23150000
0!
0O

#23155000
1!
b100011001 5
1O

#23160000
0!
0O

#23165000
1!
b100011010 5
1O

#23170000
0!
0O

#23175000
1!
b100011011 5
1O

#23180000
0!
0O

#23185000
1!
b100011100 5
1O

#23190000
0!
0O

#23195000
1!
b100011101 5
1O

#23200000
0!
0O

#23205000
1!
b100011110 5
1O

#23210000
0!
0O

#23215000
1!
b100011111 5
1O

#23220000
0!
0O

#23225000
1!
b100100000 5
1O

#23230000
0!
0O

#23235000
1!
b100100001 5
1O

#23240000
0!
0O

#23245000
1!
b100100010 5
1O

#23250000
0!
0O

#23255000
1!
b100100011 5
1O

#23260000
0!
0O

#23265000
1!
b100100100 5
1O

#23270000
0!
0O

#23275000
1!
b100100101 5
1O

#23280000
0!
0O

#23285000
1!
b100100110 5
1O

#23290000
0!
0O

#23295000
1!
b100100111 5
1O

#23300000
0!
0O

#23305000
1!
b100101000 5
1O

#23310000
0!
0O

#23315000
1!
b100101001 5
1O

#23320000
0!
0O

#23325000
1!
b100101010 5
1O

#23330000
0!
0O

#23335000
1!
b100101011 5
1O

#23340000
0!
0O

#23345000
1!
b100101100 5
1O

#23350000
0!
0O

#23355000
1!
b100101101 5
1O

#23360000
0!
0O

#23365000
1!
b100101110 5
1O

#23370000
0!
0O

#23375000
1!
b100101111 5
1O

#23380000
0!
0O

#23385000
1!
b100110000 5
1O

#23390000
0!
0O

#23395000
1!
b100110001 5
1O

#23400000
0!
0O

#23405000
1!
b100110010 5
1O

#23410000
0!
0O

#23415000
1!
b100110011 5
1O

#23420000
0!
0O

#23425000
1!
b100110100 5
1O

#23430000
0!
0O

#23435000
1!
b100110101 5
1O

#23440000
0!
0O

#23445000
1!
b100110110 5
1O

#23450000
0!
0O

#23455000
1!
b100110111 5
1O

#23460000
0!
0O

#23465000
1!
b100111000 5
1O

#23470000
0!
0O

#23475000
1!
b100111001 5
1O

#23480000
0!
0O

#23485000
1!
b100111010 5
1O

#23490000
0!
0O

#23495000
1!
b100111011 5
1O

#23500000
0!
0O

#23505000
1!
b100111100 5
1O

#23510000
0!
0O

#23515000
1!
b100111101 5
1O

#23520000
0!
0O

#23525000
1!
b100111110 5
1O

#23530000
0!
0O

#23535000
1!
b100111111 5
1O

#23540000
0!
0O

#23545000
1!
b101000000 5
1O

#23550000
0!
0O

#23555000
1!
b101000001 5
1O

#23560000
0!
0O

#23565000
1!
b101000010 5
1O

#23570000
0!
0O

#23575000
1!
b101000011 5
1O

#23580000
0!
0O

#23585000
1!
b101000100 5
1O

#23590000
0!
0O

#23595000
1!
b101000101 5
1O

#23600000
0!
0O

#23605000
1!
b101000110 5
1O

#23610000
0!
0O

#23615000
1!
b101000111 5
1O

#23620000
0!
0O

#23625000
1!
b101001000 5
1O

#23630000
0!
0O

#23635000
1!
b101001001 5
1O

#23640000
0!
0O

#23645000
1!
b101001010 5
1O

#23650000
0!
0O

#23655000
1!
b101001011 5
1O

#23660000
0!
0O

#23665000
1!
b101001100 5
1O

#23670000
0!
0O

#23675000
1!
b101001101 5
1O

#23680000
0!
0O

#23685000
1!
b101001110 5
1O

#23690000
0!
0O

#23695000
1!
b101001111 5
1O

#23700000
0!
0O

#23705000
1!
b101010000 5
1O

#23710000
0!
0O

#23715000
1!
b101010001 5
1O

#23720000
0!
0O

#23725000
1!
b101010010 5
1O

#23730000
0!
0O

#23735000
1!
b101010011 5
1O

#23740000
0!
0O

#23745000
1!
b101010100 5
1O

#23750000
0!
0O

#23755000
1!
b101010101 5
1O

#23760000
0!
0O

#23765000
1!
b101010110 5
1O

#23770000
0!
0O

#23775000
1!
b101010111 5
1O

#23780000
0!
0O

#23785000
1!
b101011000 5
1O

#23790000
0!
0O

#23795000
1!
b101011001 5
1O

#23800000
0!
0O

#23805000
1!
b101011010 5
1O

#23810000
0!
0O

#23815000
1!
b101011011 5
1O

#23820000
0!
0O

#23825000
1!
b101011100 5
1O

#23830000
0!
0O

#23835000
1!
b101011101 5
1O

#23840000
0!
0O

#23845000
1!
b101011110 5
1O

#23850000
0!
0O

#23855000
1!
b101011111 5
1O

#23860000
0!
0O

#23865000
1!
b101100000 5
1O

#23870000
0!
0O

#23875000
1!
b101100001 5
1O

#23880000
0!
0O

#23885000
1!
b101100010 5
1O

#23890000
0!
0O

#23895000
1!
b101100011 5
1O

#23900000
0!
0O

#23905000
1!
b101100100 5
1O

#23910000
0!
0O

#23915000
1!
b101100101 5
1O

#23920000
0!
0O

#23925000
1!
b101100110 5
1O

#23930000
0!
0O

#23935000
1!
b101100111 5
1O

#23940000
0!
0O

#23945000
1!
b101101000 5
1O

#23950000
0!
0O

#23955000
1!
b101101001 5
1O

#23960000
0!
0O

#23965000
1!
b101101010 5
1O

#23970000
0!
0O

#23975000
1!
b101101011 5
1O

#23980000
0!
0O

#23985000
1!
b101101100 5
1O

#23990000
0!
0O

#23995000
1!
b101101101 5
1O

#24000000
0!
0O

#24005000
1!
b101101110 5
1O

#24010000
0!
0O

#24015000
1!
b101101111 5
1O

#24020000
0!
0O

#24025000
1!
b101110000 5
1O

#24030000
0!
0O

#24035000
1!
b101110001 5
1O

#24040000
0!
0O

#24045000
1!
b101110010 5
1O

#24050000
0!
0O

#24055000
1!
b101110011 5
1O

#24060000
0!
0O

#24065000
1!
b101110100 5
1O

#24070000
0!
0O

#24075000
1!
b101110101 5
1O

#24080000
0!
0O

#24085000
1!
b101110110 5
1O

#24090000
0!
0O

#24095000
1!
b101110111 5
1O

#24100000
0!
0O

#24105000
1!
b101111000 5
1O

#24110000
0!
0O

#24115000
1!
b101111001 5
1O

#24120000
0!
0O

#24125000
1!
b101111010 5
1O

#24130000
0!
0O

#24135000
1!
b101111011 5
1O

#24140000
0!
0O

#24145000
1!
b101111100 5
1O

#24150000
0!
0O

#24155000
1!
b101111101 5
1O

#24160000
0!
0O

#24165000
1!
b101111110 5
1O

#24170000
0!
0O

#24175000
1!
b101111111 5
1O

#24180000
0!
0O

#24185000
1!
b110000000 5
1O

#24190000
0!
0O

#24195000
1!
b110000001 5
1O

#24200000
0!
0O

#24205000
1!
b110000010 5
1O

#24210000
0!
0O

#24215000
1!
b110000011 5
1O

#24220000
0!
0O

#24225000
1!
b110000100 5
1O

#24230000
0!
0O

#24235000
1!
b110000101 5
1O

#24240000
0!
0O

#24245000
1!
b110000110 5
1O

#24250000
0!
0O

#24255000
1!
b110000111 5
1O

#24260000
0!
0O

#24265000
1!
b110001000 5
1O

#24270000
0!
0O

#24275000
1!
b110001001 5
1O

#24280000
0!
0O

#24285000
1!
b110001010 5
1O

#24290000
0!
0O

#24295000
1!
b110001011 5
1O

#24300000
0!
0O

#24305000
1!
b110001100 5
1O

#24310000
0!
0O

#24315000
1!
b110001101 5
1O

#24320000
0!
0O

#24325000
1!
b110001110 5
1O

#24330000
0!
0O

#24335000
1!
b110001111 5
1O

#24340000
0!
0O

#24345000
1!
b110010000 5
1O

#24350000
0!
0O

#24355000
1!
b110010001 5
1O

#24360000
0!
0O

#24365000
1!
b110010010 5
1O

#24370000
0!
0O

#24375000
1!
b110010011 5
1O

#24380000
0!
0O

#24385000
1!
b110010100 5
1O

#24390000
0!
0O

#24395000
1!
b110010101 5
1O

#24400000
0!
0O

#24405000
1!
b110010110 5
1O

#24410000
0!
0O

#24415000
1!
b110010111 5
1O

#24420000
0!
0O

#24425000
1!
b110011000 5
1O

#24430000
0!
0O

#24435000
1!
b110011001 5
1O

#24440000
0!
0O

#24445000
1!
b110011010 5
1O

#24450000
0!
0O

#24455000
1!
b110011011 5
1O

#24460000
0!
0O

#24465000
1!
b110011100 5
1O

#24470000
0!
0O

#24475000
1!
b110011101 5
1O

#24480000
0!
0O

#24485000
1!
b110011110 5
1O

#24490000
0!
0O

#24495000
1!
b110011111 5
1O

#24500000
0!
0O

#24505000
1!
b110100000 5
1O

#24510000
0!
0O

#24515000
1!
b110100001 5
1O

#24520000
0!
0O

#24525000
1!
b110100010 5
1O

#24530000
0!
0O

#24535000
1!
b110100011 5
1O

#24540000
0!
0O

#24545000
1!
b110100100 5
1O

#24550000
0!
0O

#24555000
1!
b110100101 5
1O

#24560000
0!
0O

#24565000
1!
b110100110 5
1O

#24570000
0!
0O

#24575000
1!
b110100111 5
1O

#24580000
0!
0O

#24585000
1!
b110101000 5
1O

#24590000
0!
0O

#24595000
1!
b110101001 5
1O

#24600000
0!
0O

#24605000
1!
b110101010 5
1O

#24610000
0!
0O

#24615000
1!
b110101011 5
1O

#24620000
0!
0O

#24625000
1!
b110101100 5
1O

#24630000
0!
0O

#24635000
1!
b110101101 5
1O

#24640000
0!
0O

#24645000
1!
b110101110 5
1O

#24650000
0!
0O

#24655000
1!
b110101111 5
1O

#24660000
0!
0O

#24665000
1!
b110110000 5
1O

#24670000
0!
0O

#24675000
1!
b110110001 5
1O

#24680000
0!
0O

#24685000
1!
b110110010 5
1O

#24690000
0!
0O

#24695000
1!
b110110011 5
1O

#24700000
0!
0O

#24705000
1!
b110110100 5
1O

#24710000
0!
0O

#24715000
1!
b110110101 5
1O

#24720000
0!
0O

#24725000
1!
b110110110 5
1O

#24730000
0!
0O

#24735000
1!
b110110111 5
1O

#24740000
0!
0O

#24745000
1!
b110111000 5
1O

#24750000
0!
0O

#24755000
1!
b110111001 5
1O

#24760000
0!
0O

#24765000
1!
b110111010 5
1O

#24770000
0!
0O

#24775000
1!
b110111011 5
1O

#24780000
0!
0O

#24785000
1!
b110111100 5
1O

#24790000
0!
0O

#24795000
1!
b110111101 5
1O

#24800000
0!
0O

#24805000
1!
b110111110 5
1O

#24810000
0!
0O

#24815000
1!
b110111111 5
1O

#24820000
0!
0O

#24825000
1!
b111000000 5
1O

#24830000
0!
0O

#24835000
1!
b111000001 5
1O

#24840000
0!
0O

#24845000
1!
b111000010 5
1O

#24850000
0!
0O

#24855000
1!
b111000011 5
1O

#24860000
0!
0O

#24865000
1!
b111000100 5
1O

#24870000
0!
0O

#24875000
1!
b111000101 5
1O

#24880000
0!
0O

#24885000
1!
b111000110 5
1O

#24890000
0!
0O

#24895000
1!
b111000111 5
1O

#24900000
0!
0O

#24905000
1!
b111001000 5
1O

#24910000
0!
0O

#24915000
1!
b111001001 5
1O

#24920000
0!
0O

#24925000
1!
b111001010 5
1O

#24930000
0!
0O

#24935000
1!
b111001011 5
1O

#24940000
0!
0O

#24945000
1!
b111001100 5
1O

#24950000
0!
0O

#24955000
1!
b111001101 5
1O

#24960000
0!
0O

#24965000
1!
b111001110 5
1O

#24970000
0!
0O

#24975000
1!
b111001111 5
1O

#24980000
0!
0O

#24985000
1!
b111010000 5
1O

#24990000
0!
0O

#24995000
1!
b111010001 5
1O

#25000000
0!
0O

#25005000
1!
b111010010 5
1O

#25010000
0!
0O

#25015000
1!
b111010011 5
1O

#25020000
0!
0O

#25025000
1!
b111010100 5
1O

#25030000
0!
0O

#25035000
1!
b111010101 5
1O

#25040000
0!
0O

#25045000
1!
b111010110 5
1O

#25050000
0!
0O

#25055000
1!
b111010111 5
1O

#25060000
0!
0O

#25065000
1!
b111011000 5
1O

#25070000
0!
0O

#25075000
1!
b111011001 5
1O

#25080000
0!
0O

#25085000
1!
b111011010 5
1O

#25090000
0!
0O

#25095000
1!
b111011011 5
1O

#25100000
0!
0O

#25105000
1!
b111011100 5
1O

#25110000
0!
0O

#25115000
1!
b111011101 5
1O

#25120000
0!
0O

#25125000
1!
b111011110 5
1O

#25130000
0!
0O

#25135000
1!
b111011111 5
1O

#25140000
0!
0O

#25145000
1!
b111100000 5
1O

#25150000
0!
0O

#25155000
1!
b111100001 5
1O

#25160000
0!
0O

#25165000
1!
b111100010 5
1O

#25170000
0!
0O

#25175000
1!
b111100011 5
1O

#25180000
0!
0O

#25185000
1!
b111100100 5
1O

#25190000
0!
0O

#25195000
1!
b111100101 5
1O

#25200000
0!
0O

#25205000
1!
b111100110 5
1O

#25210000
0!
0O

#25215000
1!
b111100111 5
1O

#25220000
0!
0O

#25225000
1!
b111101000 5
1O

#25230000
0!
0O

#25235000
1!
b111101001 5
1O

#25240000
0!
0O

#25245000
1!
b111101010 5
1O

#25250000
0!
0O

#25255000
1!
b111101011 5
1O

#25260000
0!
0O

#25265000
1!
b111101100 5
1O

#25270000
0!
0O

#25275000
1!
b111101101 5
1O

#25280000
0!
0O

#25285000
1!
b111101110 5
1O

#25290000
0!
0O

#25295000
1!
b111101111 5
1O

#25300000
0!
0O

#25305000
1!
b111110000 5
1O

#25310000
0!
0O

#25315000
1!
b111110001 5
1O

#25320000
0!
0O

#25325000
1!
b111110010 5
1O

#25330000
0!
0O

#25335000
1!
b111110011 5
1O

#25340000
0!
0O

#25345000
1!
b111110100 5
1O

#25350000
0!
0O

#25355000
1!
b111110101 5
1O

#25360000
0!
0O

#25365000
1!
b111110110 5
1O

#25370000
0!
0O

#25375000
1!
b111110111 5
1O

#25380000
0!
0O

#25385000
1!
b111111000 5
1O

#25390000
0!
0O

#25395000
1!
b111111001 5
1O

#25400000
0!
0O

#25405000
1!
b111111010 5
1O

#25410000
0!
0O

#25415000
1!
b111111011 5
1O

#25420000
0!
0O

#25425000
1!
b111111100 5
1O

#25430000
0!
0O

#25435000
1!
b111111101 5
1O

#25440000
0!
0O

#25445000
1!
b111111110 5
1O

#25450000
0!
0O

#25455000
1!
b111111111 5
1O

#25460000
0!
0O

#25465000
1!
b1000000000 5
1O

#25470000
0!
0O

#25475000
1!
b1000000001 5
1O

#25480000
0!
0O

#25485000
1!
b1000000010 5
1O

#25490000
0!
0O

#25495000
1!
b1000000011 5
1O

#25500000
0!
0O

#25505000
1!
b1000000100 5
1O

#25510000
0!
0O

#25515000
1!
b1000000101 5
1O

#25520000
0!
0O

#25525000
1!
b1000000110 5
1O

#25530000
0!
0O

#25535000
1!
b1000000111 5
1O

#25540000
0!
0O

#25545000
1!
b1000001000 5
1O

#25550000
0!
0O

#25555000
1!
b1000001001 5
1O

#25560000
0!
0O

#25565000
1!
b1000001010 5
1O

#25570000
0!
0O

#25575000
1!
b1000001011 5
1O

#25580000
0!
0O

#25585000
1!
b1000001100 5
1O

#25590000
0!
0O

#25595000
1!
b1000001101 5
1O

#25600000
0!
0O

#25605000
1!
b1000001110 5
1O

#25610000
0!
0O

#25615000
1!
b1000001111 5
1O

#25620000
0!
0O

#25625000
1!
b1000010000 5
1O

#25630000
0!
0O

#25635000
1!
b1000010001 5
1O

#25640000
0!
0O

#25645000
1!
b1000010010 5
1O

#25650000
0!
0O

#25655000
1!
b1000010011 5
1O

#25660000
0!
0O

#25665000
1!
b1000010100 5
1O

#25670000
0!
0O

#25675000
1!
b1000010101 5
1O

#25680000
0!
0O

#25685000
1!
b1000010110 5
1O

#25690000
0!
0O

#25695000
1!
b1000010111 5
1O

#25700000
0!
0O

#25705000
1!
b1000011000 5
1O

#25710000
0!
0O

#25715000
1!
b1000011001 5
1O

#25720000
0!
0O

#25725000
1!
b1000011010 5
1O

#25730000
0!
0O

#25735000
1!
b1000011011 5
1O

#25740000
0!
0O

#25745000
1!
b1000011100 5
1O

#25750000
0!
0O

#25755000
1!
b1000011101 5
1O

#25760000
0!
0O

#25765000
1!
b1000011110 5
1O

#25770000
0!
0O

#25775000
1!
b1000011111 5
1O

#25780000
0!
0O

#25785000
1!
b1000100000 5
1O

#25790000
0!
0O

#25795000
1!
b1000100001 5
1O

#25800000
0!
0O

#25805000
1!
b1000100010 5
1O

#25810000
0!
0O

#25815000
1!
b1000100011 5
1O

#25820000
0!
0O

#25825000
1!
b1000100100 5
1O

#25830000
0!
0O

#25835000
1!
b1000100101 5
1O

#25840000
0!
0O

#25845000
1!
b1000100110 5
1O

#25850000
0!
0O

#25855000
1!
b1000100111 5
1O

#25860000
0!
0O

#25865000
1!
b1000101000 5
1O

#25870000
0!
0O

#25875000
1!
b1000101001 5
1O

#25880000
0!
0O

#25885000
1!
b1000101010 5
1O

#25890000
0!
0O

#25895000
1!
b1000101011 5
1O

#25900000
0!
0O

#25905000
1!
b1000101100 5
1O

#25910000
0!
0O

#25915000
1!
b1000101101 5
1O

#25920000
0!
0O

#25925000
1!
b1000101110 5
1O

#25930000
0!
0O

#25935000
1!
b1000101111 5
1O

#25940000
0!
0O

#25945000
1!
b1000110000 5
1O

#25950000
0!
0O

#25955000
1!
b1000110001 5
1O

#25960000
0!
0O

#25965000
1!
b1000110010 5
1O

#25970000
0!
0O

#25975000
1!
b1000110011 5
1O

#25980000
0!
0O

#25985000
1!
b1000110100 5
1O

#25990000
0!
0O

#25995000
1!
b1000110101 5
1O

#26000000
0!
0O

#26005000
1!
b1000110110 5
1O

#26010000
0!
0O

#26015000
1!
b1000110111 5
1O

#26020000
0!
0O

#26025000
1!
b1000111000 5
1O

#26030000
0!
0O

#26035000
1!
b1000111001 5
1O

#26040000
0!
0O

#26045000
1!
b1000111010 5
1O

#26050000
0!
0O

#26055000
1!
b1000111011 5
1O

#26060000
0!
0O

#26065000
1!
b1000111100 5
1O

#26070000
0!
0O

#26075000
1!
b1000111101 5
1O

#26080000
0!
0O

#26085000
1!
b1000111110 5
1O

#26090000
0!
0O

#26095000
1!
b1000111111 5
1O

#26100000
0!
0O

#26105000
1!
b1001000000 5
1O

#26110000
0!
0O

#26115000
1!
b1001000001 5
1O

#26120000
0!
0O

#26125000
1!
b1001000010 5
1O

#26130000
0!
0O

#26135000
1!
b1001000011 5
1O

#26140000
0!
0O

#26145000
1!
b1001000100 5
1O

#26150000
0!
0O

#26155000
1!
b1001000101 5
1O

#26160000
0!
0O

#26165000
1!
b1001000110 5
1O

#26170000
0!
0O

#26175000
1!
b1001000111 5
1O

#26180000
0!
0O

#26185000
1!
b1001001000 5
1O

#26190000
0!
0O

#26195000
1!
b1001001001 5
1O

#26200000
0!
0O

#26205000
1!
b1001001010 5
1O

#26210000
0!
0O

#26215000
1!
b1001001011 5
1O

#26220000
0!
0O

#26225000
1!
b1001001100 5
1O

#26230000
0!
0O

#26235000
1!
b1001001101 5
1O

#26240000
0!
0O

#26245000
1!
b1001001110 5
1O

#26250000
0!
0O

#26255000
1!
b1001001111 5
1O

#26260000
0!
0O

#26265000
1!
b1001010000 5
1O

#26270000
0!
0O

#26275000
1!
b1001010001 5
1O

#26280000
0!
0O

#26285000
1!
b1001010010 5
1O

#26290000
0!
0O

#26295000
1!
b1001010011 5
1O

#26300000
0!
0O

#26305000
1!
b1001010100 5
1O

#26310000
0!
0O

#26315000
1!
b1001010101 5
1O

#26320000
0!
0O

#26325000
1!
b1001010110 5
1O

#26330000
0!
0O

#26335000
1!
b1001010111 5
1O

#26340000
0!
0O

#26345000
1!
b1001011000 5
1O

#26350000
0!
0O

#26355000
1!
b1001011001 5
1O

#26360000
0!
0O

#26365000
1!
b1001011010 5
1O

#26370000
0!
0O

#26375000
1!
b1001011011 5
1O

#26380000
0!
0O

#26385000
1!
b1001011100 5
1O

#26390000
0!
0O

#26395000
1!
b1001011101 5
1O

#26400000
0!
0O

#26405000
1!
b1001011110 5
1O

#26410000
0!
0O

#26415000
1!
b1001011111 5
1O

#26420000
0!
0O

#26425000
1!
b1001100000 5
1O

#26430000
0!
0O

#26435000
1!
b1001100001 5
1O

#26440000
0!
0O

#26445000
1!
b1001100010 5
1O

#26450000
0!
0O

#26455000
1!
b1001100011 5
1O

#26460000
0!
0O

#26465000
1!
b1001100100 5
1O

#26470000
0!
0O

#26475000
1!
b1001100101 5
1O

#26480000
0!
0O

#26485000
1!
b1001100110 5
1O

#26490000
0!
0O

#26495000
1!
b1001100111 5
1O

#26500000
0!
0O

#26505000
1!
b1001101000 5
1O

#26510000
0!
0O

#26515000
1!
b1001101001 5
1O

#26520000
0!
0O

#26525000
1!
b1001101010 5
1O

#26530000
0!
0O

#26535000
1!
b1001101011 5
1O

#26540000
0!
0O

#26545000
1!
b1001101100 5
1O

#26550000
0!
0O

#26555000
1!
b1001101101 5
1O

#26560000
0!
0O

#26565000
1!
b1001101110 5
1O

#26570000
0!
0O

#26575000
1!
b1001101111 5
1O

#26580000
0!
0O

#26585000
1!
b1001110000 5
1O

#26590000
0!
0O

#26595000
1!
b1001110001 5
1O

#26600000
0!
0O

#26605000
1!
b1001110010 5
1O

#26610000
0!
0O

#26615000
1!
b1001110011 5
1O

#26620000
0!
0O

#26625000
1!
b1001110100 5
1O

#26630000
0!
0O

#26635000
1!
b1001110101 5
1O

#26640000
0!
0O

#26645000
1!
b1001110110 5
1O

#26650000
0!
0O

#26655000
1!
b1001110111 5
1O

#26660000
0!
0O

#26665000
1!
b1001111000 5
1O

#26670000
0!
0O

#26675000
1!
b1001111001 5
1O

#26680000
0!
0O

#26685000
1!
b1001111010 5
1O

#26690000
0!
0O

#26695000
1!
b1001111011 5
1O

#26700000
0!
0O

#26705000
1!
b1001111100 5
1O

#26710000
0!
0O

#26715000
1!
b1001111101 5
1O

#26720000
0!
0O

#26725000
1!
b1001111110 5
1O

#26730000
0!
0O

#26735000
1!
b1001111111 5
1O

#26740000
0!
0O

#26745000
1!
b1010000000 5
1O

#26750000
0!
0O

#26755000
1!
b1010000001 5
1O

#26760000
0!
0O

#26765000
1!
b1010000010 5
1O

#26770000
0!
0O

#26775000
1!
b1010000011 5
1O

#26780000
0!
0O

#26785000
1!
b1010000100 5
1O

#26790000
0!
0O

#26795000
1!
b1010000101 5
1O

#26800000
0!
0O

#26805000
1!
b1010000110 5
1O

#26810000
0!
0O

#26815000
1!
b1010000111 5
1O

#26820000
0!
0O

#26825000
1!
b1010001000 5
1O

#26830000
0!
0O

#26835000
1!
b1010001001 5
1O

#26840000
0!
0O

#26845000
1!
b1010001010 5
1O

#26850000
0!
0O

#26855000
1!
b1010001011 5
1O

#26860000
0!
0O

#26865000
1!
b1010001100 5
1O

#26870000
0!
0O

#26875000
1!
b1010001101 5
1O

#26880000
0!
0O

#26885000
1!
b1010001110 5
1O

#26890000
0!
0O

#26895000
1!
b1010001111 5
1O

#26900000
0!
0O

#26905000
1!
b1010010000 5
1O

#26910000
0!
0O

#26915000
1!
b1010010001 5
1O

#26920000
0!
0O

#26925000
1!
b1010010010 5
1O

#26930000
0!
0O

#26935000
1!
b1010010011 5
1O

#26940000
0!
0O

#26945000
1!
b1010010100 5
1O

#26950000
0!
0O

#26955000
1!
b1010010101 5
1O

#26960000
0!
0O

#26965000
1!
b1010010110 5
1O

#26970000
0!
0O

#26975000
1!
b1010010111 5
1O

#26980000
0!
0O

#26985000
1!
b1010011000 5
1O

#26990000
0!
0O

#26995000
1!
b1010011001 5
1O

#27000000
0!
0O

#27005000
1!
b1010011010 5
1O

#27010000
0!
0O

#27015000
1!
b1010011011 5
1O

#27020000
0!
0O

#27025000
1!
b1010011100 5
1O

#27030000
0!
0O

#27035000
1!
b1010011101 5
1O

#27040000
0!
0O

#27045000
1!
b1010011110 5
1O

#27050000
0!
0O

#27055000
1!
b1010011111 5
1O

#27060000
0!
0O

#27065000
1!
b1010100000 5
1O

#27070000
0!
0O

#27075000
1!
b1010100001 5
1O

#27080000
0!
0O

#27085000
1!
b1010100010 5
1O

#27090000
0!
0O

#27095000
1!
b1010100011 5
1O

#27100000
0!
0O

#27105000
1!
b1010100100 5
1O

#27110000
0!
0O

#27115000
1!
b1010100101 5
1O

#27120000
0!
0O

#27125000
1!
b1010100110 5
1O

#27130000
0!
0O

#27135000
1!
b1010100111 5
1O

#27140000
0!
0O

#27145000
1!
b1010101000 5
1O

#27150000
0!
0O

#27155000
1!
b1010101001 5
1O

#27160000
0!
0O

#27165000
1!
b1010101010 5
1O

#27170000
0!
0O

#27175000
1!
b1010101011 5
1O

#27180000
0!
0O

#27185000
1!
b1010101100 5
1O

#27190000
0!
0O

#27195000
1!
b1010101101 5
1O

#27200000
0!
0O

#27205000
1!
b1010101110 5
1O

#27210000
0!
0O

#27215000
1!
b1010101111 5
1O

#27220000
0!
0O

#27225000
1!
b1010110000 5
1O

#27230000
0!
0O

#27235000
1!
b1010110001 5
1O

#27240000
0!
0O

#27245000
1!
b1010110010 5
1O

#27250000
0!
0O

#27255000
1!
b1010110011 5
1O

#27260000
0!
0O

#27265000
1!
b1010110100 5
1O

#27270000
0!
0O

#27275000
1!
b1010110101 5
1O

#27280000
0!
0O

#27285000
1!
b1010110110 5
1O

#27290000
0!
0O

#27295000
1!
b1010110111 5
1O

#27300000
0!
0O

#27305000
1!
b1010111000 5
1O

#27310000
0!
0O

#27315000
1!
b1010111001 5
1O

#27320000
0!
0O

#27325000
1!
b1010111010 5
1O

#27330000
0!
0O

#27335000
1!
b1010111011 5
1O

#27340000
0!
0O

#27345000
1!
b1010111100 5
1O

#27350000
0!
0O

#27355000
1!
b1010111101 5
1O

#27360000
0!
0O

#27365000
1!
b1010111110 5
1O

#27370000
0!
0O

#27375000
1!
b1010111111 5
1O

#27380000
0!
0O

#27385000
1!
b1011000000 5
1O

#27390000
0!
0O

#27395000
1!
b1011000001 5
1O

#27400000
0!
0O

#27405000
1!
b1011000010 5
1O

#27410000
0!
0O

#27415000
1!
b1011000011 5
1O

#27420000
0!
0O

#27425000
1!
b1011000100 5
1O

#27430000
0!
0O

#27435000
1!
b1011000101 5
1O

#27440000
0!
0O

#27445000
1!
b1011000110 5
1O

#27450000
0!
0O

#27455000
1!
b1011000111 5
1O

#27460000
0!
0O

#27465000
1!
b1011001000 5
1O

#27470000
0!
0O

#27475000
1!
b1011001001 5
1O

#27480000
0!
0O

#27485000
1!
b1011001010 5
1O

#27490000
0!
0O

#27495000
1!
b1011001011 5
1O

#27500000
0!
0O

#27505000
1!
b1011001100 5
1O

#27510000
0!
0O

#27515000
1!
b1011001101 5
1O

#27520000
0!
0O

#27525000
1!
b1011001110 5
1O

#27530000
0!
0O

#27535000
1!
b1011001111 5
1O

#27540000
0!
0O

#27545000
1!
b1011010000 5
1O

#27550000
0!
0O

#27555000
1!
b1011010001 5
1O

#27560000
0!
0O

#27565000
1!
b1011010010 5
1O

#27570000
0!
0O

#27575000
1!
b1011010011 5
1O

#27580000
0!
0O

#27585000
1!
b1011010100 5
1O

#27590000
0!
0O

#27595000
1!
b1011010101 5
1O

#27600000
0!
0O

#27605000
1!
b1011010110 5
1O

#27610000
0!
0O

#27615000
1!
b1011010111 5
1O

#27620000
0!
0O

#27625000
1!
b1011011000 5
1O

#27630000
0!
0O

#27635000
1!
b1011011001 5
1O

#27640000
0!
0O

#27645000
1!
b1011011010 5
1O

#27650000
0!
0O

#27655000
1!
b1011011011 5
1O

#27660000
0!
0O

#27665000
1!
b1011011100 5
1O

#27670000
0!
0O

#27675000
1!
b1011011101 5
1O

#27680000
0!
0O

#27685000
1!
b1011011110 5
1O

#27690000
0!
0O

#27695000
1!
b1011011111 5
1O

#27700000
0!
0O

#27705000
1!
b1011100000 5
1O

#27710000
0!
0O

#27715000
1!
b1011100001 5
1O

#27720000
0!
0O

#27725000
1!
b1011100010 5
1O

#27730000
0!
0O

#27735000
1!
b1011100011 5
1O

#27740000
0!
0O

#27745000
1!
b1011100100 5
1O

#27750000
0!
0O

#27755000
1!
b1011100101 5
1O

#27760000
0!
0O

#27765000
1!
b1011100110 5
1O

#27770000
0!
0O

#27775000
1!
b1011100111 5
1O

#27780000
0!
0O

#27785000
1!
b1011101000 5
1O

#27790000
0!
0O

#27795000
1!
b1011101001 5
1O

#27800000
0!
0O

#27805000
1!
b1011101010 5
1O

#27810000
0!
0O

#27815000
1!
b1011101011 5
1O

#27820000
0!
0O

#27825000
1!
b1011101100 5
1O

#27830000
0!
0O

#27835000
1!
b1011101101 5
1O

#27840000
0!
0O

#27845000
1!
b1011101110 5
1O

#27850000
0!
0O

#27855000
1!
b1011101111 5
1O

#27860000
0!
0O

#27865000
1!
b1011110000 5
1O

#27870000
0!
0O

#27875000
1!
b1011110001 5
1O

#27880000
0!
0O

#27885000
1!
b1011110010 5
1O

#27890000
0!
0O

#27895000
1!
b1011110011 5
1O

#27900000
0!
0O

#27905000
1!
b1011110100 5
1O

#27910000
0!
0O

#27915000
1!
b1011110101 5
1O

#27920000
0!
0O

#27925000
1!
b1011110110 5
1O

#27930000
0!
0O

#27935000
1!
b1011110111 5
1O

#27940000
0!
0O

#27945000
1!
b1011111000 5
1O

#27950000
0!
0O

#27955000
1!
b1011111001 5
1O

#27960000
0!
0O

#27965000
1!
b1011111010 5
1O

#27970000
0!
0O

#27975000
1!
b1011111011 5
1O

#27980000
0!
0O

#27985000
1!
b1011111100 5
1O

#27990000
0!
0O

#27995000
1!
b1011111101 5
1O

#28000000
0!
0O

#28005000
1!
b1011111110 5
1O

#28010000
0!
0O

#28015000
1!
b1011111111 5
1O

#28020000
0!
0O

#28025000
1!
b1100000000 5
1O

#28030000
0!
0O

#28035000
1!
b1100000001 5
1O

#28040000
0!
0O

#28045000
1!
b1100000010 5
1O

#28050000
0!
0O

#28055000
1!
b1100000011 5
1O

#28060000
0!
0O

#28065000
1!
b1100000100 5
1O

#28070000
0!
0O

#28075000
1!
b1100000101 5
1O

#28080000
0!
0O

#28085000
1!
b1100000110 5
1O

#28090000
0!
0O

#28095000
1!
b1100000111 5
1O

#28100000
0!
0O

#28105000
1!
b1100001000 5
1O

#28110000
0!
0O

#28115000
1!
b1100001001 5
1O

#28120000
0!
0O

#28125000
1!
b1100001010 5
1O

#28130000
0!
0O

#28135000
1!
b1100001011 5
1O

#28140000
0!
0O

#28145000
1!
b1100001100 5
1O

#28150000
0!
0O

#28155000
1!
b1100001101 5
1O

#28160000
0!
0O

#28165000
1!
b1100001110 5
1O

#28170000
0!
0O

#28175000
1!
b1100001111 5
1O

#28180000
0!
0O

#28185000
1!
b1100010000 5
1O

#28190000
0!
0O

#28195000
1!
b1100010001 5
1O

#28200000
0!
0O

#28205000
1!
b1100010010 5
1O

#28210000
0!
0O

#28215000
1!
b1100010011 5
1O

#28220000
0!
0O

#28225000
1!
b1100010100 5
1O

#28230000
0!
0O

#28235000
1!
b1100010101 5
1O

#28240000
0!
0O

#28245000
1!
b1100010110 5
1O

#28250000
0!
0O

#28255000
1!
b1100010111 5
1O

#28260000
0!
0O

#28265000
1!
b1100011000 5
1O

#28270000
0!
0O

#28275000
1!
b1100011001 5
1O

#28280000
0!
0O

#28285000
1!
b1100011010 5
1O

#28290000
0!
0O

#28295000
1!
b1100011011 5
1O

#28300000
0!
0O

#28305000
1!
b1100011100 5
1O

#28310000
0!
0O

#28315000
1!
b1100011101 5
1O

#28320000
0!
0O

#28325000
1!
b1100011110 5
1O

#28330000
0!
0O

#28335000
1!
b1100011111 5
1O

#28340000
0!
0O

#28345000
1!
b1100100000 5
1O

#28350000
0!
0O

#28355000
1!
b1100100001 5
1O

#28360000
0!
0O

#28365000
1!
b1100100010 5
1O

#28370000
0!
0O

#28375000
1!
b1100100011 5
1O

#28380000
0!
0O

#28385000
1!
b1100100100 5
1O

#28390000
0!
0O

#28395000
1!
b1100100101 5
1O

#28400000
0!
0O

#28405000
1!
b1100100110 5
1O

#28410000
0!
0O

#28415000
1!
b1100100111 5
1O

#28420000
0!
0O

#28425000
1!
b1100101000 5
1O

#28430000
0!
0O

#28435000
1!
b1100101001 5
1O

#28440000
0!
0O

#28445000
1!
b1100101010 5
1O

#28450000
0!
0O

#28455000
1!
b1100101011 5
1O

#28460000
0!
0O

#28465000
1!
b1100101100 5
1O

#28470000
0!
0O

#28475000
1!
b1100101101 5
1O

#28480000
0!
0O

#28485000
1!
b1100101110 5
1O

#28490000
0!
0O

#28495000
1!
b1100101111 5
1O

#28500000
0!
0O

#28505000
1!
b1100110000 5
1O

#28510000
0!
0O

#28515000
1!
b1100110001 5
1O

#28520000
0!
0O

#28525000
1!
b1100110010 5
1O

#28530000
0!
0O

#28535000
1!
b1100110011 5
1O

#28540000
0!
0O

#28545000
1!
b1100110100 5
1O

#28550000
0!
0O

#28555000
1!
b1100110101 5
1O

#28560000
0!
0O

#28565000
1!
b1100110110 5
1O

#28570000
0!
0O

#28575000
1!
b1100110111 5
1O

#28580000
0!
0O

#28585000
1!
b1100111000 5
1O

#28590000
0!
0O

#28595000
1!
b1100111001 5
1O

#28600000
0!
0O

#28605000
1!
b1100111010 5
1O

#28610000
0!
0O

#28615000
1!
b1100111011 5
1O

#28620000
0!
0O

#28625000
1!
b1100111100 5
1O

#28630000
0!
0O

#28635000
1!
b1100111101 5
1O

#28640000
0!
0O

#28645000
1!
b1100111110 5
1O

#28650000
0!
0O

#28655000
1!
b1100111111 5
1O

#28660000
0!
0O

#28665000
1!
b1101000000 5
1O

#28670000
0!
0O

#28675000
1!
b1101000001 5
1O

#28680000
0!
0O

#28685000
1!
b1101000010 5
1O

#28690000
0!
0O

#28695000
1!
b1101000011 5
1O

#28700000
0!
0O

#28705000
1!
b1101000100 5
1O

#28710000
0!
0O

#28715000
1!
b1101000101 5
1O

#28720000
0!
0O

#28725000
1!
b1101000110 5
1O

#28730000
0!
0O

#28735000
1!
b1101000111 5
1O

#28740000
0!
0O

#28745000
1!
b1101001000 5
1O

#28750000
0!
0O

#28755000
1!
b1101001001 5
1O

#28760000
0!
0O

#28765000
1!
b1101001010 5
1O

#28770000
0!
0O

#28775000
1!
b1101001011 5
1O

#28780000
0!
0O

#28785000
1!
b1101001100 5
1O

#28790000
0!
0O

#28795000
1!
b1101001101 5
1O

#28800000
0!
0O

#28805000
1!
b1101001110 5
1O

#28810000
0!
0O

#28815000
1!
b1101001111 5
1O

#28820000
0!
0O

#28825000
1!
b1101010000 5
1O

#28830000
0!
0O

#28835000
1!
b1101010001 5
1O

#28840000
0!
0O

#28845000
1!
b1101010010 5
1O

#28850000
0!
0O

#28855000
1!
b1101010011 5
1O

#28860000
0!
0O

#28865000
1!
b1101010100 5
1O

#28870000
0!
0O

#28875000
1!
b1101010101 5
1O

#28880000
0!
0O

#28885000
1!
b1101010110 5
1O

#28890000
0!
0O

#28895000
1!
b1101010111 5
1O

#28900000
0!
0O

#28905000
1!
b1101011000 5
1O

#28910000
0!
0O

#28915000
1!
b1101011001 5
1O

#28920000
0!
0O

#28925000
1!
b1101011010 5
1O

#28930000
0!
0O

#28935000
1!
b1101011011 5
1O

#28940000
0!
0O

#28945000
1!
b1101011100 5
1O

#28950000
0!
0O

#28955000
1!
b1101011101 5
1O

#28960000
0!
0O

#28965000
1!
b1101011110 5
1O

#28970000
0!
0O

#28975000
1!
b1101011111 5
1O

#28980000
0!
0O

#28985000
1!
b1101100000 5
1O

#28990000
0!
0O

#28995000
1!
b1101100001 5
1O

#29000000
0!
0O

#29005000
1!
b1101100010 5
1O

#29010000
0!
0O

#29015000
1!
b1101100011 5
1O

#29020000
0!
0O

#29025000
1!
b1101100100 5
1O

#29030000
0!
0O

#29035000
1!
b1101100101 5
1O

#29040000
0!
0O

#29045000
1!
b1101100110 5
1O

#29050000
0!
0O

#29055000
1!
b1101100111 5
1O

#29060000
0!
0O

#29065000
1!
b1101101000 5
1O

#29070000
0!
0O

#29075000
1!
b1101101001 5
1O

#29080000
0!
0O

#29085000
1!
b1101101010 5
1O

#29090000
0!
0O

#29095000
1!
b1101101011 5
1O

#29100000
0!
0O

#29105000
1!
b1101101100 5
1O

#29110000
0!
0O

#29115000
1!
b1101101101 5
1O

#29120000
0!
0O

#29125000
1!
b1101101110 5
1O

#29130000
0!
0O

#29135000
1!
b1101101111 5
1O

#29140000
0!
0O

#29145000
1!
b1101110000 5
1O

#29150000
0!
0O

#29155000
1!
b1101110001 5
1O

#29160000
0!
0O

#29165000
1!
b1101110010 5
1O

#29170000
0!
0O

#29175000
1!
b1101110011 5
1O

#29180000
0!
0O

#29185000
1!
b1101110100 5
1O

#29190000
0!
0O

#29195000
1!
b1101110101 5
1O

#29200000
0!
0O

#29205000
1!
b1101110110 5
1O

#29210000
0!
0O

#29215000
1!
b1101110111 5
1O

#29220000
0!
0O

#29225000
1!
b1101111000 5
1O

#29230000
0!
0O

#29235000
1!
b1101111001 5
1O

#29240000
0!
0O

#29245000
1!
b1101111010 5
1O

#29250000
0!
0O

#29255000
1!
b1101111011 5
1O

#29260000
0!
0O

#29265000
1!
b1101111100 5
1O

#29270000
0!
0O

#29275000
1!
b1101111101 5
1O

#29280000
0!
0O

#29285000
1!
b1101111110 5
1O

#29290000
0!
0O

#29295000
1!
b1101111111 5
1O

#29300000
0!
0O

#29305000
1!
b1110000000 5
1O

#29310000
0!
0O

#29315000
1!
b1110000001 5
1O

#29320000
0!
0O

#29325000
1!
b1110000010 5
1O

#29330000
0!
0O

#29335000
1!
b1110000011 5
1O

#29340000
0!
0O

#29345000
1!
b1110000100 5
1O

#29350000
0!
0O

#29355000
1!
b1110000101 5
1O

#29360000
0!
0O

#29365000
1!
b1110000110 5
1O

#29370000
0!
0O

#29375000
1!
b1110000111 5
1O

#29380000
0!
0O

#29385000
1!
b1110001000 5
1O

#29390000
0!
0O

#29395000
1!
b1110001001 5
1O

#29400000
0!
0O

#29405000
1!
b1110001010 5
1O

#29410000
0!
0O

#29415000
1!
b1110001011 5
1O

#29420000
0!
0O

#29425000
1!
b1110001100 5
1O

#29430000
0!
0O

#29435000
1!
b1110001101 5
1O

#29440000
0!
0O

#29445000
1!
b1110001110 5
1O

#29450000
0!
0O

#29455000
1!
b1110001111 5
1O

#29460000
0!
0O

#29465000
1!
b1110010000 5
1O

#29470000
0!
0O

#29475000
1!
b1110010001 5
1O

#29480000
0!
0O

#29485000
1!
b1110010010 5
1O

#29490000
0!
0O

#29495000
1!
b1110010011 5
1O

#29500000
0!
0O

#29505000
1!
b1110010100 5
1O

#29510000
0!
0O

#29515000
1!
b1110010101 5
1O

#29520000
0!
0O

#29525000
1!
b1110010110 5
1O

#29530000
0!
0O

#29535000
1!
b1110010111 5
1O

#29540000
0!
0O

#29545000
1!
b1110011000 5
1O

#29550000
0!
0O

#29555000
1!
b1110011001 5
1O

#29560000
0!
0O

#29565000
1!
b1110011010 5
1O

#29570000
0!
0O

#29575000
1!
b1110011011 5
1O

#29580000
0!
0O

#29585000
1!
b1110011100 5
1O

#29590000
0!
0O

#29595000
1!
b1110011101 5
1O

#29600000
0!
0O

#29605000
1!
b1110011110 5
1O

#29610000
0!
0O

#29615000
1!
b1110011111 5
1O

#29620000
0!
0O

#29625000
1!
b1110100000 5
1O

#29630000
0!
0O

#29635000
1!
b1110100001 5
1O

#29640000
0!
0O

#29645000
1!
b1110100010 5
1O

#29650000
0!
0O

#29655000
1!
b1110100011 5
1O

#29660000
0!
0O

#29665000
1!
b1110100100 5
1O

#29670000
0!
0O

#29675000
1!
b1110100101 5
1O

#29680000
0!
0O

#29685000
1!
b1110100110 5
1O

#29690000
0!
0O

#29695000
1!
b1110100111 5
1O

#29700000
0!
0O

#29705000
1!
b1110101000 5
1O

#29710000
0!
0O

#29715000
1!
b1110101001 5
1O

#29720000
0!
0O

#29725000
1!
b1110101010 5
1O

#29730000
0!
0O

#29735000
1!
b1110101011 5
1O

#29740000
0!
0O

#29745000
1!
b1110101100 5
1O

#29750000
0!
0O

#29755000
1!
b1110101101 5
1O

#29760000
0!
0O

#29765000
1!
b1110101110 5
1O

#29770000
0!
0O

#29775000
1!
b1110101111 5
1O

#29780000
0!
0O

#29785000
1!
b1110110000 5
1O

#29790000
0!
0O

#29795000
1!
b1110110001 5
1O

#29800000
0!
0O

#29805000
1!
b1110110010 5
1O

#29810000
0!
0O

#29815000
1!
b1110110011 5
1O

#29820000
0!
0O

#29825000
1!
b1110110100 5
1O

#29830000
0!
0O

#29835000
1!
b1110110101 5
1O

#29840000
0!
0O

#29845000
1!
b1110110110 5
1O

#29850000
0!
0O

#29855000
1!
b1110110111 5
1O

#29860000
0!
0O

#29865000
1!
b1110111000 5
1O

#29870000
0!
0O

#29875000
1!
b1110111001 5
1O

#29880000
0!
0O

#29885000
1!
b1110111010 5
1O

#29890000
0!
0O

#29895000
1!
b1110111011 5
1O

#29900000
0!
0O

#29905000
1!
b1110111100 5
1O

#29910000
0!
0O

#29915000
1!
b1110111101 5
1O

#29920000
0!
0O

#29925000
1!
b1110111110 5
1O

#29930000
0!
0O

#29935000
1!
b1110111111 5
1O

#29940000
0!
0O

#29945000
1!
b1111000000 5
1O

#29950000
0!
0O

#29955000
1!
b1111000001 5
1O

#29960000
0!
0O

#29965000
1!
b1111000010 5
1O

#29970000
0!
0O

#29975000
1!
b1111000011 5
1O

#29980000
0!
0O

#29985000
1!
b1111000100 5
1O

#29990000
0!
0O

#29995000
1!
b1111000101 5
1O

#30000000
0!
0O

#30005000
1!
b1111000110 5
1O

#30010000
0!
0O

#30015000
1!
b1111000111 5
1O

#30020000
0!
0O

#30025000
1!
b1111001000 5
1O

#30030000
0!
0O

#30035000
1!
b1111001001 5
1O

#30040000
0!
0O

#30045000
1!
b1111001010 5
1O

#30050000
0!
0O

#30055000
1!
b1111001011 5
1O

#30060000
0!
0O

#30065000
1!
b1111001100 5
1O

#30070000
0!
0O

#30075000
1!
b1111001101 5
1O

#30080000
0!
0O

#30085000
1!
b1111001110 5
1O

#30090000
0!
0O

#30095000
1!
b1111001111 5
1O

#30100000
0!
0O

#30105000
1!
b1111010000 5
1O

#30110000
0!
0O

#30115000
1!
b1111010001 5
1O

#30120000
0!
0O

#30125000
1!
b1111010010 5
1O

#30130000
0!
0O

#30135000
1!
b1111010011 5
1O

#30140000
0!
0O

#30145000
1!
b1111010100 5
1O

#30150000
0!
0O

#30155000
1!
b1111010101 5
1O

#30160000
0!
0O

#30165000
1!
b1111010110 5
1O

#30170000
0!
0O

#30175000
1!
b1111010111 5
1O

#30180000
0!
0O

#30185000
1!
b1111011000 5
1O

#30190000
0!
0O

#30195000
1!
b1111011001 5
1O

#30200000
0!
0O

#30205000
1!
b1111011010 5
1O

#30210000
0!
0O

#30215000
1!
b1111011011 5
1O

#30220000
0!
0O

#30225000
1!
b1111011100 5
1O

#30230000
0!
0O

#30235000
1!
b1111011101 5
1O

#30240000
0!
0O

#30245000
1!
b1111011110 5
1O

#30250000
0!
0O

#30255000
1!
b1111011111 5
1O

#30260000
0!
0O

#30265000
1!
b1111100000 5
1O

#30270000
0!
0O

#30275000
1!
b1111100001 5
1O

#30280000
0!
0O

#30285000
1!
b1111100010 5
1O

#30290000
0!
0O

#30295000
1!
b1111100011 5
1O

#30300000
0!
0O

#30305000
1!
b1111100100 5
1O

#30310000
0!
0O

#30315000
1!
b1111100101 5
1O

#30320000
0!
0O

#30325000
1!
b1111100110 5
1O

#30330000
0!
0O

#30335000
1!
b1 4
b1111100111 5
1O

#30340000
0!
0O

#30345000
1!
b1 /
b0 5
1O
b1 X

#30350000
0!
0O

#30355000
1!
1O

#30360000
0!
0O

#30365000
1!
1O

#30370000
0!
0O

#30375000
1!
1O

#30380000
0!
0O

#30385000
1!
1O

#30390000
0!
0O

#30395000
1!
1O

#30400000
0!
0O
b101 U

#30405000
1!
1O

#30410000
0!
1&
b10 4
0O
1R

#30415000
1!
b10 /
1O
b10 X

#30420000
0!
0&
b1 K
b1001000110100 L
0O
0R

#30425000
1!
b1 5
1O

#30430000
0!
1(
b1 )
16
17
0O
1S
b1 T

#30435000
1!
b1 0
b1 1
b0 5
1O
b1 Y
b1 Z

#30440000
0!
0(
07
b10 K
0O
0S

#30445000
1!
b1 5
1O

#30450000
0!
1(
b10 )
17
0O
1S
b10 T

#30455000
1!
b10010 0
b10 1
b0 5
1O
b10010 Y
b10 Z

#30460000
0!
0(
07
b11 K
0O
0S

#30465000
1!
b1 5
1O

#30470000
0!
1(
b11 )
17
0O
1S
b11 T

#30475000
1!
b100100011 0
b11 1
b0 5
1O
b100100011 Y
b11 Z

#30480000
0!
0(
07
b100 K
0O
0S

#30485000
1!
b1 5
1O

#30490000
0!
1(
b100 )
17
0O
1S
b100 T

#30495000
1!
b1001000110100 0
b100 1
b0 5
1O
b1001000110100 Y
b100 Z

#30500000
0!
0(
07
b1010 K
0O
0S

#30505000
1!
b1 5
1O

#30510000
0!
1(
b1010 )
b100 4
06
17
0O
1S
b1010 T

#30515000
1!
1-
b100 /
b1 4
b0 5
1O
1V
b100 X

#30520000
0!
0(
b100 4
07
0O
0S

#30525000
1!
b1 5
1O

#30530000
0!
0O

#30535000
1!
b10 5
1O

#30540000
0!
0O

#30545000
1!
b11 5
1O

#30550000
0!
1(
b1 4
17
0O
1S

#30555000
1!
0-
b1 /
b0 0
b0 1
b0 5
1O
0V
b1 X
b0 Y
b0 Z

#30560000
0!
0(
07
0O
0S

#30565000
1!
1O

#30570000
0!
0O

#30575000
1!
1O

#30580000
0!
1N
0O
