$date
   Thu Sep 17 18:58:27 2026
$end

$version
  2023.2
$end

$timescale
  1ps
$end

$scope module tb_lock_controller_fsm $end
$var reg 1 [ clk $end
$var reg 1 \ rst $end
$var reg 1 ] flash_init_done $end
$var reg 1 ^ flash_fault $end
$var reg 1 _ sw1_event $end
$var reg 1 ` admin_event $end
$var reg 1 a alarm_clear_event $end
$var reg 1 b temporary_event $end
$var reg 1 c key_valid $end
$var reg 1 d save_done $end
$var reg 1 e save_success $end
$var reg 1 f temporary_valid $end
$var reg 4 g key_code [3:0] $end
$var reg 16 h stored_password [15:0] $end
$var reg 16 i temporary_password [15:0] $end
$var reg 8 j scenario [7:0] $end
$var reg 1 k test_pass $end
$var wire 1 l save_request $end
$var wire 1 m capture_start $end
$var wire 1 n unlocked $end
$var wire 1 o alarm_active $end
$var wire 1 p display_fault $end
$var wire 16 q save_password [15:0] $end
$var wire 16 r entry_digits [15:0] $end
$var wire 4 s state [3:0] $end
$var wire 3 t entry_count [2:0] $end
$var wire 3 u error_count [2:0] $end
$var wire 4 v next_state [3:0] $end
$var wire 11 w timer_count [10:0] $end
$var wire 1 x activity $end
$var integer 32 y checks [31:0] $end
$var integer 32 z capture_pulses [31:0] $end
$var integer 32 { save_pulses [31:0] $end
$var integer 32 | segfile [31:0] $end
$var integer 32 } eventfile [31:0] $end
$var integer 32 ~ covfile [31:0] $end
$var integer 32 !! start_ns [31:0] $end
$var integer 32 "! n [31:0] $end
$var integer 32 #! s [31:0] $end
$var integer 32 $! a [31:0] $end
$var integer 32 %! b [31:0] $end
$var reg 4 &! previous_state [3:0] $end
$var reg 1 '! previous_rst $end
$var reg 1 (! previous_capture $end
$var reg 1 )! previous_save $end
$scope module dut $end
$var wire 1 ! clk $end
$var wire 1 " rst $end
$var wire 1 # flash_init_done $end
$var wire 16 $ stored_password [15:0] $end
$var wire 1 % flash_fault $end
$var wire 1 & sw1_event $end
$var wire 1 ' admin_event $end
$var wire 1 ( alarm_clear_event $end
$var wire 1 ) temporary_event $end
$var wire 16 * temporary_password [15:0] $end
$var wire 1 + temporary_valid $end
$var wire 1 , key_valid $end
$var wire 4 - key_code [3:0] $end
$var wire 1 . save_done $end
$var wire 1 / save_success $end
$var reg 1 0 save_request $end
$var reg 16 1 save_password [15:0] $end
$var reg 1 2 capture_start $end
$var reg 1 3 unlocked $end
$var reg 1 4 alarm_active $end
$var reg 4 5 state [3:0] $end
$var reg 16 6 entry_digits [15:0] $end
$var reg 3 7 entry_count [2:0] $end
$var reg 3 8 error_count [2:0] $end
$var reg 1 9 display_fault $end
$var reg 4 : next_state [3:0] $end
$var reg 11 ; timer_count [10:0] $end
$var wire 1 < is_digit $end
$var wire 1 = activity $end
$var parameter 0 > CLOCK_HZ [31:0] $end
$var parameter 0 ? LOCK_TIMEOUT_S [31:0] $end
$var parameter 0 @ OPEN_TIMEOUT_S [31:0] $end
$var parameter 0 A ERROR_DISPLAY_MS [31:0] $end
$var parameter 4 B ST_BOOT [3:0] $end
$var parameter 4 C ST_WAIT [3:0] $end
$var parameter 4 D ST_USER [3:0] $end
$var parameter 4 E ST_ERROR [3:0] $end
$var parameter 4 F ST_OPEN [3:0] $end
$var parameter 4 G ST_ADMIN [3:0] $end
$var parameter 4 H ST_SAVE [3:0] $end
$var parameter 4 I ST_ALARM [3:0] $end
$var parameter 4 J ST_TEMP [3:0] $end
$var parameter 0 K LOCK_TICKS [31:0] $end
$var parameter 0 L OPEN_TICKS [31:0] $end
$var parameter 0 M ERROR_TICKS [31:0] $end
$var parameter 0 N MAX_TICKS [31:0] $end
$var parameter 0 O MAX_TICKS2 [31:0] $end
$var parameter 0 P TW [31:0] $end
$upscope $end
$scope task check $end
$var reg 1 Q ok $end
$upscope $end
$scope task idle $end
$var integer 32 R cycles [31:0] $end
$upscope $end
$scope task begin_segment $end
$var integer 32 S id [31:0] $end
$upscope $end
$scope task events $end
$var reg 1 T sw $end
$var reg 1 U adm $end
$var reg 1 V clr $end
$var reg 1 W tmp $end
$upscope $end
$scope task key $end
$var reg 4 X code [3:0] $end
$upscope $end
$scope task digits $end
$var reg 16 Y value [15:0] $end
$upscope $end
$scope task until_timer $end
$var integer 32 Z value [31:0] $end
$upscope $end
$upscope $end
$enddefinitions $end

#0
$dumpvars
0!
b0 !!
1"
bx "!
0#
bx #!
b1001000110100 $
b1001 $!
0%
b1001 %!
0&
b0 &!
0'
1'!
0(
0(!
0)
0)!
b0 *
0+
0,
b0 -
0.
0/
x0
bx 1
x2
x3
x4
bx 5
bx 6
bx 7
bx 8
x9
b0 :
bx ;
1<
0=
b1111101000 >
b1 ?
b10 @
b10100 A
b0 B
b1 C
b10 D
b11 E
b100 F
b101 G
b110 H
b111 I
b1000 J
b1111101000 K
b11111010000 L
b10100 M
b11111010000 N
b11111010000 O
b1011 P
0Q
b11 R
b1 S
0T
0U
0V
0W
bx X
bx Y
bx Z
0[
1\
0]
0^
0_
0`
0a
0b
0c
0d
0e
0f
b0 g
b1001000110100 h
b0 i
b1 j
0k
xl
xm
xn
xo
xp
bx q
bx r
bx s
bx t
bx u
b0 v
bx w
0x
b0 y
b0 z
b0 {
b11111111111111111011000111100000 |
b11111111111111111011000111100001 }
b11111111111111111011000111100010 ~
$end

#5000
1!
00
b1001000110100 1
02
03
04
b0 5
b0 6
b0 7
b0 8
09
b0 ;
1[
0l
0m
0n
0o
0p
b1001000110100 q
b0 r
b0 s
b0 t
b0 u
b0 w

#10000
0!
0[

#15000
1!
1[

#20000
0!
0[

#25000
1!
1[

#30000
0!
0[

#35000
1!
1[

#40000
0!
0[

#45000
1!
1[

#50000
0!
0[

#55000
1!
1[

#60000
0!
0"
1T
1U
1V
1W
0[
0\

#65000
1!
1[

#66000
0'!
1Q
b11 y

#70000
0!
1&
1'
1(
1)
0[
1_
1`
1a
1b

#75000
1!
1[

#76000
b110 y

#80000
0!
0&
0'
0(
0)
b1 X
0[
0_
0`
0a
0b

#85000
1!
1[

#86000
b1001 y

#90000
0!
1,
b1 -
1=
0[
1c
b1 g
1x

#95000
1!
1[

#96000
b1100 y

#100000
0!
1#
0,
b1 :
0=
b10 R
0[
1]
0c
b1 v
0x
b1101 y

#105000
1!
b1 5
1[
b1 s

#106000
b1 &!
b10000 y

#110000
0!
0[

#115000
1!
1[

#116000
b10011 y

#120000
0!
b100 R
0[
b10100 y

#125000
1!
1[

#126000
b10111 y

#130000
0!
0[

#135000
1!
1[

#136000
b11010 y

#140000
0!
0[

#145000
1!
1[

#146000
b11101 y

#150000
0!
0[

#155000
1!
1[

#156000
b100000 y

#160000
0!
b10100000 !!
b11 R
b10 S
0[
b10 j

#165000
1!
1[

#166000
b100011 y

#170000
0!
0[

#175000
1!
1[

#176000
b100110 y

#180000
0!
0[

#185000
1!
1[

#186000
b101001 y

#190000
0!
0U
0V
0W
0[

#195000
1!
1[

#196000
b101100 y

#200000
0!
1&
b10 :
0[
1_
b10 v

#205000
1!
b10 5
1[
b10 s

#206000
b10 &!
b101111 y

#210000
0!
0&
b1011 X
0[
0_

#215000
1!
b1 ;
1[
b1 w

#216000
b110010 y

#220000
0!
1,
b1011 -
0<
1=
0[
1c
b1011 g
1x

#225000
1!
b0 ;
1[
b0 w

#226000
b110101 y

#230000
0!
0,
0=
b1 X
0[
0c
0x
b110110 y

#235000
1!
b1 ;
1[
b1 w

#236000
b111001 y

#240000
0!
1,
b1 -
1<
1=
0[
1c
b1 g
1x

#245000
1!
b1 6
b1 7
b0 ;
1[
b1 r
b1 t
b0 w

#246000
b111100 y

#250000
0!
0,
0=
b10 X
0[
0c
0x

#255000
1!
b1 ;
1[
b1 w

#256000
b111111 y

#260000
0!
1,
b10 -
1=
0[
1c
b10 g
1x

#265000
1!
b10010 6
b10 7
b0 ;
1[
b10010 r
b10 t
b0 w

#266000
b1000010 y

#270000
0!
0,
0=
b1010 X
0[
0c
0x

#275000
1!
b1 ;
1[
b1 w

#276000
b1000101 y

#280000
0!
1,
b1010 -
0<
1=
0[
1c
b1010 g
1x

#285000
1!
b0 ;
1[
b0 w

#286000
b1001000 y

#290000
0!
0,
0=
b1001 X
0[
0c
0x
b1001001 y

#295000
1!
b1 ;
1[
b1 w

#296000
b1001100 y

#300000
0!
1,
b1001 -
1<
1=
0[
1c
b1001 g
1x

#305000
1!
b100101001 6
b11 7
b0 ;
1[
b100101001 r
b11 t
b0 w

#306000
b1001111 y

#310000
0!
0,
0=
b1011 X
0[
0c
0x

#315000
1!
b1 ;
1[
b1 w

#316000
b1010010 y

#320000
0!
1,
b1011 -
0<
1=
0[
1c
b1011 g
1x

#325000
1!
b10010 6
b10 7
b0 ;
1[
b10010 r
b10 t
b0 w

#326000
b1010101 y

#330000
0!
0,
0=
b11 X
0[
0c
0x
b1010110 y

#335000
1!
b1 ;
1[
b1 w

#336000
b1011001 y

#340000
0!
1,
b11 -
1<
1=
0[
1c
b11 g
1x

#345000
1!
b100100011 6
b11 7
b0 ;
1[
b100100011 r
b11 t
b0 w

#346000
b1011100 y

#350000
0!
0,
0=
b100 X
0[
0c
0x

#355000
1!
b1 ;
1[
b1 w

#356000
b1011111 y

#360000
0!
1,
b100 -
1=
0[
1c
b100 g
1x

#365000
1!
b1001000110100 6
b100 7
b0 ;
1[
b1001000110100 r
b100 t
b0 w

#366000
b1100010 y

#370000
0!
0,
0=
b1000 X
0[
0c
0x

#375000
1!
b1 ;
1[
b1 w

#376000
b1100101 y

#380000
0!
1,
b1000 -
1=
0[
1c
b1000 g
1x

#385000
1!
b0 ;
1[
b0 w

#386000
b1101000 y

#390000
0!
0,
0=
b1101 X
0[
0c
0x

#395000
1!
b1 ;
1[
b1 w

#396000
b1101011 y

#400000
0!
1,
b1101 -
0<
0=
0[
1c
b1101 g
0x

#405000
1!
b10 ;
1[
b10 w

#406000
b1101110 y

#410000
0!
0,
b1010 X
0[
0c
b1101111 y

#415000
1!
b11 ;
1[
b11 w

#416000
b1110010 y

#420000
0!
1,
b1010 -
b100 :
1=
0[
1c
b1010 g
b100 v
1x

#425000
1!
13
b100 5
b1 :
b0 ;
1[
1n
b100 s
b1 v
b0 w

#426000
b100 &!
b1110101 y

#430000
0!
0,
b100 :
0=
0[
0c
b100 v
0x
b1110110 y

#435000
1!
b1 ;
1[
b1 w

#436000
b1111001 y

#440000
0!
1,
b1 :
1=
0[
1c
b1 v
1x

#445000
1!
03
b1 5
b0 6
b0 7
b0 ;
1[
0n
b0 r
b1 s
b0 t
b0 w

#446000
b1 &!
b1111100 y

#450000
0!
0,
0=
b100 R
0[
0c
0x
b1111101 y

#455000
1!
1[

#456000
b10000000 y

#460000
0!
0[

#465000
1!
1[

#466000
b10000011 y

#470000
0!
0[

#475000
1!
1[

#476000
b10000110 y

#480000
0!
0[

#485000
1!
1[

#486000
b10001001 y

#490000
0!
b111101010 !!
b11 R
b11 S
0[
b11 j

#495000
1!
1[

#496000
b10001100 y

#500000
0!
0[

#505000
1!
1[

#506000
b10001111 y

#510000
0!
0[

#515000
1!
1[

#516000
b10010010 y

#520000
0!
0[

#525000
1!
1[

#526000
b10010101 y

#530000
0!
1&
b10 :
0[
1_
b10 v

#535000
1!
b10 5
1[
b10 s

#536000
b10 &!
b10011000 y

#540000
0!
0&
b1 X
b1000100010001 Y
0[
0_

#545000
1!
b1 ;
1[
b1 w

#546000
b10011011 y

#550000
0!
1,
b1 -
1<
1=
0[
1c
b1 g
1x

#555000
1!
b1 6
b1 7
b0 ;
1[
b1 r
b1 t
b0 w

#556000
b10011110 y

#560000
0!
0,
0=
0[
0c
0x

#565000
1!
b1 ;
1[
b1 w

#566000
b10100001 y

#570000
0!
1,
1=
0[
1c
1x

#575000
1!
b10001 6
b10 7
b0 ;
1[
b10001 r
b10 t
b0 w

#576000
b10100100 y

#580000
0!
0,
0=
0[
0c
0x

#585000
1!
b1 ;
1[
b1 w

#586000
b10100111 y

#590000
0!
1,
1=
0[
1c
1x

#595000
1!
b100010001 6
b11 7
b0 ;
1[
b100010001 r
b11 t
b0 w

#596000
b10101010 y

#600000
0!
0,
0=
0[
0c
0x

#605000
1!
b1 ;
1[
b1 w

#606000
b10101101 y

#610000
0!
1,
1=
0[
1c
1x

#615000
1!
b1000100010001 6
b100 7
b0 ;
1[
b1000100010001 r
b100 t
b0 w

#616000
b10110000 y

#620000
0!
0,
0=
b1010 X
0[
0c
0x

#625000
1!
b1 ;
1[
b1 w

#626000
b10110011 y

#630000
0!
1,
b1010 -
b11 :
0<
1=
0[
1c
b1010 g
b11 v
1x

#635000
1!
b11 5
b1 8
b0 ;
1[
b11 s
b1 u
b0 w

#636000
b11 &!
b10110110 y

#640000
0!
0,
0=
0[
0c
0x

#645000
1!
b1 ;
1[
b1 w

#646000
b10111001 y

#650000
0!
0[

#655000
1!
b10 ;
1[
b10 w

#656000
b10111100 y

#660000
0!
0[

#665000
1!
b11 ;
1[
b11 w

#666000
b10111111 y

#670000
0!
0[

#675000
1!
b100 ;
1[
b100 w

#676000
b11000010 y

#680000
0!
0[

#685000
1!
b101 ;
1[
b101 w

#686000
b11000101 y

#690000
0!
0[

#695000
1!
b110 ;
1[
b110 w

#696000
b11001000 y

#700000
0!
0[

#705000
1!
b111 ;
1[
b111 w

#706000
b11001011 y

#710000
0!
0[

#715000
1!
b1000 ;
1[
b1000 w

#716000
b11001110 y

#720000
0!
0[

#725000
1!
b1001 ;
1[
b1001 w

#726000
b11010001 y

#730000
0!
0[

#735000
1!
b1010 ;
1[
b1010 w

#736000
b11010100 y

#740000
0!
0[

#745000
1!
b1011 ;
1[
b1011 w

#746000
b11010111 y

#750000
0!
0[

#755000
1!
b1100 ;
1[
b1100 w

#756000
b11011010 y

#760000
0!
0[

#765000
1!
b1101 ;
1[
b1101 w

#766000
b11011101 y

#770000
0!
0[

#775000
1!
b1110 ;
1[
b1110 w

#776000
b11100000 y

#780000
0!
0[

#785000
1!
b1111 ;
1[
b1111 w

#786000
b11100011 y

#790000
0!
0[

#795000
1!
b10000 ;
1[
b10000 w

#796000
b11100110 y

#800000
0!
0[

#805000
1!
b10001 ;
1[
b10001 w

#806000
b11101001 y

#810000
0!
0[

#815000
1!
b10010 ;
1[
b10010 w

#816000
b11101100 y

#820000
0!
0[

#825000
1!
b10 :
b10011 ;
1[
b10 v
b10011 w

#826000
b11101111 y

#830000
0!
0[

#835000
1!
b10 5
b0 6
b0 7
b0 ;
1[
b0 r
b10 s
b0 t
b0 w

#836000
b10 &!
b11110010 y

#840000
0!
b10 X
0[
b11110011 y

#845000
1!
b1 ;
1[
b1 w

#846000
b11110110 y

#850000
0!
1,
b10 -
1<
1=
0[
1c
b10 g
1x

#855000
1!
b10 6
b1 7
b0 ;
1[
b10 r
b1 t
b0 w

#856000
b11111001 y

#860000
0!
0,
0=
b1100 X
0[
0c
0x

#865000
1!
b1 ;
1[
b1 w

#866000
b11111100 y

#870000
0!
1,
b1100 -
b1 :
0<
1=
0[
1c
b1100 g
b1 v
1x

#875000
1!
b1 5
b0 6
b0 7
b0 ;
1[
b0 r
b1 s
b0 t
b0 w

#876000
b1 &!
b11111111 y

#880000
0!
0,
0=
0[
0c
0x
b100000000 y

#885000
1!
1[

#886000
b100000011 y

#890000
0!
1&
b10 :
0[
1_
b10 v

#895000
1!
b10 5
1[
b10 s

#896000
b10 &!
b100000110 y

#900000
0!
0&
0[
0_
b100000111 y

#905000
1!
b1 ;
1[
b1 w

#906000
b100001010 y

#910000
0!
1,
b1 :
1=
0[
1c
b1 v
1x

#915000
1!
b1 5
b0 ;
1[
b1 s
b0 w

#916000
b1 &!
b100001101 y

#920000
0!
0,
0=
b100 R
0[
0c
0x

#925000
1!
1[

#926000
b100010000 y

#930000
0!
0[

#935000
1!
1[

#936000
b100010011 y

#940000
0!
0[

#945000
1!
1[

#946000
b100010110 y

#950000
0!
0[

#955000
1!
1[

#956000
b100011001 y

#960000
0!
b1111000000 !!
b11 R
b100 S
0[
b100 j

#965000
1!
1[

#966000
b100011100 y

#970000
0!
0[

#975000
1!
1[

#976000
b100011111 y

#980000
0!
0[

#985000
1!
1[

#986000
b100100010 y

#990000
0!
0[

#995000
1!
1[

#996000
b100100101 y

#1000000
0!
1&
b10 :
0[
1_
b10 v

#1005000
1!
b10 5
1[
b10 s

#1006000
b10 &!
b100101000 y

#1010000
0!
0&
b1 X
0[
0_

#1015000
1!
b1 ;
1[
b1 w

#1016000
b100101011 y

#1020000
0!
1,
b1 -
1<
1=
0[
1c
b1 g
1x

#1025000
1!
b1 6
b1 7
b0 ;
1[
b1 r
b1 t
b0 w

#1026000
b100101110 y

#1030000
0!
0,
0=
b1111100110 Z
0[
0c
0x

#1035000
1!
b1 ;
1[
b1 w

#1036000
b100110001 y

#1040000
0!
0[

#1045000
1!
b10 ;
1[
b10 w

#1046000
b100110100 y

#1050000
0!
0[

#1055000
1!
b11 ;
1[
b11 w

#1056000
b100110111 y

#1060000
0!
0[

#1065000
1!
b100 ;
1[
b100 w

#1066000
b100111010 y

#1070000
0!
0[

#1075000
1!
b101 ;
1[
b101 w

#1076000
b100111101 y

#1080000
0!
0[

#1085000
1!
b110 ;
1[
b110 w

#1086000
b101000000 y

#1090000
0!
0[

#1095000
1!
b111 ;
1[
b111 w

#1096000
b101000011 y

#1100000
0!
0[

#1105000
1!
b1000 ;
1[
b1000 w

#1106000
b101000110 y

#1110000
0!
0[

#1115000
1!
b1001 ;
1[
b1001 w

#1116000
b101001001 y

#1120000
0!
0[

#1125000
1!
b1010 ;
1[
b1010 w

#1126000
b101001100 y

#1130000
0!
0[

#1135000
1!
b1011 ;
1[
b1011 w

#1136000
b101001111 y

#1140000
0!
0[

#1145000
1!
b1100 ;
1[
b1100 w

#1146000
b101010010 y

#1150000
0!
0[

#1155000
1!
b1101 ;
1[
b1101 w

#1156000
b101010101 y

#1160000
0!
0[

#1165000
1!
b1110 ;
1[
b1110 w

#1166000
b101011000 y

#1170000
0!
0[

#1175000
1!
b1111 ;
1[
b1111 w

#1176000
b101011011 y

#1180000
0!
0[

#1185000
1!
b10000 ;
1[
b10000 w

#1186000
b101011110 y

#1190000
0!
0[

#1195000
1!
b10001 ;
1[
b10001 w

#1196000
b101100001 y

#1200000
0!
0[

#1205000
1!
b10010 ;
1[
b10010 w

#1206000
b101100100 y

#1210000
0!
0[

#1215000
1!
b10011 ;
1[
b10011 w

#1216000
b101100111 y

#1220000
0!
0[

#1225000
1!
b10100 ;
1[
b10100 w

#1226000
b101101010 y

#1230000
0!
0[

#1235000
1!
b10101 ;
1[
b10101 w

#1236000
b101101101 y

#1240000
0!
0[

#1245000
1!
b10110 ;
1[
b10110 w

#1246000
b101110000 y

#1250000
0!
0[

#1255000
1!
b10111 ;
1[
b10111 w

#1256000
b101110011 y

#1260000
0!
0[

#1265000
1!
b11000 ;
1[
b11000 w

#1266000
b101110110 y

#1270000
0!
0[

#1275000
1!
b11001 ;
1[
b11001 w

#1276000
b101111001 y

#1280000
0!
0[

#1285000
1!
b11010 ;
1[
b11010 w

#1286000
b101111100 y

#1290000
0!
0[

#1295000
1!
b11011 ;
1[
b11011 w

#1296000
b101111111 y

#1300000
0!
0[

#1305000
1!
b11100 ;
1[
b11100 w

#1306000
b110000010 y

#1310000
0!
0[

#1315000
1!
b11101 ;
1[
b11101 w

#1316000
b110000101 y

#1320000
0!
0[

#1325000
1!
b11110 ;
1[
b11110 w

#1326000
b110001000 y

#1330000
0!
0[

#1335000
1!
b11111 ;
1[
b11111 w

#1336000
b110001011 y

#1340000
0!
0[

#1345000
1!
b100000 ;
1[
b100000 w

#1346000
b110001110 y

#1350000
0!
0[

#1355000
1!
b100001 ;
1[
b100001 w

#1356000
b110010001 y

#1360000
0!
0[

#1365000
1!
b100010 ;
1[
b100010 w

#1366000
b110010100 y

#1370000
0!
0[

#1375000
1!
b100011 ;
1[
b100011 w

#1376000
b110010111 y

#1380000
0!
0[

#1385000
1!
b100100 ;
1[
b100100 w

#1386000
b110011010 y

#1390000
0!
0[

#1395000
1!
b100101 ;
1[
b100101 w

#1396000
b110011101 y

#1400000
0!
0[

#1405000
1!
b100110 ;
1[
b100110 w

#1406000
b110100000 y

#1410000
0!
0[

#1415000
1!
b100111 ;
1[
b100111 w

#1416000
b110100011 y

#1420000
0!
0[

#1425000
1!
b101000 ;
1[
b101000 w

#1426000
b110100110 y

#1430000
0!
0[

#1435000
1!
b101001 ;
1[
b101001 w

#1436000
b110101001 y

#1440000
0!
0[

#1445000
1!
b101010 ;
1[
b101010 w

#1446000
b110101100 y

#1450000
0!
0[

#1455000
1!
b101011 ;
1[
b101011 w

#1456000
b110101111 y

#1460000
0!
0[

#1465000
1!
b101100 ;
1[
b101100 w

#1466000
b110110010 y

#1470000
0!
0[

#1475000
1!
b101101 ;
1[
b101101 w

#1476000
b110110101 y

#1480000
0!
0[

#1485000
1!
b101110 ;
1[
b101110 w

#1486000
b110111000 y

#1490000
0!
0[

#1495000
1!
b101111 ;
1[
b101111 w

#1496000
b110111011 y

#1500000
0!
0[

#1505000
1!
b110000 ;
1[
b110000 w

#1506000
b110111110 y

#1510000
0!
0[

#1515000
1!
b110001 ;
1[
b110001 w

#1516000
b111000001 y

#1520000
0!
0[

#1525000
1!
b110010 ;
1[
b110010 w

#1526000
b111000100 y

#1530000
0!
0[

#1535000
1!
b110011 ;
1[
b110011 w

#1536000
b111000111 y

#1540000
0!
0[

#1545000
1!
b110100 ;
1[
b110100 w

#1546000
b111001010 y

#1550000
0!
0[

#1555000
1!
b110101 ;
1[
b110101 w

#1556000
b111001101 y

#1560000
0!
0[

#1565000
1!
b110110 ;
1[
b110110 w

#1566000
b111010000 y

#1570000
0!
0[

#1575000
1!
b110111 ;
1[
b110111 w

#1576000
b111010011 y

#1580000
0!
0[

#1585000
1!
b111000 ;
1[
b111000 w

#1586000
b111010110 y

#1590000
0!
0[

#1595000
1!
b111001 ;
1[
b111001 w

#1596000
b111011001 y

#1600000
0!
0[

#1605000
1!
b111010 ;
1[
b111010 w

#1606000
b111011100 y

#1610000
0!
0[

#1615000
1!
b111011 ;
1[
b111011 w

#1616000
b111011111 y

#1620000
0!
0[

#1625000
1!
b111100 ;
1[
b111100 w

#1626000
b111100010 y

#1630000
0!
0[

#1635000
1!
b111101 ;
1[
b111101 w

#1636000
b111100101 y

#1640000
0!
0[

#1645000
1!
b111110 ;
1[
b111110 w

#1646000
b111101000 y

#1650000
0!
0[

#1655000
1!
b111111 ;
1[
b111111 w

#1656000
b111101011 y

#1660000
0!
0[

#1665000
1!
b1000000 ;
1[
b1000000 w

#1666000
b111101110 y

#1670000
0!
0[

#1675000
1!
b1000001 ;
1[
b1000001 w

#1676000
b111110001 y

#1680000
0!
0[

#1685000
1!
b1000010 ;
1[
b1000010 w

#1686000
b111110100 y

#1690000
0!
0[

#1695000
1!
b1000011 ;
1[
b1000011 w

#1696000
b111110111 y

#1700000
0!
0[

#1705000
1!
b1000100 ;
1[
b1000100 w

#1706000
b111111010 y

#1710000
0!
0[

#1715000
1!
b1000101 ;
1[
b1000101 w

#1716000
b111111101 y

#1720000
0!
0[

#1725000
1!
b1000110 ;
1[
b1000110 w

#1726000
b1000000000 y

#1730000
0!
0[

#1735000
1!
b1000111 ;
1[
b1000111 w

#1736000
b1000000011 y

#1740000
0!
0[

#1745000
1!
b1001000 ;
1[
b1001000 w

#1746000
b1000000110 y

#1750000
0!
0[

#1755000
1!
b1001001 ;
1[
b1001001 w

#1756000
b1000001001 y

#1760000
0!
0[

#1765000
1!
b1001010 ;
1[
b1001010 w

#1766000
b1000001100 y

#1770000
0!
0[

#1775000
1!
b1001011 ;
1[
b1001011 w

#1776000
b1000001111 y

#1780000
0!
0[

#1785000
1!
b1001100 ;
1[
b1001100 w

#1786000
b1000010010 y

#1790000
0!
0[

#1795000
1!
b1001101 ;
1[
b1001101 w

#1796000
b1000010101 y

#1800000
0!
0[

#1805000
1!
b1001110 ;
1[
b1001110 w

#1806000
b1000011000 y

#1810000
0!
0[

#1815000
1!
b1001111 ;
1[
b1001111 w

#1816000
b1000011011 y

#1820000
0!
0[

#1825000
1!
b1010000 ;
1[
b1010000 w

#1826000
b1000011110 y

#1830000
0!
0[

#1835000
1!
b1010001 ;
1[
b1010001 w

#1836000
b1000100001 y

#1840000
0!
0[

#1845000
1!
b1010010 ;
1[
b1010010 w

#1846000
b1000100100 y

#1850000
0!
0[

#1855000
1!
b1010011 ;
1[
b1010011 w

#1856000
b1000100111 y

#1860000
0!
0[

#1865000
1!
b1010100 ;
1[
b1010100 w

#1866000
b1000101010 y

#1870000
0!
0[

#1875000
1!
b1010101 ;
1[
b1010101 w

#1876000
b1000101101 y

#1880000
0!
0[

#1885000
1!
b1010110 ;
1[
b1010110 w

#1886000
b1000110000 y

#1890000
0!
0[

#1895000
1!
b1010111 ;
1[
b1010111 w

#1896000
b1000110011 y

#1900000
0!
0[

#1905000
1!
b1011000 ;
1[
b1011000 w

#1906000
b1000110110 y

#1910000
0!
0[

#1915000
1!
b1011001 ;
1[
b1011001 w

#1916000
b1000111001 y

#1920000
0!
0[

#1925000
1!
b1011010 ;
1[
b1011010 w

#1926000
b1000111100 y

#1930000
0!
0[

#1935000
1!
b1011011 ;
1[
b1011011 w

#1936000
b1000111111 y

#1940000
0!
0[

#1945000
1!
b1011100 ;
1[
b1011100 w

#1946000
b1001000010 y

#1950000
0!
0[

#1955000
1!
b1011101 ;
1[
b1011101 w

#1956000
b1001000101 y

#1960000
0!
0[

#1965000
1!
b1011110 ;
1[
b1011110 w

#1966000
b1001001000 y

#1970000
0!
0[

#1975000
1!
b1011111 ;
1[
b1011111 w

#1976000
b1001001011 y

#1980000
0!
0[

#1985000
1!
b1100000 ;
1[
b1100000 w

#1986000
b1001001110 y

#1990000
0!
0[

#1995000
1!
b1100001 ;
1[
b1100001 w

#1996000
b1001010001 y

#2000000
0!
0[

#2005000
1!
b1100010 ;
1[
b1100010 w

#2006000
b1001010100 y

#2010000
0!
0[

#2015000
1!
b1100011 ;
1[
b1100011 w

#2016000
b1001010111 y

#2020000
0!
0[

#2025000
1!
b1100100 ;
1[
b1100100 w

#2026000
b1001011010 y

#2030000
0!
0[

#2035000
1!
b1100101 ;
1[
b1100101 w

#2036000
b1001011101 y

#2040000
0!
0[

#2045000
1!
b1100110 ;
1[
b1100110 w

#2046000
b1001100000 y

#2050000
0!
0[

#2055000
1!
b1100111 ;
1[
b1100111 w

#2056000
b1001100011 y

#2060000
0!
0[

#2065000
1!
b1101000 ;
1[
b1101000 w

#2066000
b1001100110 y

#2070000
0!
0[

#2075000
1!
b1101001 ;
1[
b1101001 w

#2076000
b1001101001 y

#2080000
0!
0[

#2085000
1!
b1101010 ;
1[
b1101010 w

#2086000
b1001101100 y

#2090000
0!
0[

#2095000
1!
b1101011 ;
1[
b1101011 w

#2096000
b1001101111 y

#2100000
0!
0[

#2105000
1!
b1101100 ;
1[
b1101100 w

#2106000
b1001110010 y

#2110000
0!
0[

#2115000
1!
b1101101 ;
1[
b1101101 w

#2116000
b1001110101 y

#2120000
0!
0[

#2125000
1!
b1101110 ;
1[
b1101110 w

#2126000
b1001111000 y

#2130000
0!
0[

#2135000
1!
b1101111 ;
1[
b1101111 w

#2136000
b1001111011 y

#2140000
0!
0[

#2145000
1!
b1110000 ;
1[
b1110000 w

#2146000
b1001111110 y

#2150000
0!
0[

#2155000
1!
b1110001 ;
1[
b1110001 w

#2156000
b1010000001 y

#2160000
0!
0[

#2165000
1!
b1110010 ;
1[
b1110010 w

#2166000
b1010000100 y

#2170000
0!
0[

#2175000
1!
b1110011 ;
1[
b1110011 w

#2176000
b1010000111 y

#2180000
0!
0[

#2185000
1!
b1110100 ;
1[
b1110100 w

#2186000
b1010001010 y

#2190000
0!
0[

#2195000
1!
b1110101 ;
1[
b1110101 w

#2196000
b1010001101 y

#2200000
0!
0[

#2205000
1!
b1110110 ;
1[
b1110110 w

#2206000
b1010010000 y

#2210000
0!
0[

#2215000
1!
b1110111 ;
1[
b1110111 w

#2216000
b1010010011 y

#2220000
0!
0[

#2225000
1!
b1111000 ;
1[
b1111000 w

#2226000
b1010010110 y

#2230000
0!
0[

#2235000
1!
b1111001 ;
1[
b1111001 w

#2236000
b1010011001 y

#2240000
0!
0[

#2245000
1!
b1111010 ;
1[
b1111010 w

#2246000
b1010011100 y

#2250000
0!
0[

#2255000
1!
b1111011 ;
1[
b1111011 w

#2256000
b1010011111 y

#2260000
0!
0[

#2265000
1!
b1111100 ;
1[
b1111100 w

#2266000
b1010100010 y

#2270000
0!
0[

#2275000
1!
b1111101 ;
1[
b1111101 w

#2276000
b1010100101 y

#2280000
0!
0[

#2285000
1!
b1111110 ;
1[
b1111110 w

#2286000
b1010101000 y

#2290000
0!
0[

#2295000
1!
b1111111 ;
1[
b1111111 w

#2296000
b1010101011 y

#2300000
0!
0[

#2305000
1!
b10000000 ;
1[
b10000000 w

#2306000
b1010101110 y

#2310000
0!
0[

#2315000
1!
b10000001 ;
1[
b10000001 w

#2316000
b1010110001 y

#2320000
0!
0[

#2325000
1!
b10000010 ;
1[
b10000010 w

#2326000
b1010110100 y

#2330000
0!
0[

#2335000
1!
b10000011 ;
1[
b10000011 w

#2336000
b1010110111 y

#2340000
0!
0[

#2345000
1!
b10000100 ;
1[
b10000100 w

#2346000
b1010111010 y

#2350000
0!
0[

#2355000
1!
b10000101 ;
1[
b10000101 w

#2356000
b1010111101 y

#2360000
0!
0[

#2365000
1!
b10000110 ;
1[
b10000110 w

#2366000
b1011000000 y

#2370000
0!
0[

#2375000
1!
b10000111 ;
1[
b10000111 w

#2376000
b1011000011 y

#2380000
0!
0[

#2385000
1!
b10001000 ;
1[
b10001000 w

#2386000
b1011000110 y

#2390000
0!
0[

#2395000
1!
b10001001 ;
1[
b10001001 w

#2396000
b1011001001 y

#2400000
0!
0[

#2405000
1!
b10001010 ;
1[
b10001010 w

#2406000
b1011001100 y

#2410000
0!
0[

#2415000
1!
b10001011 ;
1[
b10001011 w

#2416000
b1011001111 y

#2420000
0!
0[

#2425000
1!
b10001100 ;
1[
b10001100 w

#2426000
b1011010010 y

#2430000
0!
0[

#2435000
1!
b10001101 ;
1[
b10001101 w

#2436000
b1011010101 y

#2440000
0!
0[

#2445000
1!
b10001110 ;
1[
b10001110 w

#2446000
b1011011000 y

#2450000
0!
0[

#2455000
1!
b10001111 ;
1[
b10001111 w

#2456000
b1011011011 y

#2460000
0!
0[

#2465000
1!
b10010000 ;
1[
b10010000 w

#2466000
b1011011110 y

#2470000
0!
0[

#2475000
1!
b10010001 ;
1[
b10010001 w

#2476000
b1011100001 y

#2480000
0!
0[

#2485000
1!
b10010010 ;
1[
b10010010 w

#2486000
b1011100100 y

#2490000
0!
0[

#2495000
1!
b10010011 ;
1[
b10010011 w

#2496000
b1011100111 y

#2500000
0!
0[

#2505000
1!
b10010100 ;
1[
b10010100 w

#2506000
b1011101010 y

#2510000
0!
0[

#2515000
1!
b10010101 ;
1[
b10010101 w

#2516000
b1011101101 y

#2520000
0!
0[

#2525000
1!
b10010110 ;
1[
b10010110 w

#2526000
b1011110000 y

#2530000
0!
0[

#2535000
1!
b10010111 ;
1[
b10010111 w

#2536000
b1011110011 y

#2540000
0!
0[

#2545000
1!
b10011000 ;
1[
b10011000 w

#2546000
b1011110110 y

#2550000
0!
0[

#2555000
1!
b10011001 ;
1[
b10011001 w

#2556000
b1011111001 y

#2560000
0!
0[

#2565000
1!
b10011010 ;
1[
b10011010 w

#2566000
b1011111100 y

#2570000
0!
0[

#2575000
1!
b10011011 ;
1[
b10011011 w

#2576000
b1011111111 y

#2580000
0!
0[

#2585000
1!
b10011100 ;
1[
b10011100 w

#2586000
b1100000010 y

#2590000
0!
0[

#2595000
1!
b10011101 ;
1[
b10011101 w

#2596000
b1100000101 y

#2600000
0!
0[

#2605000
1!
b10011110 ;
1[
b10011110 w

#2606000
b1100001000 y

#2610000
0!
0[

#2615000
1!
b10011111 ;
1[
b10011111 w

#2616000
b1100001011 y

#2620000
0!
0[

#2625000
1!
b10100000 ;
1[
b10100000 w

#2626000
b1100001110 y

#2630000
0!
0[

#2635000
1!
b10100001 ;
1[
b10100001 w

#2636000
b1100010001 y

#2640000
0!
0[

#2645000
1!
b10100010 ;
1[
b10100010 w

#2646000
b1100010100 y

#2650000
0!
0[

#2655000
1!
b10100011 ;
1[
b10100011 w

#2656000
b1100010111 y

#2660000
0!
0[

#2665000
1!
b10100100 ;
1[
b10100100 w

#2666000
b1100011010 y

#2670000
0!
0[

#2675000
1!
b10100101 ;
1[
b10100101 w

#2676000
b1100011101 y

#2680000
0!
0[

#2685000
1!
b10100110 ;
1[
b10100110 w

#2686000
b1100100000 y

#2690000
0!
0[

#2695000
1!
b10100111 ;
1[
b10100111 w

#2696000
b1100100011 y

#2700000
0!
0[

#2705000
1!
b10101000 ;
1[
b10101000 w

#2706000
b1100100110 y

#2710000
0!
0[

#2715000
1!
b10101001 ;
1[
b10101001 w

#2716000
b1100101001 y

#2720000
0!
0[

#2725000
1!
b10101010 ;
1[
b10101010 w

#2726000
b1100101100 y

#2730000
0!
0[

#2735000
1!
b10101011 ;
1[
b10101011 w

#2736000
b1100101111 y

#2740000
0!
0[

#2745000
1!
b10101100 ;
1[
b10101100 w

#2746000
b1100110010 y

#2750000
0!
0[

#2755000
1!
b10101101 ;
1[
b10101101 w

#2756000
b1100110101 y

#2760000
0!
0[

#2765000
1!
b10101110 ;
1[
b10101110 w

#2766000
b1100111000 y

#2770000
0!
0[

#2775000
1!
b10101111 ;
1[
b10101111 w

#2776000
b1100111011 y

#2780000
0!
0[

#2785000
1!
b10110000 ;
1[
b10110000 w

#2786000
b1100111110 y

#2790000
0!
0[

#2795000
1!
b10110001 ;
1[
b10110001 w

#2796000
b1101000001 y

#2800000
0!
0[

#2805000
1!
b10110010 ;
1[
b10110010 w

#2806000
b1101000100 y

#2810000
0!
0[

#2815000
1!
b10110011 ;
1[
b10110011 w

#2816000
b1101000111 y

#2820000
0!
0[

#2825000
1!
b10110100 ;
1[
b10110100 w

#2826000
b1101001010 y

#2830000
0!
0[

#2835000
1!
b10110101 ;
1[
b10110101 w

#2836000
b1101001101 y

#2840000
0!
0[

#2845000
1!
b10110110 ;
1[
b10110110 w

#2846000
b1101010000 y

#2850000
0!
0[

#2855000
1!
b10110111 ;
1[
b10110111 w

#2856000
b1101010011 y

#2860000
0!
0[

#2865000
1!
b10111000 ;
1[
b10111000 w

#2866000
b1101010110 y

#2870000
0!
0[

#2875000
1!
b10111001 ;
1[
b10111001 w

#2876000
b1101011001 y

#2880000
0!
0[

#2885000
1!
b10111010 ;
1[
b10111010 w

#2886000
b1101011100 y

#2890000
0!
0[

#2895000
1!
b10111011 ;
1[
b10111011 w

#2896000
b1101011111 y

#2900000
0!
0[

#2905000
1!
b10111100 ;
1[
b10111100 w

#2906000
b1101100010 y

#2910000
0!
0[

#2915000
1!
b10111101 ;
1[
b10111101 w

#2916000
b1101100101 y

#2920000
0!
0[

#2925000
1!
b10111110 ;
1[
b10111110 w

#2926000
b1101101000 y

#2930000
0!
0[

#2935000
1!
b10111111 ;
1[
b10111111 w

#2936000
b1101101011 y

#2940000
0!
0[

#2945000
1!
b11000000 ;
1[
b11000000 w

#2946000
b1101101110 y

#2950000
0!
0[

#2955000
1!
b11000001 ;
1[
b11000001 w

#2956000
b1101110001 y

#2960000
0!
0[

#2965000
1!
b11000010 ;
1[
b11000010 w

#2966000
b1101110100 y

#2970000
0!
0[

#2975000
1!
b11000011 ;
1[
b11000011 w

#2976000
b1101110111 y

#2980000
0!
0[

#2985000
1!
b11000100 ;
1[
b11000100 w

#2986000
b1101111010 y

#2990000
0!
0[

#2995000
1!
b11000101 ;
1[
b11000101 w

#2996000
b1101111101 y

#3000000
0!
0[

#3005000
1!
b11000110 ;
1[
b11000110 w

#3006000
b1110000000 y

#3010000
0!
0[

#3015000
1!
b11000111 ;
1[
b11000111 w

#3016000
b1110000011 y

#3020000
0!
0[

#3025000
1!
b11001000 ;
1[
b11001000 w

#3026000
b1110000110 y

#3030000
0!
0[

#3035000
1!
b11001001 ;
1[
b11001001 w

#3036000
b1110001001 y

#3040000
0!
0[

#3045000
1!
b11001010 ;
1[
b11001010 w

#3046000
b1110001100 y

#3050000
0!
0[

#3055000
1!
b11001011 ;
1[
b11001011 w

#3056000
b1110001111 y

#3060000
0!
0[

#3065000
1!
b11001100 ;
1[
b11001100 w

#3066000
b1110010010 y

#3070000
0!
0[

#3075000
1!
b11001101 ;
1[
b11001101 w

#3076000
b1110010101 y

#3080000
0!
0[

#3085000
1!
b11001110 ;
1[
b11001110 w

#3086000
b1110011000 y

#3090000
0!
0[

#3095000
1!
b11001111 ;
1[
b11001111 w

#3096000
b1110011011 y

#3100000
0!
0[

#3105000
1!
b11010000 ;
1[
b11010000 w

#3106000
b1110011110 y

#3110000
0!
0[

#3115000
1!
b11010001 ;
1[
b11010001 w

#3116000
b1110100001 y

#3120000
0!
0[

#3125000
1!
b11010010 ;
1[
b11010010 w

#3126000
b1110100100 y

#3130000
0!
0[

#3135000
1!
b11010011 ;
1[
b11010011 w

#3136000
b1110100111 y

#3140000
0!
0[

#3145000
1!
b11010100 ;
1[
b11010100 w

#3146000
b1110101010 y

#3150000
0!
0[

#3155000
1!
b11010101 ;
1[
b11010101 w

#3156000
b1110101101 y

#3160000
0!
0[

#3165000
1!
b11010110 ;
1[
b11010110 w

#3166000
b1110110000 y

#3170000
0!
0[

#3175000
1!
b11010111 ;
1[
b11010111 w

#3176000
b1110110011 y

#3180000
0!
0[

#3185000
1!
b11011000 ;
1[
b11011000 w

#3186000
b1110110110 y

#3190000
0!
0[

#3195000
1!
b11011001 ;
1[
b11011001 w

#3196000
b1110111001 y

#3200000
0!
0[

#3205000
1!
b11011010 ;
1[
b11011010 w

#3206000
b1110111100 y

#3210000
0!
0[

#3215000
1!
b11011011 ;
1[
b11011011 w

#3216000
b1110111111 y

#3220000
0!
0[

#3225000
1!
b11011100 ;
1[
b11011100 w

#3226000
b1111000010 y

#3230000
0!
0[

#3235000
1!
b11011101 ;
1[
b11011101 w

#3236000
b1111000101 y

#3240000
0!
0[

#3245000
1!
b11011110 ;
1[
b11011110 w

#3246000
b1111001000 y

#3250000
0!
0[

#3255000
1!
b11011111 ;
1[
b11011111 w

#3256000
b1111001011 y

#3260000
0!
0[

#3265000
1!
b11100000 ;
1[
b11100000 w

#3266000
b1111001110 y

#3270000
0!
0[

#3275000
1!
b11100001 ;
1[
b11100001 w

#3276000
b1111010001 y

#3280000
0!
0[

#3285000
1!
b11100010 ;
1[
b11100010 w

#3286000
b1111010100 y

#3290000
0!
0[

#3295000
1!
b11100011 ;
1[
b11100011 w

#3296000
b1111010111 y

#3300000
0!
0[

#3305000
1!
b11100100 ;
1[
b11100100 w

#3306000
b1111011010 y

#3310000
0!
0[

#3315000
1!
b11100101 ;
1[
b11100101 w

#3316000
b1111011101 y

#3320000
0!
0[

#3325000
1!
b11100110 ;
1[
b11100110 w

#3326000
b1111100000 y

#3330000
0!
0[

#3335000
1!
b11100111 ;
1[
b11100111 w

#3336000
b1111100011 y

#3340000
0!
0[

#3345000
1!
b11101000 ;
1[
b11101000 w

#3346000
b1111100110 y

#3350000
0!
0[

#3355000
1!
b11101001 ;
1[
b11101001 w

#3356000
b1111101001 y

#3360000
0!
0[

#3365000
1!
b11101010 ;
1[
b11101010 w

#3366000
b1111101100 y

#3370000
0!
0[

#3375000
1!
b11101011 ;
1[
b11101011 w

#3376000
b1111101111 y

#3380000
0!
0[

#3385000
1!
b11101100 ;
1[
b11101100 w

#3386000
b1111110010 y

#3390000
0!
0[

#3395000
1!
b11101101 ;
1[
b11101101 w

#3396000
b1111110101 y

#3400000
0!
0[

#3405000
1!
b11101110 ;
1[
b11101110 w

#3406000
b1111111000 y

#3410000
0!
0[

#3415000
1!
b11101111 ;
1[
b11101111 w

#3416000
b1111111011 y

#3420000
0!
0[

#3425000
1!
b11110000 ;
1[
b11110000 w

#3426000
b1111111110 y

#3430000
0!
0[

#3435000
1!
b11110001 ;
1[
b11110001 w

#3436000
b10000000001 y

#3440000
0!
0[

#3445000
1!
b11110010 ;
1[
b11110010 w

#3446000
b10000000100 y

#3450000
0!
0[

#3455000
1!
b11110011 ;
1[
b11110011 w

#3456000
b10000000111 y

#3460000
0!
0[

#3465000
1!
b11110100 ;
1[
b11110100 w

#3466000
b10000001010 y

#3470000
0!
0[

#3475000
1!
b11110101 ;
1[
b11110101 w

#3476000
b10000001101 y

#3480000
0!
0[

#3485000
1!
b11110110 ;
1[
b11110110 w

#3486000
b10000010000 y

#3490000
0!
0[

#3495000
1!
b11110111 ;
1[
b11110111 w

#3496000
b10000010011 y

#3500000
0!
0[

#3505000
1!
b11111000 ;
1[
b11111000 w

#3506000
b10000010110 y

#3510000
0!
0[

#3515000
1!
b11111001 ;
1[
b11111001 w

#3516000
b10000011001 y

#3520000
0!
0[

#3525000
1!
b11111010 ;
1[
b11111010 w

#3526000
b10000011100 y

#3530000
0!
0[

#3535000
1!
b11111011 ;
1[
b11111011 w

#3536000
b10000011111 y

#3540000
0!
0[

#3545000
1!
b11111100 ;
1[
b11111100 w

#3546000
b10000100010 y

#3550000
0!
0[

#3555000
1!
b11111101 ;
1[
b11111101 w

#3556000
b10000100101 y

#3560000
0!
0[

#3565000
1!
b11111110 ;
1[
b11111110 w

#3566000
b10000101000 y

#3570000
0!
0[

#3575000
1!
b11111111 ;
1[
b11111111 w

#3576000
b10000101011 y

#3580000
0!
0[

#3585000
1!
b100000000 ;
1[
b100000000 w

#3586000
b10000101110 y

#3590000
0!
0[

#3595000
1!
b100000001 ;
1[
b100000001 w

#3596000
b10000110001 y

#3600000
0!
0[

#3605000
1!
b100000010 ;
1[
b100000010 w

#3606000
b10000110100 y

#3610000
0!
0[

#3615000
1!
b100000011 ;
1[
b100000011 w

#3616000
b10000110111 y

#3620000
0!
0[

#3625000
1!
b100000100 ;
1[
b100000100 w

#3626000
b10000111010 y

#3630000
0!
0[

#3635000
1!
b100000101 ;
1[
b100000101 w

#3636000
b10000111101 y

#3640000
0!
0[

#3645000
1!
b100000110 ;
1[
b100000110 w

#3646000
b10001000000 y

#3650000
0!
0[

#3655000
1!
b100000111 ;
1[
b100000111 w

#3656000
b10001000011 y

#3660000
0!
0[

#3665000
1!
b100001000 ;
1[
b100001000 w

#3666000
b10001000110 y

#3670000
0!
0[

#3675000
1!
b100001001 ;
1[
b100001001 w

#3676000
b10001001001 y

#3680000
0!
0[

#3685000
1!
b100001010 ;
1[
b100001010 w

#3686000
b10001001100 y

#3690000
0!
0[

#3695000
1!
b100001011 ;
1[
b100001011 w

#3696000
b10001001111 y

#3700000
0!
0[

#3705000
1!
b100001100 ;
1[
b100001100 w

#3706000
b10001010010 y

#3710000
0!
0[

#3715000
1!
b100001101 ;
1[
b100001101 w

#3716000
b10001010101 y

#3720000
0!
0[

#3725000
1!
b100001110 ;
1[
b100001110 w

#3726000
b10001011000 y

#3730000
0!
0[

#3735000
1!
b100001111 ;
1[
b100001111 w

#3736000
b10001011011 y

#3740000
0!
0[

#3745000
1!
b100010000 ;
1[
b100010000 w

#3746000
b10001011110 y

#3750000
0!
0[

#3755000
1!
b100010001 ;
1[
b100010001 w

#3756000
b10001100001 y

#3760000
0!
0[

#3765000
1!
b100010010 ;
1[
b100010010 w

#3766000
b10001100100 y

#3770000
0!
0[

#3775000
1!
b100010011 ;
1[
b100010011 w

#3776000
b10001100111 y

#3780000
0!
0[

#3785000
1!
b100010100 ;
1[
b100010100 w

#3786000
b10001101010 y

#3790000
0!
0[

#3795000
1!
b100010101 ;
1[
b100010101 w

#3796000
b10001101101 y

#3800000
0!
0[

#3805000
1!
b100010110 ;
1[
b100010110 w

#3806000
b10001110000 y

#3810000
0!
0[

#3815000
1!
b100010111 ;
1[
b100010111 w

#3816000
b10001110011 y

#3820000
0!
0[

#3825000
1!
b100011000 ;
1[
b100011000 w

#3826000
b10001110110 y

#3830000
0!
0[

#3835000
1!
b100011001 ;
1[
b100011001 w

#3836000
b10001111001 y

#3840000
0!
0[

#3845000
1!
b100011010 ;
1[
b100011010 w

#3846000
b10001111100 y

#3850000
0!
0[

#3855000
1!
b100011011 ;
1[
b100011011 w

#3856000
b10001111111 y

#3860000
0!
0[

#3865000
1!
b100011100 ;
1[
b100011100 w

#3866000
b10010000010 y

#3870000
0!
0[

#3875000
1!
b100011101 ;
1[
b100011101 w

#3876000
b10010000101 y

#3880000
0!
0[

#3885000
1!
b100011110 ;
1[
b100011110 w

#3886000
b10010001000 y

#3890000
0!
0[

#3895000
1!
b100011111 ;
1[
b100011111 w

#3896000
b10010001011 y

#3900000
0!
0[

#3905000
1!
b100100000 ;
1[
b100100000 w

#3906000
b10010001110 y

#3910000
0!
0[

#3915000
1!
b100100001 ;
1[
b100100001 w

#3916000
b10010010001 y

#3920000
0!
0[

#3925000
1!
b100100010 ;
1[
b100100010 w

#3926000
b10010010100 y

#3930000
0!
0[

#3935000
1!
b100100011 ;
1[
b100100011 w

#3936000
b10010010111 y

#3940000
0!
0[

#3945000
1!
b100100100 ;
1[
b100100100 w

#3946000
b10010011010 y

#3950000
0!
0[

#3955000
1!
b100100101 ;
1[
b100100101 w

#3956000
b10010011101 y

#3960000
0!
0[

#3965000
1!
b100100110 ;
1[
b100100110 w

#3966000
b10010100000 y

#3970000
0!
0[

#3975000
1!
b100100111 ;
1[
b100100111 w

#3976000
b10010100011 y

#3980000
0!
0[

#3985000
1!
b100101000 ;
1[
b100101000 w

#3986000
b10010100110 y

#3990000
0!
0[

#3995000
1!
b100101001 ;
1[
b100101001 w

#3996000
b10010101001 y

#4000000
0!
0[

#4005000
1!
b100101010 ;
1[
b100101010 w

#4006000
b10010101100 y

#4010000
0!
0[

#4015000
1!
b100101011 ;
1[
b100101011 w

#4016000
b10010101111 y

#4020000
0!
0[

#4025000
1!
b100101100 ;
1[
b100101100 w

#4026000
b10010110010 y

#4030000
0!
0[

#4035000
1!
b100101101 ;
1[
b100101101 w

#4036000
b10010110101 y

#4040000
0!
0[

#4045000
1!
b100101110 ;
1[
b100101110 w

#4046000
b10010111000 y

#4050000
0!
0[

#4055000
1!
b100101111 ;
1[
b100101111 w

#4056000
b10010111011 y

#4060000
0!
0[

#4065000
1!
b100110000 ;
1[
b100110000 w

#4066000
b10010111110 y

#4070000
0!
0[

#4075000
1!
b100110001 ;
1[
b100110001 w

#4076000
b10011000001 y

#4080000
0!
0[

#4085000
1!
b100110010 ;
1[
b100110010 w

#4086000
b10011000100 y

#4090000
0!
0[

#4095000
1!
b100110011 ;
1[
b100110011 w

#4096000
b10011000111 y

#4100000
0!
0[

#4105000
1!
b100110100 ;
1[
b100110100 w

#4106000
b10011001010 y

#4110000
0!
0[

#4115000
1!
b100110101 ;
1[
b100110101 w

#4116000
b10011001101 y

#4120000
0!
0[

#4125000
1!
b100110110 ;
1[
b100110110 w

#4126000
b10011010000 y

#4130000
0!
0[

#4135000
1!
b100110111 ;
1[
b100110111 w

#4136000
b10011010011 y

#4140000
0!
0[

#4145000
1!
b100111000 ;
1[
b100111000 w

#4146000
b10011010110 y

#4150000
0!
0[

#4155000
1!
b100111001 ;
1[
b100111001 w

#4156000
b10011011001 y

#4160000
0!
0[

#4165000
1!
b100111010 ;
1[
b100111010 w

#4166000
b10011011100 y

#4170000
0!
0[

#4175000
1!
b100111011 ;
1[
b100111011 w

#4176000
b10011011111 y

#4180000
0!
0[

#4185000
1!
b100111100 ;
1[
b100111100 w

#4186000
b10011100010 y

#4190000
0!
0[

#4195000
1!
b100111101 ;
1[
b100111101 w

#4196000
b10011100101 y

#4200000
0!
0[

#4205000
1!
b100111110 ;
1[
b100111110 w

#4206000
b10011101000 y

#4210000
0!
0[

#4215000
1!
b100111111 ;
1[
b100111111 w

#4216000
b10011101011 y

#4220000
0!
0[

#4225000
1!
b101000000 ;
1[
b101000000 w

#4226000
b10011101110 y

#4230000
0!
0[

#4235000
1!
b101000001 ;
1[
b101000001 w

#4236000
b10011110001 y

#4240000
0!
0[

#4245000
1!
b101000010 ;
1[
b101000010 w

#4246000
b10011110100 y

#4250000
0!
0[

#4255000
1!
b101000011 ;
1[
b101000011 w

#4256000
b10011110111 y

#4260000
0!
0[

#4265000
1!
b101000100 ;
1[
b101000100 w

#4266000
b10011111010 y

#4270000
0!
0[

#4275000
1!
b101000101 ;
1[
b101000101 w

#4276000
b10011111101 y

#4280000
0!
0[

#4285000
1!
b101000110 ;
1[
b101000110 w

#4286000
b10100000000 y

#4290000
0!
0[

#4295000
1!
b101000111 ;
1[
b101000111 w

#4296000
b10100000011 y

#4300000
0!
0[

#4305000
1!
b101001000 ;
1[
b101001000 w

#4306000
b10100000110 y

#4310000
0!
0[

#4315000
1!
b101001001 ;
1[
b101001001 w

#4316000
b10100001001 y

#4320000
0!
0[

#4325000
1!
b101001010 ;
1[
b101001010 w

#4326000
b10100001100 y

#4330000
0!
0[

#4335000
1!
b101001011 ;
1[
b101001011 w

#4336000
b10100001111 y

#4340000
0!
0[

#4345000
1!
b101001100 ;
1[
b101001100 w

#4346000
b10100010010 y

#4350000
0!
0[

#4355000
1!
b101001101 ;
1[
b101001101 w

#4356000
b10100010101 y

#4360000
0!
0[

#4365000
1!
b101001110 ;
1[
b101001110 w

#4366000
b10100011000 y

#4370000
0!
0[

#4375000
1!
b101001111 ;
1[
b101001111 w

#4376000
b10100011011 y

#4380000
0!
0[

#4385000
1!
b101010000 ;
1[
b101010000 w

#4386000
b10100011110 y

#4390000
0!
0[

#4395000
1!
b101010001 ;
1[
b101010001 w

#4396000
b10100100001 y

#4400000
0!
0[

#4405000
1!
b101010010 ;
1[
b101010010 w

#4406000
b10100100100 y

#4410000
0!
0[

#4415000
1!
b101010011 ;
1[
b101010011 w

#4416000
b10100100111 y

#4420000
0!
0[

#4425000
1!
b101010100 ;
1[
b101010100 w

#4426000
b10100101010 y

#4430000
0!
0[

#4435000
1!
b101010101 ;
1[
b101010101 w

#4436000
b10100101101 y

#4440000
0!
0[

#4445000
1!
b101010110 ;
1[
b101010110 w

#4446000
b10100110000 y

#4450000
0!
0[

#4455000
1!
b101010111 ;
1[
b101010111 w

#4456000
b10100110011 y

#4460000
0!
0[

#4465000
1!
b101011000 ;
1[
b101011000 w

#4466000
b10100110110 y

#4470000
0!
0[

#4475000
1!
b101011001 ;
1[
b101011001 w

#4476000
b10100111001 y

#4480000
0!
0[

#4485000
1!
b101011010 ;
1[
b101011010 w

#4486000
b10100111100 y

#4490000
0!
0[

#4495000
1!
b101011011 ;
1[
b101011011 w

#4496000
b10100111111 y

#4500000
0!
0[

#4505000
1!
b101011100 ;
1[
b101011100 w

#4506000
b10101000010 y

#4510000
0!
0[

#4515000
1!
b101011101 ;
1[
b101011101 w

#4516000
b10101000101 y

#4520000
0!
0[

#4525000
1!
b101011110 ;
1[
b101011110 w

#4526000
b10101001000 y

#4530000
0!
0[

#4535000
1!
b101011111 ;
1[
b101011111 w

#4536000
b10101001011 y

#4540000
0!
0[

#4545000
1!
b101100000 ;
1[
b101100000 w

#4546000
b10101001110 y

#4550000
0!
0[

#4555000
1!
b101100001 ;
1[
b101100001 w

#4556000
b10101010001 y

#4560000
0!
0[

#4565000
1!
b101100010 ;
1[
b101100010 w

#4566000
b10101010100 y

#4570000
0!
0[

#4575000
1!
b101100011 ;
1[
b101100011 w

#4576000
b10101010111 y

#4580000
0!
0[

#4585000
1!
b101100100 ;
1[
b101100100 w

#4586000
b10101011010 y

#4590000
0!
0[

#4595000
1!
b101100101 ;
1[
b101100101 w

#4596000
b10101011101 y

#4600000
0!
0[

#4605000
1!
b101100110 ;
1[
b101100110 w

#4606000
b10101100000 y

#4610000
0!
0[

#4615000
1!
b101100111 ;
1[
b101100111 w

#4616000
b10101100011 y

#4620000
0!
0[

#4625000
1!
b101101000 ;
1[
b101101000 w

#4626000
b10101100110 y

#4630000
0!
0[

#4635000
1!
b101101001 ;
1[
b101101001 w

#4636000
b10101101001 y

#4640000
0!
0[

#4645000
1!
b101101010 ;
1[
b101101010 w

#4646000
b10101101100 y

#4650000
0!
0[

#4655000
1!
b101101011 ;
1[
b101101011 w

#4656000
b10101101111 y

#4660000
0!
0[

#4665000
1!
b101101100 ;
1[
b101101100 w

#4666000
b10101110010 y

#4670000
0!
0[

#4675000
1!
b101101101 ;
1[
b101101101 w

#4676000
b10101110101 y

#4680000
0!
0[

#4685000
1!
b101101110 ;
1[
b101101110 w

#4686000
b10101111000 y

#4690000
0!
0[

#4695000
1!
b101101111 ;
1[
b101101111 w

#4696000
b10101111011 y

#4700000
0!
0[

#4705000
1!
b101110000 ;
1[
b101110000 w

#4706000
b10101111110 y

#4710000
0!
0[

#4715000
1!
b101110001 ;
1[
b101110001 w

#4716000
b10110000001 y

#4720000
0!
0[

#4725000
1!
b101110010 ;
1[
b101110010 w

#4726000
b10110000100 y

#4730000
0!
0[

#4735000
1!
b101110011 ;
1[
b101110011 w

#4736000
b10110000111 y

#4740000
0!
0[

#4745000
1!
b101110100 ;
1[
b101110100 w

#4746000
b10110001010 y

#4750000
0!
0[

#4755000
1!
b101110101 ;
1[
b101110101 w

#4756000
b10110001101 y

#4760000
0!
0[

#4765000
1!
b101110110 ;
1[
b101110110 w

#4766000
b10110010000 y

#4770000
0!
0[

#4775000
1!
b101110111 ;
1[
b101110111 w

#4776000
b10110010011 y

#4780000
0!
0[

#4785000
1!
b101111000 ;
1[
b101111000 w

#4786000
b10110010110 y

#4790000
0!
0[

#4795000
1!
b101111001 ;
1[
b101111001 w

#4796000
b10110011001 y

#4800000
0!
0[

#4805000
1!
b101111010 ;
1[
b101111010 w

#4806000
b10110011100 y

#4810000
0!
0[

#4815000
1!
b101111011 ;
1[
b101111011 w

#4816000
b10110011111 y

#4820000
0!
0[

#4825000
1!
b101111100 ;
1[
b101111100 w

#4826000
b10110100010 y

#4830000
0!
0[

#4835000
1!
b101111101 ;
1[
b101111101 w

#4836000
b10110100101 y

#4840000
0!
0[

#4845000
1!
b101111110 ;
1[
b101111110 w

#4846000
b10110101000 y

#4850000
0!
0[

#4855000
1!
b101111111 ;
1[
b101111111 w

#4856000
b10110101011 y

#4860000
0!
0[

#4865000
1!
b110000000 ;
1[
b110000000 w

#4866000
b10110101110 y

#4870000
0!
0[

#4875000
1!
b110000001 ;
1[
b110000001 w

#4876000
b10110110001 y

#4880000
0!
0[

#4885000
1!
b110000010 ;
1[
b110000010 w

#4886000
b10110110100 y

#4890000
0!
0[

#4895000
1!
b110000011 ;
1[
b110000011 w

#4896000
b10110110111 y

#4900000
0!
0[

#4905000
1!
b110000100 ;
1[
b110000100 w

#4906000
b10110111010 y

#4910000
0!
0[

#4915000
1!
b110000101 ;
1[
b110000101 w

#4916000
b10110111101 y

#4920000
0!
0[

#4925000
1!
b110000110 ;
1[
b110000110 w

#4926000
b10111000000 y

#4930000
0!
0[

#4935000
1!
b110000111 ;
1[
b110000111 w

#4936000
b10111000011 y

#4940000
0!
0[

#4945000
1!
b110001000 ;
1[
b110001000 w

#4946000
b10111000110 y

#4950000
0!
0[

#4955000
1!
b110001001 ;
1[
b110001001 w

#4956000
b10111001001 y

#4960000
0!
0[

#4965000
1!
b110001010 ;
1[
b110001010 w

#4966000
b10111001100 y

#4970000
0!
0[

#4975000
1!
b110001011 ;
1[
b110001011 w

#4976000
b10111001111 y

#4980000
0!
0[

#4985000
1!
b110001100 ;
1[
b110001100 w

#4986000
b10111010010 y

#4990000
0!
0[

#4995000
1!
b110001101 ;
1[
b110001101 w

#4996000
b10111010101 y

#5000000
0!
0[

#5005000
1!
b110001110 ;
1[
b110001110 w

#5006000
b10111011000 y

#5010000
0!
0[

#5015000
1!
b110001111 ;
1[
b110001111 w

#5016000
b10111011011 y

#5020000
0!
0[

#5025000
1!
b110010000 ;
1[
b110010000 w

#5026000
b10111011110 y

#5030000
0!
0[

#5035000
1!
b110010001 ;
1[
b110010001 w

#5036000
b10111100001 y

#5040000
0!
0[

#5045000
1!
b110010010 ;
1[
b110010010 w

#5046000
b10111100100 y

#5050000
0!
0[

#5055000
1!
b110010011 ;
1[
b110010011 w

#5056000
b10111100111 y

#5060000
0!
0[

#5065000
1!
b110010100 ;
1[
b110010100 w

#5066000
b10111101010 y

#5070000
0!
0[

#5075000
1!
b110010101 ;
1[
b110010101 w

#5076000
b10111101101 y

#5080000
0!
0[

#5085000
1!
b110010110 ;
1[
b110010110 w

#5086000
b10111110000 y

#5090000
0!
0[

#5095000
1!
b110010111 ;
1[
b110010111 w

#5096000
b10111110011 y

#5100000
0!
0[

#5105000
1!
b110011000 ;
1[
b110011000 w

#5106000
b10111110110 y

#5110000
0!
0[

#5115000
1!
b110011001 ;
1[
b110011001 w

#5116000
b10111111001 y

#5120000
0!
0[

#5125000
1!
b110011010 ;
1[
b110011010 w

#5126000
b10111111100 y

#5130000
0!
0[

#5135000
1!
b110011011 ;
1[
b110011011 w

#5136000
b10111111111 y

#5140000
0!
0[

#5145000
1!
b110011100 ;
1[
b110011100 w

#5146000
b11000000010 y

#5150000
0!
0[

#5155000
1!
b110011101 ;
1[
b110011101 w

#5156000
b11000000101 y

#5160000
0!
0[

#5165000
1!
b110011110 ;
1[
b110011110 w

#5166000
b11000001000 y

#5170000
0!
0[

#5175000
1!
b110011111 ;
1[
b110011111 w

#5176000
b11000001011 y

#5180000
0!
0[

#5185000
1!
b110100000 ;
1[
b110100000 w

#5186000
b11000001110 y

#5190000
0!
0[

#5195000
1!
b110100001 ;
1[
b110100001 w

#5196000
b11000010001 y

#5200000
0!
0[

#5205000
1!
b110100010 ;
1[
b110100010 w

#5206000
b11000010100 y

#5210000
0!
0[

#5215000
1!
b110100011 ;
1[
b110100011 w

#5216000
b11000010111 y

#5220000
0!
0[

#5225000
1!
b110100100 ;
1[
b110100100 w

#5226000
b11000011010 y

#5230000
0!
0[

#5235000
1!
b110100101 ;
1[
b110100101 w

#5236000
b11000011101 y

#5240000
0!
0[

#5245000
1!
b110100110 ;
1[
b110100110 w

#5246000
b11000100000 y

#5250000
0!
0[

#5255000
1!
b110100111 ;
1[
b110100111 w

#5256000
b11000100011 y

#5260000
0!
0[

#5265000
1!
b110101000 ;
1[
b110101000 w

#5266000
b11000100110 y

#5270000
0!
0[

#5275000
1!
b110101001 ;
1[
b110101001 w

#5276000
b11000101001 y

#5280000
0!
0[

#5285000
1!
b110101010 ;
1[
b110101010 w

#5286000
b11000101100 y

#5290000
0!
0[

#5295000
1!
b110101011 ;
1[
b110101011 w

#5296000
b11000101111 y

#5300000
0!
0[

#5305000
1!
b110101100 ;
1[
b110101100 w

#5306000
b11000110010 y

#5310000
0!
0[

#5315000
1!
b110101101 ;
1[
b110101101 w

#5316000
b11000110101 y

#5320000
0!
0[

#5325000
1!
b110101110 ;
1[
b110101110 w

#5326000
b11000111000 y

#5330000
0!
0[

#5335000
1!
b110101111 ;
1[
b110101111 w

#5336000
b11000111011 y

#5340000
0!
0[

#5345000
1!
b110110000 ;
1[
b110110000 w

#5346000
b11000111110 y

#5350000
0!
0[

#5355000
1!
b110110001 ;
1[
b110110001 w

#5356000
b11001000001 y

#5360000
0!
0[

#5365000
1!
b110110010 ;
1[
b110110010 w

#5366000
b11001000100 y

#5370000
0!
0[

#5375000
1!
b110110011 ;
1[
b110110011 w

#5376000
b11001000111 y

#5380000
0!
0[

#5385000
1!
b110110100 ;
1[
b110110100 w

#5386000
b11001001010 y

#5390000
0!
0[

#5395000
1!
b110110101 ;
1[
b110110101 w

#5396000
b11001001101 y

#5400000
0!
0[

#5405000
1!
b110110110 ;
1[
b110110110 w

#5406000
b11001010000 y

#5410000
0!
0[

#5415000
1!
b110110111 ;
1[
b110110111 w

#5416000
b11001010011 y

#5420000
0!
0[

#5425000
1!
b110111000 ;
1[
b110111000 w

#5426000
b11001010110 y

#5430000
0!
0[

#5435000
1!
b110111001 ;
1[
b110111001 w

#5436000
b11001011001 y

#5440000
0!
0[

#5445000
1!
b110111010 ;
1[
b110111010 w

#5446000
b11001011100 y

#5450000
0!
0[

#5455000
1!
b110111011 ;
1[
b110111011 w

#5456000
b11001011111 y

#5460000
0!
0[

#5465000
1!
b110111100 ;
1[
b110111100 w

#5466000
b11001100010 y

#5470000
0!
0[

#5475000
1!
b110111101 ;
1[
b110111101 w

#5476000
b11001100101 y

#5480000
0!
0[

#5485000
1!
b110111110 ;
1[
b110111110 w

#5486000
b11001101000 y

#5490000
0!
0[

#5495000
1!
b110111111 ;
1[
b110111111 w

#5496000
b11001101011 y

#5500000
0!
0[

#5505000
1!
b111000000 ;
1[
b111000000 w

#5506000
b11001101110 y

#5510000
0!
0[

#5515000
1!
b111000001 ;
1[
b111000001 w

#5516000
b11001110001 y

#5520000
0!
0[

#5525000
1!
b111000010 ;
1[
b111000010 w

#5526000
b11001110100 y

#5530000
0!
0[

#5535000
1!
b111000011 ;
1[
b111000011 w

#5536000
b11001110111 y

#5540000
0!
0[

#5545000
1!
b111000100 ;
1[
b111000100 w

#5546000
b11001111010 y

#5550000
0!
0[

#5555000
1!
b111000101 ;
1[
b111000101 w

#5556000
b11001111101 y

#5560000
0!
0[

#5565000
1!
b111000110 ;
1[
b111000110 w

#5566000
b11010000000 y

#5570000
0!
0[

#5575000
1!
b111000111 ;
1[
b111000111 w

#5576000
b11010000011 y

#5580000
0!
0[

#5585000
1!
b111001000 ;
1[
b111001000 w

#5586000
b11010000110 y

#5590000
0!
0[

#5595000
1!
b111001001 ;
1[
b111001001 w

#5596000
b11010001001 y

#5600000
0!
0[

#5605000
1!
b111001010 ;
1[
b111001010 w

#5606000
b11010001100 y

#5610000
0!
0[

#5615000
1!
b111001011 ;
1[
b111001011 w

#5616000
b11010001111 y

#5620000
0!
0[

#5625000
1!
b111001100 ;
1[
b111001100 w

#5626000
b11010010010 y

#5630000
0!
0[

#5635000
1!
b111001101 ;
1[
b111001101 w

#5636000
b11010010101 y

#5640000
0!
0[

#5645000
1!
b111001110 ;
1[
b111001110 w

#5646000
b11010011000 y

#5650000
0!
0[

#5655000
1!
b111001111 ;
1[
b111001111 w

#5656000
b11010011011 y

#5660000
0!
0[

#5665000
1!
b111010000 ;
1[
b111010000 w

#5666000
b11010011110 y

#5670000
0!
0[

#5675000
1!
b111010001 ;
1[
b111010001 w

#5676000
b11010100001 y

#5680000
0!
0[

#5685000
1!
b111010010 ;
1[
b111010010 w

#5686000
b11010100100 y

#5690000
0!
0[

#5695000
1!
b111010011 ;
1[
b111010011 w

#5696000
b11010100111 y

#5700000
0!
0[

#5705000
1!
b111010100 ;
1[
b111010100 w

#5706000
b11010101010 y

#5710000
0!
0[

#5715000
1!
b111010101 ;
1[
b111010101 w

#5716000
b11010101101 y

#5720000
0!
0[

#5725000
1!
b111010110 ;
1[
b111010110 w

#5726000
b11010110000 y

#5730000
0!
0[

#5735000
1!
b111010111 ;
1[
b111010111 w

#5736000
b11010110011 y

#5740000
0!
0[

#5745000
1!
b111011000 ;
1[
b111011000 w

#5746000
b11010110110 y

#5750000
0!
0[

#5755000
1!
b111011001 ;
1[
b111011001 w

#5756000
b11010111001 y

#5760000
0!
0[

#5765000
1!
b111011010 ;
1[
b111011010 w

#5766000
b11010111100 y

#5770000
0!
0[

#5775000
1!
b111011011 ;
1[
b111011011 w

#5776000
b11010111111 y

#5780000
0!
0[

#5785000
1!
b111011100 ;
1[
b111011100 w

#5786000
b11011000010 y

#5790000
0!
0[

#5795000
1!
b111011101 ;
1[
b111011101 w

#5796000
b11011000101 y

#5800000
0!
0[

#5805000
1!
b111011110 ;
1[
b111011110 w

#5806000
b11011001000 y

#5810000
0!
0[

#5815000
1!
b111011111 ;
1[
b111011111 w

#5816000
b11011001011 y

#5820000
0!
0[

#5825000
1!
b111100000 ;
1[
b111100000 w

#5826000
b11011001110 y

#5830000
0!
0[

#5835000
1!
b111100001 ;
1[
b111100001 w

#5836000
b11011010001 y

#5840000
0!
0[

#5845000
1!
b111100010 ;
1[
b111100010 w

#5846000
b11011010100 y

#5850000
0!
0[

#5855000
1!
b111100011 ;
1[
b111100011 w

#5856000
b11011010111 y

#5860000
0!
0[

#5865000
1!
b111100100 ;
1[
b111100100 w

#5866000
b11011011010 y

#5870000
0!
0[

#5875000
1!
b111100101 ;
1[
b111100101 w

#5876000
b11011011101 y

#5880000
0!
0[

#5885000
1!
b111100110 ;
1[
b111100110 w

#5886000
b11011100000 y

#5890000
0!
0[

#5895000
1!
b111100111 ;
1[
b111100111 w

#5896000
b11011100011 y

#5900000
0!
0[

#5905000
1!
b111101000 ;
1[
b111101000 w

#5906000
b11011100110 y

#5910000
0!
0[

#5915000
1!
b111101001 ;
1[
b111101001 w

#5916000
b11011101001 y

#5920000
0!
0[

#5925000
1!
b111101010 ;
1[
b111101010 w

#5926000
b11011101100 y

#5930000
0!
0[

#5935000
1!
b111101011 ;
1[
b111101011 w

#5936000
b11011101111 y

#5940000
0!
0[

#5945000
1!
b111101100 ;
1[
b111101100 w

#5946000
b11011110010 y

#5950000
0!
0[

#5955000
1!
b111101101 ;
1[
b111101101 w

#5956000
b11011110101 y

#5960000
0!
0[

#5965000
1!
b111101110 ;
1[
b111101110 w

#5966000
b11011111000 y

#5970000
0!
0[

#5975000
1!
b111101111 ;
1[
b111101111 w

#5976000
b11011111011 y

#5980000
0!
0[

#5985000
1!
b111110000 ;
1[
b111110000 w

#5986000
b11011111110 y

#5990000
0!
0[

#5995000
1!
b111110001 ;
1[
b111110001 w

#5996000
b11100000001 y

#6000000
0!
0[

#6005000
1!
b111110010 ;
1[
b111110010 w

#6006000
b11100000100 y

#6010000
0!
0[

#6015000
1!
b111110011 ;
1[
b111110011 w

#6016000
b11100000111 y

#6020000
0!
0[

#6025000
1!
b111110100 ;
1[
b111110100 w

#6026000
b11100001010 y

#6030000
0!
0[

#6035000
1!
b111110101 ;
1[
b111110101 w

#6036000
b11100001101 y

#6040000
0!
0[

#6045000
1!
b111110110 ;
1[
b111110110 w

#6046000
b11100010000 y

#6050000
0!
0[

#6055000
1!
b111110111 ;
1[
b111110111 w

#6056000
b11100010011 y

#6060000
0!
0[

#6065000
1!
b111111000 ;
1[
b111111000 w

#6066000
b11100010110 y

#6070000
0!
0[

#6075000
1!
b111111001 ;
1[
b111111001 w

#6076000
b11100011001 y

#6080000
0!
0[

#6085000
1!
b111111010 ;
1[
b111111010 w

#6086000
b11100011100 y

#6090000
0!
0[

#6095000
1!
b111111011 ;
1[
b111111011 w

#6096000
b11100011111 y

#6100000
0!
0[

#6105000
1!
b111111100 ;
1[
b111111100 w

#6106000
b11100100010 y

#6110000
0!
0[

#6115000
1!
b111111101 ;
1[
b111111101 w

#6116000
b11100100101 y

#6120000
0!
0[

#6125000
1!
b111111110 ;
1[
b111111110 w

#6126000
b11100101000 y

#6130000
0!
0[

#6135000
1!
b111111111 ;
1[
b111111111 w

#6136000
b11100101011 y

#6140000
0!
0[

#6145000
1!
b1000000000 ;
1[
b1000000000 w

#6146000
b11100101110 y

#6150000
0!
0[

#6155000
1!
b1000000001 ;
1[
b1000000001 w

#6156000
b11100110001 y

#6160000
0!
0[

#6165000
1!
b1000000010 ;
1[
b1000000010 w

#6166000
b11100110100 y

#6170000
0!
0[

#6175000
1!
b1000000011 ;
1[
b1000000011 w

#6176000
b11100110111 y

#6180000
0!
0[

#6185000
1!
b1000000100 ;
1[
b1000000100 w

#6186000
b11100111010 y

#6190000
0!
0[

#6195000
1!
b1000000101 ;
1[
b1000000101 w

#6196000
b11100111101 y

#6200000
0!
0[

#6205000
1!
b1000000110 ;
1[
b1000000110 w

#6206000
b11101000000 y

#6210000
0!
0[

#6215000
1!
b1000000111 ;
1[
b1000000111 w

#6216000
b11101000011 y

#6220000
0!
0[

#6225000
1!
b1000001000 ;
1[
b1000001000 w

#6226000
b11101000110 y

#6230000
0!
0[

#6235000
1!
b1000001001 ;
1[
b1000001001 w

#6236000
b11101001001 y

#6240000
0!
0[

#6245000
1!
b1000001010 ;
1[
b1000001010 w

#6246000
b11101001100 y

#6250000
0!
0[

#6255000
1!
b1000001011 ;
1[
b1000001011 w

#6256000
b11101001111 y

#6260000
0!
0[

#6265000
1!
b1000001100 ;
1[
b1000001100 w

#6266000
b11101010010 y

#6270000
0!
0[

#6275000
1!
b1000001101 ;
1[
b1000001101 w

#6276000
b11101010101 y

#6280000
0!
0[

#6285000
1!
b1000001110 ;
1[
b1000001110 w

#6286000
b11101011000 y

#6290000
0!
0[

#6295000
1!
b1000001111 ;
1[
b1000001111 w

#6296000
b11101011011 y

#6300000
0!
0[

#6305000
1!
b1000010000 ;
1[
b1000010000 w

#6306000
b11101011110 y

#6310000
0!
0[

#6315000
1!
b1000010001 ;
1[
b1000010001 w

#6316000
b11101100001 y

#6320000
0!
0[

#6325000
1!
b1000010010 ;
1[
b1000010010 w

#6326000
b11101100100 y

#6330000
0!
0[

#6335000
1!
b1000010011 ;
1[
b1000010011 w

#6336000
b11101100111 y

#6340000
0!
0[

#6345000
1!
b1000010100 ;
1[
b1000010100 w

#6346000
b11101101010 y

#6350000
0!
0[

#6355000
1!
b1000010101 ;
1[
b1000010101 w

#6356000
b11101101101 y

#6360000
0!
0[

#6365000
1!
b1000010110 ;
1[
b1000010110 w

#6366000
b11101110000 y

#6370000
0!
0[

#6375000
1!
b1000010111 ;
1[
b1000010111 w

#6376000
b11101110011 y

#6380000
0!
0[

#6385000
1!
b1000011000 ;
1[
b1000011000 w

#6386000
b11101110110 y

#6390000
0!
0[

#6395000
1!
b1000011001 ;
1[
b1000011001 w

#6396000
b11101111001 y

#6400000
0!
0[

#6405000
1!
b1000011010 ;
1[
b1000011010 w

#6406000
b11101111100 y

#6410000
0!
0[

#6415000
1!
b1000011011 ;
1[
b1000011011 w

#6416000
b11101111111 y

#6420000
0!
0[

#6425000
1!
b1000011100 ;
1[
b1000011100 w

#6426000
b11110000010 y

#6430000
0!
0[

#6435000
1!
b1000011101 ;
1[
b1000011101 w

#6436000
b11110000101 y

#6440000
0!
0[

#6445000
1!
b1000011110 ;
1[
b1000011110 w

#6446000
b11110001000 y

#6450000
0!
0[

#6455000
1!
b1000011111 ;
1[
b1000011111 w

#6456000
b11110001011 y

#6460000
0!
0[

#6465000
1!
b1000100000 ;
1[
b1000100000 w

#6466000
b11110001110 y

#6470000
0!
0[

#6475000
1!
b1000100001 ;
1[
b1000100001 w

#6476000
b11110010001 y

#6480000
0!
0[

#6485000
1!
b1000100010 ;
1[
b1000100010 w

#6486000
b11110010100 y

#6490000
0!
0[

#6495000
1!
b1000100011 ;
1[
b1000100011 w

#6496000
b11110010111 y

#6500000
0!
0[

#6505000
1!
b1000100100 ;
1[
b1000100100 w

#6506000
b11110011010 y

#6510000
0!
0[

#6515000
1!
b1000100101 ;
1[
b1000100101 w

#6516000
b11110011101 y

#6520000
0!
0[

#6525000
1!
b1000100110 ;
1[
b1000100110 w

#6526000
b11110100000 y

#6530000
0!
0[

#6535000
1!
b1000100111 ;
1[
b1000100111 w

#6536000
b11110100011 y

#6540000
0!
0[

#6545000
1!
b1000101000 ;
1[
b1000101000 w

#6546000
b11110100110 y

#6550000
0!
0[

#6555000
1!
b1000101001 ;
1[
b1000101001 w

#6556000
b11110101001 y

#6560000
0!
0[

#6565000
1!
b1000101010 ;
1[
b1000101010 w

#6566000
b11110101100 y

#6570000
0!
0[

#6575000
1!
b1000101011 ;
1[
b1000101011 w

#6576000
b11110101111 y

#6580000
0!
0[

#6585000
1!
b1000101100 ;
1[
b1000101100 w

#6586000
b11110110010 y

#6590000
0!
0[

#6595000
1!
b1000101101 ;
1[
b1000101101 w

#6596000
b11110110101 y

#6600000
0!
0[

#6605000
1!
b1000101110 ;
1[
b1000101110 w

#6606000
b11110111000 y

#6610000
0!
0[

#6615000
1!
b1000101111 ;
1[
b1000101111 w

#6616000
b11110111011 y

#6620000
0!
0[

#6625000
1!
b1000110000 ;
1[
b1000110000 w

#6626000
b11110111110 y

#6630000
0!
0[

#6635000
1!
b1000110001 ;
1[
b1000110001 w

#6636000
b11111000001 y

#6640000
0!
0[

#6645000
1!
b1000110010 ;
1[
b1000110010 w

#6646000
b11111000100 y

#6650000
0!
0[

#6655000
1!
b1000110011 ;
1[
b1000110011 w

#6656000
b11111000111 y

#6660000
0!
0[

#6665000
1!
b1000110100 ;
1[
b1000110100 w

#6666000
b11111001010 y

#6670000
0!
0[

#6675000
1!
b1000110101 ;
1[
b1000110101 w

#6676000
b11111001101 y

#6680000
0!
0[

#6685000
1!
b1000110110 ;
1[
b1000110110 w

#6686000
b11111010000 y

#6690000
0!
0[

#6695000
1!
b1000110111 ;
1[
b1000110111 w

#6696000
b11111010011 y

#6700000
0!
0[

#6705000
1!
b1000111000 ;
1[
b1000111000 w

#6706000
b11111010110 y

#6710000
0!
0[

#6715000
1!
b1000111001 ;
1[
b1000111001 w

#6716000
b11111011001 y

#6720000
0!
0[

#6725000
1!
b1000111010 ;
1[
b1000111010 w

#6726000
b11111011100 y

#6730000
0!
0[

#6735000
1!
b1000111011 ;
1[
b1000111011 w

#6736000
b11111011111 y

#6740000
0!
0[

#6745000
1!
b1000111100 ;
1[
b1000111100 w

#6746000
b11111100010 y

#6750000
0!
0[

#6755000
1!
b1000111101 ;
1[
b1000111101 w

#6756000
b11111100101 y

#6760000
0!
0[

#6765000
1!
b1000111110 ;
1[
b1000111110 w

#6766000
b11111101000 y

#6770000
0!
0[

#6775000
1!
b1000111111 ;
1[
b1000111111 w

#6776000
b11111101011 y

#6780000
0!
0[

#6785000
1!
b1001000000 ;
1[
b1001000000 w

#6786000
b11111101110 y

#6790000
0!
0[

#6795000
1!
b1001000001 ;
1[
b1001000001 w

#6796000
b11111110001 y

#6800000
0!
0[

#6805000
1!
b1001000010 ;
1[
b1001000010 w

#6806000
b11111110100 y

#6810000
0!
0[

#6815000
1!
b1001000011 ;
1[
b1001000011 w

#6816000
b11111110111 y

#6820000
0!
0[

#6825000
1!
b1001000100 ;
1[
b1001000100 w

#6826000
b11111111010 y

#6830000
0!
0[

#6835000
1!
b1001000101 ;
1[
b1001000101 w

#6836000
b11111111101 y

#6840000
0!
0[

#6845000
1!
b1001000110 ;
1[
b1001000110 w

#6846000
b100000000000 y

#6850000
0!
0[

#6855000
1!
b1001000111 ;
1[
b1001000111 w

#6856000
b100000000011 y

#6860000
0!
0[

#6865000
1!
b1001001000 ;
1[
b1001001000 w

#6866000
b100000000110 y

#6870000
0!
0[

#6875000
1!
b1001001001 ;
1[
b1001001001 w

#6876000
b100000001001 y

#6880000
0!
0[

#6885000
1!
b1001001010 ;
1[
b1001001010 w

#6886000
b100000001100 y

#6890000
0!
0[

#6895000
1!
b1001001011 ;
1[
b1001001011 w

#6896000
b100000001111 y

#6900000
0!
0[

#6905000
1!
b1001001100 ;
1[
b1001001100 w

#6906000
b100000010010 y

#6910000
0!
0[

#6915000
1!
b1001001101 ;
1[
b1001001101 w

#6916000
b100000010101 y

#6920000
0!
0[

#6925000
1!
b1001001110 ;
1[
b1001001110 w

#6926000
b100000011000 y

#6930000
0!
0[

#6935000
1!
b1001001111 ;
1[
b1001001111 w

#6936000
b100000011011 y

#6940000
0!
0[

#6945000
1!
b1001010000 ;
1[
b1001010000 w

#6946000
b100000011110 y

#6950000
0!
0[

#6955000
1!
b1001010001 ;
1[
b1001010001 w

#6956000
b100000100001 y

#6960000
0!
0[

#6965000
1!
b1001010010 ;
1[
b1001010010 w

#6966000
b100000100100 y

#6970000
0!
0[

#6975000
1!
b1001010011 ;
1[
b1001010011 w

#6976000
b100000100111 y

#6980000
0!
0[

#6985000
1!
b1001010100 ;
1[
b1001010100 w

#6986000
b100000101010 y

#6990000
0!
0[

#6995000
1!
b1001010101 ;
1[
b1001010101 w

#6996000
b100000101101 y

#7000000
0!
0[

#7005000
1!
b1001010110 ;
1[
b1001010110 w

#7006000
b100000110000 y

#7010000
0!
0[

#7015000
1!
b1001010111 ;
1[
b1001010111 w

#7016000
b100000110011 y

#7020000
0!
0[

#7025000
1!
b1001011000 ;
1[
b1001011000 w

#7026000
b100000110110 y

#7030000
0!
0[

#7035000
1!
b1001011001 ;
1[
b1001011001 w

#7036000
b100000111001 y

#7040000
0!
0[

#7045000
1!
b1001011010 ;
1[
b1001011010 w

#7046000
b100000111100 y

#7050000
0!
0[

#7055000
1!
b1001011011 ;
1[
b1001011011 w

#7056000
b100000111111 y

#7060000
0!
0[

#7065000
1!
b1001011100 ;
1[
b1001011100 w

#7066000
b100001000010 y

#7070000
0!
0[

#7075000
1!
b1001011101 ;
1[
b1001011101 w

#7076000
b100001000101 y

#7080000
0!
0[

#7085000
1!
b1001011110 ;
1[
b1001011110 w

#7086000
b100001001000 y

#7090000
0!
0[

#7095000
1!
b1001011111 ;
1[
b1001011111 w

#7096000
b100001001011 y

#7100000
0!
0[

#7105000
1!
b1001100000 ;
1[
b1001100000 w

#7106000
b100001001110 y

#7110000
0!
0[

#7115000
1!
b1001100001 ;
1[
b1001100001 w

#7116000
b100001010001 y

#7120000
0!
0[

#7125000
1!
b1001100010 ;
1[
b1001100010 w

#7126000
b100001010100 y

#7130000
0!
0[

#7135000
1!
b1001100011 ;
1[
b1001100011 w

#7136000
b100001010111 y

#7140000
0!
0[

#7145000
1!
b1001100100 ;
1[
b1001100100 w

#7146000
b100001011010 y

#7150000
0!
0[

#7155000
1!
b1001100101 ;
1[
b1001100101 w

#7156000
b100001011101 y

#7160000
0!
0[

#7165000
1!
b1001100110 ;
1[
b1001100110 w

#7166000
b100001100000 y

#7170000
0!
0[

#7175000
1!
b1001100111 ;
1[
b1001100111 w

#7176000
b100001100011 y

#7180000
0!
0[

#7185000
1!
b1001101000 ;
1[
b1001101000 w

#7186000
b100001100110 y

#7190000
0!
0[

#7195000
1!
b1001101001 ;
1[
b1001101001 w

#7196000
b100001101001 y

#7200000
0!
0[

#7205000
1!
b1001101010 ;
1[
b1001101010 w

#7206000
b100001101100 y

#7210000
0!
0[

#7215000
1!
b1001101011 ;
1[
b1001101011 w

#7216000
b100001101111 y

#7220000
0!
0[

#7225000
1!
b1001101100 ;
1[
b1001101100 w

#7226000
b100001110010 y

#7230000
0!
0[

#7235000
1!
b1001101101 ;
1[
b1001101101 w

#7236000
b100001110101 y

#7240000
0!
0[

#7245000
1!
b1001101110 ;
1[
b1001101110 w

#7246000
b100001111000 y

#7250000
0!
0[

#7255000
1!
b1001101111 ;
1[
b1001101111 w

#7256000
b100001111011 y

#7260000
0!
0[

#7265000
1!
b1001110000 ;
1[
b1001110000 w

#7266000
b100001111110 y

#7270000
0!
0[

#7275000
1!
b1001110001 ;
1[
b1001110001 w

#7276000
b100010000001 y

#7280000
0!
0[

#7285000
1!
b1001110010 ;
1[
b1001110010 w

#7286000
b100010000100 y

#7290000
0!
0[

#7295000
1!
b1001110011 ;
1[
b1001110011 w

#7296000
b100010000111 y

#7300000
0!
0[

#7305000
1!
b1001110100 ;
1[
b1001110100 w

#7306000
b100010001010 y

#7310000
0!
0[

#7315000
1!
b1001110101 ;
1[
b1001110101 w

#7316000
b100010001101 y

#7320000
0!
0[

#7325000
1!
b1001110110 ;
1[
b1001110110 w

#7326000
b100010010000 y

#7330000
0!
0[

#7335000
1!
b1001110111 ;
1[
b1001110111 w

#7336000
b100010010011 y

#7340000
0!
0[

#7345000
1!
b1001111000 ;
1[
b1001111000 w

#7346000
b100010010110 y

#7350000
0!
0[

#7355000
1!
b1001111001 ;
1[
b1001111001 w

#7356000
b100010011001 y

#7360000
0!
0[

#7365000
1!
b1001111010 ;
1[
b1001111010 w

#7366000
b100010011100 y

#7370000
0!
0[

#7375000
1!
b1001111011 ;
1[
b1001111011 w

#7376000
b100010011111 y

#7380000
0!
0[

#7385000
1!
b1001111100 ;
1[
b1001111100 w

#7386000
b100010100010 y

#7390000
0!
0[

#7395000
1!
b1001111101 ;
1[
b1001111101 w

#7396000
b100010100101 y

#7400000
0!
0[

#7405000
1!
b1001111110 ;
1[
b1001111110 w

#7406000
b100010101000 y

#7410000
0!
0[

#7415000
1!
b1001111111 ;
1[
b1001111111 w

#7416000
b100010101011 y

#7420000
0!
0[

#7425000
1!
b1010000000 ;
1[
b1010000000 w

#7426000
b100010101110 y

#7430000
0!
0[

#7435000
1!
b1010000001 ;
1[
b1010000001 w

#7436000
b100010110001 y

#7440000
0!
0[

#7445000
1!
b1010000010 ;
1[
b1010000010 w

#7446000
b100010110100 y

#7450000
0!
0[

#7455000
1!
b1010000011 ;
1[
b1010000011 w

#7456000
b100010110111 y

#7460000
0!
0[

#7465000
1!
b1010000100 ;
1[
b1010000100 w

#7466000
b100010111010 y

#7470000
0!
0[

#7475000
1!
b1010000101 ;
1[
b1010000101 w

#7476000
b100010111101 y

#7480000
0!
0[

#7485000
1!
b1010000110 ;
1[
b1010000110 w

#7486000
b100011000000 y

#7490000
0!
0[

#7495000
1!
b1010000111 ;
1[
b1010000111 w

#7496000
b100011000011 y

#7500000
0!
0[

#7505000
1!
b1010001000 ;
1[
b1010001000 w

#7506000
b100011000110 y

#7510000
0!
0[

#7515000
1!
b1010001001 ;
1[
b1010001001 w

#7516000
b100011001001 y

#7520000
0!
0[

#7525000
1!
b1010001010 ;
1[
b1010001010 w

#7526000
b100011001100 y

#7530000
0!
0[

#7535000
1!
b1010001011 ;
1[
b1010001011 w

#7536000
b100011001111 y

#7540000
0!
0[

#7545000
1!
b1010001100 ;
1[
b1010001100 w

#7546000
b100011010010 y

#7550000
0!
0[

#7555000
1!
b1010001101 ;
1[
b1010001101 w

#7556000
b100011010101 y

#7560000
0!
0[

#7565000
1!
b1010001110 ;
1[
b1010001110 w

#7566000
b100011011000 y

#7570000
0!
0[

#7575000
1!
b1010001111 ;
1[
b1010001111 w

#7576000
b100011011011 y

#7580000
0!
0[

#7585000
1!
b1010010000 ;
1[
b1010010000 w

#7586000
b100011011110 y

#7590000
0!
0[

#7595000
1!
b1010010001 ;
1[
b1010010001 w

#7596000
b100011100001 y

#7600000
0!
0[

#7605000
1!
b1010010010 ;
1[
b1010010010 w

#7606000
b100011100100 y

#7610000
0!
0[

#7615000
1!
b1010010011 ;
1[
b1010010011 w

#7616000
b100011100111 y

#7620000
0!
0[

#7625000
1!
b1010010100 ;
1[
b1010010100 w

#7626000
b100011101010 y

#7630000
0!
0[

#7635000
1!
b1010010101 ;
1[
b1010010101 w

#7636000
b100011101101 y

#7640000
0!
0[

#7645000
1!
b1010010110 ;
1[
b1010010110 w

#7646000
b100011110000 y

#7650000
0!
0[

#7655000
1!
b1010010111 ;
1[
b1010010111 w

#7656000
b100011110011 y

#7660000
0!
0[

#7665000
1!
b1010011000 ;
1[
b1010011000 w

#7666000
b100011110110 y

#7670000
0!
0[

#7675000
1!
b1010011001 ;
1[
b1010011001 w

#7676000
b100011111001 y

#7680000
0!
0[

#7685000
1!
b1010011010 ;
1[
b1010011010 w

#7686000
b100011111100 y

#7690000
0!
0[

#7695000
1!
b1010011011 ;
1[
b1010011011 w

#7696000
b100011111111 y

#7700000
0!
0[

#7705000
1!
b1010011100 ;
1[
b1010011100 w

#7706000
b100100000010 y

#7710000
0!
0[

#7715000
1!
b1010011101 ;
1[
b1010011101 w

#7716000
b100100000101 y

#7720000
0!
0[

#7725000
1!
b1010011110 ;
1[
b1010011110 w

#7726000
b100100001000 y

#7730000
0!
0[

#7735000
1!
b1010011111 ;
1[
b1010011111 w

#7736000
b100100001011 y

#7740000
0!
0[

#7745000
1!
b1010100000 ;
1[
b1010100000 w

#7746000
b100100001110 y

#7750000
0!
0[

#7755000
1!
b1010100001 ;
1[
b1010100001 w

#7756000
b100100010001 y

#7760000
0!
0[

#7765000
1!
b1010100010 ;
1[
b1010100010 w

#7766000
b100100010100 y

#7770000
0!
0[

#7775000
1!
b1010100011 ;
1[
b1010100011 w

#7776000
b100100010111 y

#7780000
0!
0[

#7785000
1!
b1010100100 ;
1[
b1010100100 w

#7786000
b100100011010 y

#7790000
0!
0[

#7795000
1!
b1010100101 ;
1[
b1010100101 w

#7796000
b100100011101 y

#7800000
0!
0[

#7805000
1!
b1010100110 ;
1[
b1010100110 w

#7806000
b100100100000 y

#7810000
0!
0[

#7815000
1!
b1010100111 ;
1[
b1010100111 w

#7816000
b100100100011 y

#7820000
0!
0[

#7825000
1!
b1010101000 ;
1[
b1010101000 w

#7826000
b100100100110 y

#7830000
0!
0[

#7835000
1!
b1010101001 ;
1[
b1010101001 w

#7836000
b100100101001 y

#7840000
0!
0[

#7845000
1!
b1010101010 ;
1[
b1010101010 w

#7846000
b100100101100 y

#7850000
0!
0[

#7855000
1!
b1010101011 ;
1[
b1010101011 w

#7856000
b100100101111 y

#7860000
0!
0[

#7865000
1!
b1010101100 ;
1[
b1010101100 w

#7866000
b100100110010 y

#7870000
0!
0[

#7875000
1!
b1010101101 ;
1[
b1010101101 w

#7876000
b100100110101 y

#7880000
0!
0[

#7885000
1!
b1010101110 ;
1[
b1010101110 w

#7886000
b100100111000 y

#7890000
0!
0[

#7895000
1!
b1010101111 ;
1[
b1010101111 w

#7896000
b100100111011 y

#7900000
0!
0[

#7905000
1!
b1010110000 ;
1[
b1010110000 w

#7906000
b100100111110 y

#7910000
0!
0[

#7915000
1!
b1010110001 ;
1[
b1010110001 w

#7916000
b100101000001 y

#7920000
0!
0[

#7925000
1!
b1010110010 ;
1[
b1010110010 w

#7926000
b100101000100 y

#7930000
0!
0[

#7935000
1!
b1010110011 ;
1[
b1010110011 w

#7936000
b100101000111 y

#7940000
0!
0[

#7945000
1!
b1010110100 ;
1[
b1010110100 w

#7946000
b100101001010 y

#7950000
0!
0[

#7955000
1!
b1010110101 ;
1[
b1010110101 w

#7956000
b100101001101 y

#7960000
0!
0[

#7965000
1!
b1010110110 ;
1[
b1010110110 w

#7966000
b100101010000 y

#7970000
0!
0[

#7975000
1!
b1010110111 ;
1[
b1010110111 w

#7976000
b100101010011 y

#7980000
0!
0[

#7985000
1!
b1010111000 ;
1[
b1010111000 w

#7986000
b100101010110 y

#7990000
0!
0[

#7995000
1!
b1010111001 ;
1[
b1010111001 w

#7996000
b100101011001 y

#8000000
0!
0[

#8005000
1!
b1010111010 ;
1[
b1010111010 w

#8006000
b100101011100 y

#8010000
0!
0[

#8015000
1!
b1010111011 ;
1[
b1010111011 w

#8016000
b100101011111 y

#8020000
0!
0[

#8025000
1!
b1010111100 ;
1[
b1010111100 w

#8026000
b100101100010 y

#8030000
0!
0[

#8035000
1!
b1010111101 ;
1[
b1010111101 w

#8036000
b100101100101 y

#8040000
0!
0[

#8045000
1!
b1010111110 ;
1[
b1010111110 w

#8046000
b100101101000 y

#8050000
0!
0[

#8055000
1!
b1010111111 ;
1[
b1010111111 w

#8056000
b100101101011 y

#8060000
0!
0[

#8065000
1!
b1011000000 ;
1[
b1011000000 w

#8066000
b100101101110 y

#8070000
0!
0[

#8075000
1!
b1011000001 ;
1[
b1011000001 w

#8076000
b100101110001 y

#8080000
0!
0[

#8085000
1!
b1011000010 ;
1[
b1011000010 w

#8086000
b100101110100 y

#8090000
0!
0[

#8095000
1!
b1011000011 ;
1[
b1011000011 w

#8096000
b100101110111 y

#8100000
0!
0[

#8105000
1!
b1011000100 ;
1[
b1011000100 w

#8106000
b100101111010 y

#8110000
0!
0[

#8115000
1!
b1011000101 ;
1[
b1011000101 w

#8116000
b100101111101 y

#8120000
0!
0[

#8125000
1!
b1011000110 ;
1[
b1011000110 w

#8126000
b100110000000 y

#8130000
0!
0[

#8135000
1!
b1011000111 ;
1[
b1011000111 w

#8136000
b100110000011 y

#8140000
0!
0[

#8145000
1!
b1011001000 ;
1[
b1011001000 w

#8146000
b100110000110 y

#8150000
0!
0[

#8155000
1!
b1011001001 ;
1[
b1011001001 w

#8156000
b100110001001 y

#8160000
0!
0[

#8165000
1!
b1011001010 ;
1[
b1011001010 w

#8166000
b100110001100 y

#8170000
0!
0[

#8175000
1!
b1011001011 ;
1[
b1011001011 w

#8176000
b100110001111 y

#8180000
0!
0[

#8185000
1!
b1011001100 ;
1[
b1011001100 w

#8186000
b100110010010 y

#8190000
0!
0[

#8195000
1!
b1011001101 ;
1[
b1011001101 w

#8196000
b100110010101 y

#8200000
0!
0[

#8205000
1!
b1011001110 ;
1[
b1011001110 w

#8206000
b100110011000 y

#8210000
0!
0[

#8215000
1!
b1011001111 ;
1[
b1011001111 w

#8216000
b100110011011 y

#8220000
0!
0[

#8225000
1!
b1011010000 ;
1[
b1011010000 w

#8226000
b100110011110 y

#8230000
0!
0[

#8235000
1!
b1011010001 ;
1[
b1011010001 w

#8236000
b100110100001 y

#8240000
0!
0[

#8245000
1!
b1011010010 ;
1[
b1011010010 w

#8246000
b100110100100 y

#8250000
0!
0[

#8255000
1!
b1011010011 ;
1[
b1011010011 w

#8256000
b100110100111 y

#8260000
0!
0[

#8265000
1!
b1011010100 ;
1[
b1011010100 w

#8266000
b100110101010 y

#8270000
0!
0[

#8275000
1!
b1011010101 ;
1[
b1011010101 w

#8276000
b100110101101 y

#8280000
0!
0[

#8285000
1!
b1011010110 ;
1[
b1011010110 w

#8286000
b100110110000 y

#8290000
0!
0[

#8295000
1!
b1011010111 ;
1[
b1011010111 w

#8296000
b100110110011 y

#8300000
0!
0[

#8305000
1!
b1011011000 ;
1[
b1011011000 w

#8306000
b100110110110 y

#8310000
0!
0[

#8315000
1!
b1011011001 ;
1[
b1011011001 w

#8316000
b100110111001 y

#8320000
0!
0[

#8325000
1!
b1011011010 ;
1[
b1011011010 w

#8326000
b100110111100 y

#8330000
0!
0[

#8335000
1!
b1011011011 ;
1[
b1011011011 w

#8336000
b100110111111 y

#8340000
0!
0[

#8345000
1!
b1011011100 ;
1[
b1011011100 w

#8346000
b100111000010 y

#8350000
0!
0[

#8355000
1!
b1011011101 ;
1[
b1011011101 w

#8356000
b100111000101 y

#8360000
0!
0[

#8365000
1!
b1011011110 ;
1[
b1011011110 w

#8366000
b100111001000 y

#8370000
0!
0[

#8375000
1!
b1011011111 ;
1[
b1011011111 w

#8376000
b100111001011 y

#8380000
0!
0[

#8385000
1!
b1011100000 ;
1[
b1011100000 w

#8386000
b100111001110 y

#8390000
0!
0[

#8395000
1!
b1011100001 ;
1[
b1011100001 w

#8396000
b100111010001 y

#8400000
0!
0[

#8405000
1!
b1011100010 ;
1[
b1011100010 w

#8406000
b100111010100 y

#8410000
0!
0[

#8415000
1!
b1011100011 ;
1[
b1011100011 w

#8416000
b100111010111 y

#8420000
0!
0[

#8425000
1!
b1011100100 ;
1[
b1011100100 w

#8426000
b100111011010 y

#8430000
0!
0[

#8435000
1!
b1011100101 ;
1[
b1011100101 w

#8436000
b100111011101 y

#8440000
0!
0[

#8445000
1!
b1011100110 ;
1[
b1011100110 w

#8446000
b100111100000 y

#8450000
0!
0[

#8455000
1!
b1011100111 ;
1[
b1011100111 w

#8456000
b100111100011 y

#8460000
0!
0[

#8465000
1!
b1011101000 ;
1[
b1011101000 w

#8466000
b100111100110 y

#8470000
0!
0[

#8475000
1!
b1011101001 ;
1[
b1011101001 w

#8476000
b100111101001 y

#8480000
0!
0[

#8485000
1!
b1011101010 ;
1[
b1011101010 w

#8486000
b100111101100 y

#8490000
0!
0[

#8495000
1!
b1011101011 ;
1[
b1011101011 w

#8496000
b100111101111 y

#8500000
0!
0[

#8505000
1!
b1011101100 ;
1[
b1011101100 w

#8506000
b100111110010 y

#8510000
0!
0[

#8515000
1!
b1011101101 ;
1[
b1011101101 w

#8516000
b100111110101 y

#8520000
0!
0[

#8525000
1!
b1011101110 ;
1[
b1011101110 w

#8526000
b100111111000 y

#8530000
0!
0[

#8535000
1!
b1011101111 ;
1[
b1011101111 w

#8536000
b100111111011 y

#8540000
0!
0[

#8545000
1!
b1011110000 ;
1[
b1011110000 w

#8546000
b100111111110 y

#8550000
0!
0[

#8555000
1!
b1011110001 ;
1[
b1011110001 w

#8556000
b101000000001 y

#8560000
0!
0[

#8565000
1!
b1011110010 ;
1[
b1011110010 w

#8566000
b101000000100 y

#8570000
0!
0[

#8575000
1!
b1011110011 ;
1[
b1011110011 w

#8576000
b101000000111 y

#8580000
0!
0[

#8585000
1!
b1011110100 ;
1[
b1011110100 w

#8586000
b101000001010 y

#8590000
0!
0[

#8595000
1!
b1011110101 ;
1[
b1011110101 w

#8596000
b101000001101 y

#8600000
0!
0[

#8605000
1!
b1011110110 ;
1[
b1011110110 w

#8606000
b101000010000 y

#8610000
0!
0[

#8615000
1!
b1011110111 ;
1[
b1011110111 w

#8616000
b101000010011 y

#8620000
0!
0[

#8625000
1!
b1011111000 ;
1[
b1011111000 w

#8626000
b101000010110 y

#8630000
0!
0[

#8635000
1!
b1011111001 ;
1[
b1011111001 w

#8636000
b101000011001 y

#8640000
0!
0[

#8645000
1!
b1011111010 ;
1[
b1011111010 w

#8646000
b101000011100 y

#8650000
0!
0[

#8655000
1!
b1011111011 ;
1[
b1011111011 w

#8656000
b101000011111 y

#8660000
0!
0[

#8665000
1!
b1011111100 ;
1[
b1011111100 w

#8666000
b101000100010 y

#8670000
0!
0[

#8675000
1!
b1011111101 ;
1[
b1011111101 w

#8676000
b101000100101 y

#8680000
0!
0[

#8685000
1!
b1011111110 ;
1[
b1011111110 w

#8686000
b101000101000 y

#8690000
0!
0[

#8695000
1!
b1011111111 ;
1[
b1011111111 w

#8696000
b101000101011 y

#8700000
0!
0[

#8705000
1!
b1100000000 ;
1[
b1100000000 w

#8706000
b101000101110 y

#8710000
0!
0[

#8715000
1!
b1100000001 ;
1[
b1100000001 w

#8716000
b101000110001 y

#8720000
0!
0[

#8725000
1!
b1100000010 ;
1[
b1100000010 w

#8726000
b101000110100 y

#8730000
0!
0[

#8735000
1!
b1100000011 ;
1[
b1100000011 w

#8736000
b101000110111 y

#8740000
0!
0[

#8745000
1!
b1100000100 ;
1[
b1100000100 w

#8746000
b101000111010 y

#8750000
0!
0[

#8755000
1!
b1100000101 ;
1[
b1100000101 w

#8756000
b101000111101 y

#8760000
0!
0[

#8765000
1!
b1100000110 ;
1[
b1100000110 w

#8766000
b101001000000 y

#8770000
0!
0[

#8775000
1!
b1100000111 ;
1[
b1100000111 w

#8776000
b101001000011 y

#8780000
0!
0[

#8785000
1!
b1100001000 ;
1[
b1100001000 w

#8786000
b101001000110 y

#8790000
0!
0[

#8795000
1!
b1100001001 ;
1[
b1100001001 w

#8796000
b101001001001 y

#8800000
0!
0[

#8805000
1!
b1100001010 ;
1[
b1100001010 w

#8806000
b101001001100 y

#8810000
0!
0[

#8815000
1!
b1100001011 ;
1[
b1100001011 w

#8816000
b101001001111 y

#8820000
0!
0[

#8825000
1!
b1100001100 ;
1[
b1100001100 w

#8826000
b101001010010 y

#8830000
0!
0[

#8835000
1!
b1100001101 ;
1[
b1100001101 w

#8836000
b101001010101 y

#8840000
0!
0[

#8845000
1!
b1100001110 ;
1[
b1100001110 w

#8846000
b101001011000 y

#8850000
0!
0[

#8855000
1!
b1100001111 ;
1[
b1100001111 w

#8856000
b101001011011 y

#8860000
0!
0[

#8865000
1!
b1100010000 ;
1[
b1100010000 w

#8866000
b101001011110 y

#8870000
0!
0[

#8875000
1!
b1100010001 ;
1[
b1100010001 w

#8876000
b101001100001 y

#8880000
0!
0[

#8885000
1!
b1100010010 ;
1[
b1100010010 w

#8886000
b101001100100 y

#8890000
0!
0[

#8895000
1!
b1100010011 ;
1[
b1100010011 w

#8896000
b101001100111 y

#8900000
0!
0[

#8905000
1!
b1100010100 ;
1[
b1100010100 w

#8906000
b101001101010 y

#8910000
0!
0[

#8915000
1!
b1100010101 ;
1[
b1100010101 w

#8916000
b101001101101 y

#8920000
0!
0[

#8925000
1!
b1100010110 ;
1[
b1100010110 w

#8926000
b101001110000 y

#8930000
0!
0[

#8935000
1!
b1100010111 ;
1[
b1100010111 w

#8936000
b101001110011 y

#8940000
0!
0[

#8945000
1!
b1100011000 ;
1[
b1100011000 w

#8946000
b101001110110 y

#8950000
0!
0[

#8955000
1!
b1100011001 ;
1[
b1100011001 w

#8956000
b101001111001 y

#8960000
0!
0[

#8965000
1!
b1100011010 ;
1[
b1100011010 w

#8966000
b101001111100 y

#8970000
0!
0[

#8975000
1!
b1100011011 ;
1[
b1100011011 w

#8976000
b101001111111 y

#8980000
0!
0[

#8985000
1!
b1100011100 ;
1[
b1100011100 w

#8986000
b101010000010 y

#8990000
0!
0[

#8995000
1!
b1100011101 ;
1[
b1100011101 w

#8996000
b101010000101 y

#9000000
0!
0[

#9005000
1!
b1100011110 ;
1[
b1100011110 w

#9006000
b101010001000 y

#9010000
0!
0[

#9015000
1!
b1100011111 ;
1[
b1100011111 w

#9016000
b101010001011 y

#9020000
0!
0[

#9025000
1!
b1100100000 ;
1[
b1100100000 w

#9026000
b101010001110 y

#9030000
0!
0[

#9035000
1!
b1100100001 ;
1[
b1100100001 w

#9036000
b101010010001 y

#9040000
0!
0[

#9045000
1!
b1100100010 ;
1[
b1100100010 w

#9046000
b101010010100 y

#9050000
0!
0[

#9055000
1!
b1100100011 ;
1[
b1100100011 w

#9056000
b101010010111 y

#9060000
0!
0[

#9065000
1!
b1100100100 ;
1[
b1100100100 w

#9066000
b101010011010 y

#9070000
0!
0[

#9075000
1!
b1100100101 ;
1[
b1100100101 w

#9076000
b101010011101 y

#9080000
0!
0[

#9085000
1!
b1100100110 ;
1[
b1100100110 w

#9086000
b101010100000 y

#9090000
0!
0[

#9095000
1!
b1100100111 ;
1[
b1100100111 w

#9096000
b101010100011 y

#9100000
0!
0[

#9105000
1!
b1100101000 ;
1[
b1100101000 w

#9106000
b101010100110 y

#9110000
0!
0[

#9115000
1!
b1100101001 ;
1[
b1100101001 w

#9116000
b101010101001 y

#9120000
0!
0[

#9125000
1!
b1100101010 ;
1[
b1100101010 w

#9126000
b101010101100 y

#9130000
0!
0[

#9135000
1!
b1100101011 ;
1[
b1100101011 w

#9136000
b101010101111 y

#9140000
0!
0[

#9145000
1!
b1100101100 ;
1[
b1100101100 w

#9146000
b101010110010 y

#9150000
0!
0[

#9155000
1!
b1100101101 ;
1[
b1100101101 w

#9156000
b101010110101 y

#9160000
0!
0[

#9165000
1!
b1100101110 ;
1[
b1100101110 w

#9166000
b101010111000 y

#9170000
0!
0[

#9175000
1!
b1100101111 ;
1[
b1100101111 w

#9176000
b101010111011 y

#9180000
0!
0[

#9185000
1!
b1100110000 ;
1[
b1100110000 w

#9186000
b101010111110 y

#9190000
0!
0[

#9195000
1!
b1100110001 ;
1[
b1100110001 w

#9196000
b101011000001 y

#9200000
0!
0[

#9205000
1!
b1100110010 ;
1[
b1100110010 w

#9206000
b101011000100 y

#9210000
0!
0[

#9215000
1!
b1100110011 ;
1[
b1100110011 w

#9216000
b101011000111 y

#9220000
0!
0[

#9225000
1!
b1100110100 ;
1[
b1100110100 w

#9226000
b101011001010 y

#9230000
0!
0[

#9235000
1!
b1100110101 ;
1[
b1100110101 w

#9236000
b101011001101 y

#9240000
0!
0[

#9245000
1!
b1100110110 ;
1[
b1100110110 w

#9246000
b101011010000 y

#9250000
0!
0[

#9255000
1!
b1100110111 ;
1[
b1100110111 w

#9256000
b101011010011 y

#9260000
0!
0[

#9265000
1!
b1100111000 ;
1[
b1100111000 w

#9266000
b101011010110 y

#9270000
0!
0[

#9275000
1!
b1100111001 ;
1[
b1100111001 w

#9276000
b101011011001 y

#9280000
0!
0[

#9285000
1!
b1100111010 ;
1[
b1100111010 w

#9286000
b101011011100 y

#9290000
0!
0[

#9295000
1!
b1100111011 ;
1[
b1100111011 w

#9296000
b101011011111 y

#9300000
0!
0[

#9305000
1!
b1100111100 ;
1[
b1100111100 w

#9306000
b101011100010 y

#9310000
0!
0[

#9315000
1!
b1100111101 ;
1[
b1100111101 w

#9316000
b101011100101 y

#9320000
0!
0[

#9325000
1!
b1100111110 ;
1[
b1100111110 w

#9326000
b101011101000 y

#9330000
0!
0[

#9335000
1!
b1100111111 ;
1[
b1100111111 w

#9336000
b101011101011 y

#9340000
0!
0[

#9345000
1!
b1101000000 ;
1[
b1101000000 w

#9346000
b101011101110 y

#9350000
0!
0[

#9355000
1!
b1101000001 ;
1[
b1101000001 w

#9356000
b101011110001 y

#9360000
0!
0[

#9365000
1!
b1101000010 ;
1[
b1101000010 w

#9366000
b101011110100 y

#9370000
0!
0[

#9375000
1!
b1101000011 ;
1[
b1101000011 w

#9376000
b101011110111 y

#9380000
0!
0[

#9385000
1!
b1101000100 ;
1[
b1101000100 w

#9386000
b101011111010 y

#9390000
0!
0[

#9395000
1!
b1101000101 ;
1[
b1101000101 w

#9396000
b101011111101 y

#9400000
0!
0[

#9405000
1!
b1101000110 ;
1[
b1101000110 w

#9406000
b101100000000 y

#9410000
0!
0[

#9415000
1!
b1101000111 ;
1[
b1101000111 w

#9416000
b101100000011 y

#9420000
0!
0[

#9425000
1!
b1101001000 ;
1[
b1101001000 w

#9426000
b101100000110 y

#9430000
0!
0[

#9435000
1!
b1101001001 ;
1[
b1101001001 w

#9436000
b101100001001 y

#9440000
0!
0[

#9445000
1!
b1101001010 ;
1[
b1101001010 w

#9446000
b101100001100 y

#9450000
0!
0[

#9455000
1!
b1101001011 ;
1[
b1101001011 w

#9456000
b101100001111 y

#9460000
0!
0[

#9465000
1!
b1101001100 ;
1[
b1101001100 w

#9466000
b101100010010 y

#9470000
0!
0[

#9475000
1!
b1101001101 ;
1[
b1101001101 w

#9476000
b101100010101 y

#9480000
0!
0[

#9485000
1!
b1101001110 ;
1[
b1101001110 w

#9486000
b101100011000 y

#9490000
0!
0[

#9495000
1!
b1101001111 ;
1[
b1101001111 w

#9496000
b101100011011 y

#9500000
0!
0[

#9505000
1!
b1101010000 ;
1[
b1101010000 w

#9506000
b101100011110 y

#9510000
0!
0[

#9515000
1!
b1101010001 ;
1[
b1101010001 w

#9516000
b101100100001 y

#9520000
0!
0[

#9525000
1!
b1101010010 ;
1[
b1101010010 w

#9526000
b101100100100 y

#9530000
0!
0[

#9535000
1!
b1101010011 ;
1[
b1101010011 w

#9536000
b101100100111 y

#9540000
0!
0[

#9545000
1!
b1101010100 ;
1[
b1101010100 w

#9546000
b101100101010 y

#9550000
0!
0[

#9555000
1!
b1101010101 ;
1[
b1101010101 w

#9556000
b101100101101 y

#9560000
0!
0[

#9565000
1!
b1101010110 ;
1[
b1101010110 w

#9566000
b101100110000 y

#9570000
0!
0[

#9575000
1!
b1101010111 ;
1[
b1101010111 w

#9576000
b101100110011 y

#9580000
0!
0[

#9585000
1!
b1101011000 ;
1[
b1101011000 w

#9586000
b101100110110 y

#9590000
0!
0[

#9595000
1!
b1101011001 ;
1[
b1101011001 w

#9596000
b101100111001 y

#9600000
0!
0[

#9605000
1!
b1101011010 ;
1[
b1101011010 w

#9606000
b101100111100 y

#9610000
0!
0[

#9615000
1!
b1101011011 ;
1[
b1101011011 w

#9616000
b101100111111 y

#9620000
0!
0[

#9625000
1!
b1101011100 ;
1[
b1101011100 w

#9626000
b101101000010 y

#9630000
0!
0[

#9635000
1!
b1101011101 ;
1[
b1101011101 w

#9636000
b101101000101 y

#9640000
0!
0[

#9645000
1!
b1101011110 ;
1[
b1101011110 w

#9646000
b101101001000 y

#9650000
0!
0[

#9655000
1!
b1101011111 ;
1[
b1101011111 w

#9656000
b101101001011 y

#9660000
0!
0[

#9665000
1!
b1101100000 ;
1[
b1101100000 w

#9666000
b101101001110 y

#9670000
0!
0[

#9675000
1!
b1101100001 ;
1[
b1101100001 w

#9676000
b101101010001 y

#9680000
0!
0[

#9685000
1!
b1101100010 ;
1[
b1101100010 w

#9686000
b101101010100 y

#9690000
0!
0[

#9695000
1!
b1101100011 ;
1[
b1101100011 w

#9696000
b101101010111 y

#9700000
0!
0[

#9705000
1!
b1101100100 ;
1[
b1101100100 w

#9706000
b101101011010 y

#9710000
0!
0[

#9715000
1!
b1101100101 ;
1[
b1101100101 w

#9716000
b101101011101 y

#9720000
0!
0[

#9725000
1!
b1101100110 ;
1[
b1101100110 w

#9726000
b101101100000 y

#9730000
0!
0[

#9735000
1!
b1101100111 ;
1[
b1101100111 w

#9736000
b101101100011 y

#9740000
0!
0[

#9745000
1!
b1101101000 ;
1[
b1101101000 w

#9746000
b101101100110 y

#9750000
0!
0[

#9755000
1!
b1101101001 ;
1[
b1101101001 w

#9756000
b101101101001 y

#9760000
0!
0[

#9765000
1!
b1101101010 ;
1[
b1101101010 w

#9766000
b101101101100 y

#9770000
0!
0[

#9775000
1!
b1101101011 ;
1[
b1101101011 w

#9776000
b101101101111 y

#9780000
0!
0[

#9785000
1!
b1101101100 ;
1[
b1101101100 w

#9786000
b101101110010 y

#9790000
0!
0[

#9795000
1!
b1101101101 ;
1[
b1101101101 w

#9796000
b101101110101 y

#9800000
0!
0[

#9805000
1!
b1101101110 ;
1[
b1101101110 w

#9806000
b101101111000 y

#9810000
0!
0[

#9815000
1!
b1101101111 ;
1[
b1101101111 w

#9816000
b101101111011 y

#9820000
0!
0[

#9825000
1!
b1101110000 ;
1[
b1101110000 w

#9826000
b101101111110 y

#9830000
0!
0[

#9835000
1!
b1101110001 ;
1[
b1101110001 w

#9836000
b101110000001 y

#9840000
0!
0[

#9845000
1!
b1101110010 ;
1[
b1101110010 w

#9846000
b101110000100 y

#9850000
0!
0[

#9855000
1!
b1101110011 ;
1[
b1101110011 w

#9856000
b101110000111 y

#9860000
0!
0[

#9865000
1!
b1101110100 ;
1[
b1101110100 w

#9866000
b101110001010 y

#9870000
0!
0[

#9875000
1!
b1101110101 ;
1[
b1101110101 w

#9876000
b101110001101 y

#9880000
0!
0[

#9885000
1!
b1101110110 ;
1[
b1101110110 w

#9886000
b101110010000 y

#9890000
0!
0[

#9895000
1!
b1101110111 ;
1[
b1101110111 w

#9896000
b101110010011 y

#9900000
0!
0[

#9905000
1!
b1101111000 ;
1[
b1101111000 w

#9906000
b101110010110 y

#9910000
0!
0[

#9915000
1!
b1101111001 ;
1[
b1101111001 w

#9916000
b101110011001 y

#9920000
0!
0[

#9925000
1!
b1101111010 ;
1[
b1101111010 w

#9926000
b101110011100 y

#9930000
0!
0[

#9935000
1!
b1101111011 ;
1[
b1101111011 w

#9936000
b101110011111 y

#9940000
0!
0[

#9945000
1!
b1101111100 ;
1[
b1101111100 w

#9946000
b101110100010 y

#9950000
0!
0[

#9955000
1!
b1101111101 ;
1[
b1101111101 w

#9956000
b101110100101 y

#9960000
0!
0[

#9965000
1!
b1101111110 ;
1[
b1101111110 w

#9966000
b101110101000 y

#9970000
0!
0[

#9975000
1!
b1101111111 ;
1[
b1101111111 w

#9976000
b101110101011 y

#9980000
0!
0[

#9985000
1!
b1110000000 ;
1[
b1110000000 w

#9986000
b101110101110 y

#9990000
0!
0[

#9995000
1!
b1110000001 ;
1[
b1110000001 w

#9996000
b101110110001 y

#10000000
0!
0[

#10005000
1!
b1110000010 ;
1[
b1110000010 w

#10006000
b101110110100 y

#10010000
0!
0[

#10015000
1!
b1110000011 ;
1[
b1110000011 w

#10016000
b101110110111 y

#10020000
0!
0[

#10025000
1!
b1110000100 ;
1[
b1110000100 w

#10026000
b101110111010 y

#10030000
0!
0[

#10035000
1!
b1110000101 ;
1[
b1110000101 w

#10036000
b101110111101 y

#10040000
0!
0[

#10045000
1!
b1110000110 ;
1[
b1110000110 w

#10046000
b101111000000 y

#10050000
0!
0[

#10055000
1!
b1110000111 ;
1[
b1110000111 w

#10056000
b101111000011 y

#10060000
0!
0[

#10065000
1!
b1110001000 ;
1[
b1110001000 w

#10066000
b101111000110 y

#10070000
0!
0[

#10075000
1!
b1110001001 ;
1[
b1110001001 w

#10076000
b101111001001 y

#10080000
0!
0[

#10085000
1!
b1110001010 ;
1[
b1110001010 w

#10086000
b101111001100 y

#10090000
0!
0[

#10095000
1!
b1110001011 ;
1[
b1110001011 w

#10096000
b101111001111 y

#10100000
0!
0[

#10105000
1!
b1110001100 ;
1[
b1110001100 w

#10106000
b101111010010 y

#10110000
0!
0[

#10115000
1!
b1110001101 ;
1[
b1110001101 w

#10116000
b101111010101 y

#10120000
0!
0[

#10125000
1!
b1110001110 ;
1[
b1110001110 w

#10126000
b101111011000 y

#10130000
0!
0[

#10135000
1!
b1110001111 ;
1[
b1110001111 w

#10136000
b101111011011 y

#10140000
0!
0[

#10145000
1!
b1110010000 ;
1[
b1110010000 w

#10146000
b101111011110 y

#10150000
0!
0[

#10155000
1!
b1110010001 ;
1[
b1110010001 w

#10156000
b101111100001 y

#10160000
0!
0[

#10165000
1!
b1110010010 ;
1[
b1110010010 w

#10166000
b101111100100 y

#10170000
0!
0[

#10175000
1!
b1110010011 ;
1[
b1110010011 w

#10176000
b101111100111 y

#10180000
0!
0[

#10185000
1!
b1110010100 ;
1[
b1110010100 w

#10186000
b101111101010 y

#10190000
0!
0[

#10195000
1!
b1110010101 ;
1[
b1110010101 w

#10196000
b101111101101 y

#10200000
0!
0[

#10205000
1!
b1110010110 ;
1[
b1110010110 w

#10206000
b101111110000 y

#10210000
0!
0[

#10215000
1!
b1110010111 ;
1[
b1110010111 w

#10216000
b101111110011 y

#10220000
0!
0[

#10225000
1!
b1110011000 ;
1[
b1110011000 w

#10226000
b101111110110 y

#10230000
0!
0[

#10235000
1!
b1110011001 ;
1[
b1110011001 w

#10236000
b101111111001 y

#10240000
0!
0[

#10245000
1!
b1110011010 ;
1[
b1110011010 w

#10246000
b101111111100 y

#10250000
0!
0[

#10255000
1!
b1110011011 ;
1[
b1110011011 w

#10256000
b101111111111 y

#10260000
0!
0[

#10265000
1!
b1110011100 ;
1[
b1110011100 w

#10266000
b110000000010 y

#10270000
0!
0[

#10275000
1!
b1110011101 ;
1[
b1110011101 w

#10276000
b110000000101 y

#10280000
0!
0[

#10285000
1!
b1110011110 ;
1[
b1110011110 w

#10286000
b110000001000 y

#10290000
0!
0[

#10295000
1!
b1110011111 ;
1[
b1110011111 w

#10296000
b110000001011 y

#10300000
0!
0[

#10305000
1!
b1110100000 ;
1[
b1110100000 w

#10306000
b110000001110 y

#10310000
0!
0[

#10315000
1!
b1110100001 ;
1[
b1110100001 w

#10316000
b110000010001 y

#10320000
0!
0[

#10325000
1!
b1110100010 ;
1[
b1110100010 w

#10326000
b110000010100 y

#10330000
0!
0[

#10335000
1!
b1110100011 ;
1[
b1110100011 w

#10336000
b110000010111 y

#10340000
0!
0[

#10345000
1!
b1110100100 ;
1[
b1110100100 w

#10346000
b110000011010 y

#10350000
0!
0[

#10355000
1!
b1110100101 ;
1[
b1110100101 w

#10356000
b110000011101 y

#10360000
0!
0[

#10365000
1!
b1110100110 ;
1[
b1110100110 w

#10366000
b110000100000 y

#10370000
0!
0[

#10375000
1!
b1110100111 ;
1[
b1110100111 w

#10376000
b110000100011 y

#10380000
0!
0[

#10385000
1!
b1110101000 ;
1[
b1110101000 w

#10386000
b110000100110 y

#10390000
0!
0[

#10395000
1!
b1110101001 ;
1[
b1110101001 w

#10396000
b110000101001 y

#10400000
0!
0[

#10405000
1!
b1110101010 ;
1[
b1110101010 w

#10406000
b110000101100 y

#10410000
0!
0[

#10415000
1!
b1110101011 ;
1[
b1110101011 w

#10416000
b110000101111 y

#10420000
0!
0[

#10425000
1!
b1110101100 ;
1[
b1110101100 w

#10426000
b110000110010 y

#10430000
0!
0[

#10435000
1!
b1110101101 ;
1[
b1110101101 w

#10436000
b110000110101 y

#10440000
0!
0[

#10445000
1!
b1110101110 ;
1[
b1110101110 w

#10446000
b110000111000 y

#10450000
0!
0[

#10455000
1!
b1110101111 ;
1[
b1110101111 w

#10456000
b110000111011 y

#10460000
0!
0[

#10465000
1!
b1110110000 ;
1[
b1110110000 w

#10466000
b110000111110 y

#10470000
0!
0[

#10475000
1!
b1110110001 ;
1[
b1110110001 w

#10476000
b110001000001 y

#10480000
0!
0[

#10485000
1!
b1110110010 ;
1[
b1110110010 w

#10486000
b110001000100 y

#10490000
0!
0[

#10495000
1!
b1110110011 ;
1[
b1110110011 w

#10496000
b110001000111 y

#10500000
0!
0[

#10505000
1!
b1110110100 ;
1[
b1110110100 w

#10506000
b110001001010 y

#10510000
0!
0[

#10515000
1!
b1110110101 ;
1[
b1110110101 w

#10516000
b110001001101 y

#10520000
0!
0[

#10525000
1!
b1110110110 ;
1[
b1110110110 w

#10526000
b110001010000 y

#10530000
0!
0[

#10535000
1!
b1110110111 ;
1[
b1110110111 w

#10536000
b110001010011 y

#10540000
0!
0[

#10545000
1!
b1110111000 ;
1[
b1110111000 w

#10546000
b110001010110 y

#10550000
0!
0[

#10555000
1!
b1110111001 ;
1[
b1110111001 w

#10556000
b110001011001 y

#10560000
0!
0[

#10565000
1!
b1110111010 ;
1[
b1110111010 w

#10566000
b110001011100 y

#10570000
0!
0[

#10575000
1!
b1110111011 ;
1[
b1110111011 w

#10576000
b110001011111 y

#10580000
0!
0[

#10585000
1!
b1110111100 ;
1[
b1110111100 w

#10586000
b110001100010 y

#10590000
0!
0[

#10595000
1!
b1110111101 ;
1[
b1110111101 w

#10596000
b110001100101 y

#10600000
0!
0[

#10605000
1!
b1110111110 ;
1[
b1110111110 w

#10606000
b110001101000 y

#10610000
0!
0[

#10615000
1!
b1110111111 ;
1[
b1110111111 w

#10616000
b110001101011 y

#10620000
0!
0[

#10625000
1!
b1111000000 ;
1[
b1111000000 w

#10626000
b110001101110 y

#10630000
0!
0[

#10635000
1!
b1111000001 ;
1[
b1111000001 w

#10636000
b110001110001 y

#10640000
0!
0[

#10645000
1!
b1111000010 ;
1[
b1111000010 w

#10646000
b110001110100 y

#10650000
0!
0[

#10655000
1!
b1111000011 ;
1[
b1111000011 w

#10656000
b110001110111 y

#10660000
0!
0[

#10665000
1!
b1111000100 ;
1[
b1111000100 w

#10666000
b110001111010 y

#10670000
0!
0[

#10675000
1!
b1111000101 ;
1[
b1111000101 w

#10676000
b110001111101 y

#10680000
0!
0[

#10685000
1!
b1111000110 ;
1[
b1111000110 w

#10686000
b110010000000 y

#10690000
0!
0[

#10695000
1!
b1111000111 ;
1[
b1111000111 w

#10696000
b110010000011 y

#10700000
0!
0[

#10705000
1!
b1111001000 ;
1[
b1111001000 w

#10706000
b110010000110 y

#10710000
0!
0[

#10715000
1!
b1111001001 ;
1[
b1111001001 w

#10716000
b110010001001 y

#10720000
0!
0[

#10725000
1!
b1111001010 ;
1[
b1111001010 w

#10726000
b110010001100 y

#10730000
0!
0[

#10735000
1!
b1111001011 ;
1[
b1111001011 w

#10736000
b110010001111 y

#10740000
0!
0[

#10745000
1!
b1111001100 ;
1[
b1111001100 w

#10746000
b110010010010 y

#10750000
0!
0[

#10755000
1!
b1111001101 ;
1[
b1111001101 w

#10756000
b110010010101 y

#10760000
0!
0[

#10765000
1!
b1111001110 ;
1[
b1111001110 w

#10766000
b110010011000 y

#10770000
0!
0[

#10775000
1!
b1111001111 ;
1[
b1111001111 w

#10776000
b110010011011 y

#10780000
0!
0[

#10785000
1!
b1111010000 ;
1[
b1111010000 w

#10786000
b110010011110 y

#10790000
0!
0[

#10795000
1!
b1111010001 ;
1[
b1111010001 w

#10796000
b110010100001 y

#10800000
0!
0[

#10805000
1!
b1111010010 ;
1[
b1111010010 w

#10806000
b110010100100 y

#10810000
0!
0[

#10815000
1!
b1111010011 ;
1[
b1111010011 w

#10816000
b110010100111 y

#10820000
0!
0[

#10825000
1!
b1111010100 ;
1[
b1111010100 w

#10826000
b110010101010 y

#10830000
0!
0[

#10835000
1!
b1111010101 ;
1[
b1111010101 w

#10836000
b110010101101 y

#10840000
0!
0[

#10845000
1!
b1111010110 ;
1[
b1111010110 w

#10846000
b110010110000 y

#10850000
0!
0[

#10855000
1!
b1111010111 ;
1[
b1111010111 w

#10856000
b110010110011 y

#10860000
0!
0[

#10865000
1!
b1111011000 ;
1[
b1111011000 w

#10866000
b110010110110 y

#10870000
0!
0[

#10875000
1!
b1111011001 ;
1[
b1111011001 w

#10876000
b110010111001 y

#10880000
0!
0[

#10885000
1!
b1111011010 ;
1[
b1111011010 w

#10886000
b110010111100 y

#10890000
0!
0[

#10895000
1!
b1111011011 ;
1[
b1111011011 w

#10896000
b110010111111 y

#10900000
0!
0[

#10905000
1!
b1111011100 ;
1[
b1111011100 w

#10906000
b110011000010 y

#10910000
0!
0[

#10915000
1!
b1111011101 ;
1[
b1111011101 w

#10916000
b110011000101 y

#10920000
0!
0[

#10925000
1!
b1111011110 ;
1[
b1111011110 w

#10926000
b110011001000 y

#10930000
0!
0[

#10935000
1!
b1111011111 ;
1[
b1111011111 w

#10936000
b110011001011 y

#10940000
0!
0[

#10945000
1!
b1111100000 ;
1[
b1111100000 w

#10946000
b110011001110 y

#10950000
0!
0[

#10955000
1!
b1111100001 ;
1[
b1111100001 w

#10956000
b110011010001 y

#10960000
0!
0[

#10965000
1!
b1111100010 ;
1[
b1111100010 w

#10966000
b110011010100 y

#10970000
0!
0[

#10975000
1!
b1111100011 ;
1[
b1111100011 w

#10976000
b110011010111 y

#10980000
0!
0[

#10985000
1!
b1111100100 ;
1[
b1111100100 w

#10986000
b110011011010 y

#10990000
0!
0[

#10995000
1!
b1111100101 ;
1[
b1111100101 w

#10996000
b110011011101 y

#11000000
0!
0[

#11005000
1!
b1111100110 ;
1[
b1111100110 w

#11006000
b110011100000 y

#11010000
0!
b1 R
0[
b110011100010 y

#11015000
1!
b1 :
b1111100111 ;
1[
b1 v
b1111100111 w

#11016000
b110011100101 y

#11020000
0!
0[
b110011100110 y

#11025000
1!
b1 5
b0 6
b0 7
b0 ;
1[
b0 r
b1 s
b0 t
b0 w

#11026000
b1 &!
b110011101001 y

#11030000
0!
b100 R
0[
b110011101010 y

#11035000
1!
1[

#11036000
b110011101101 y

#11040000
0!
0[

#11045000
1!
1[

#11046000
b110011110000 y

#11050000
0!
0[

#11055000
1!
1[

#11056000
b110011110011 y

#11060000
0!
0[

#11065000
1!
1[

#11066000
b110011110110 y

#11070000
0!
b10101100111110 !!
b11 R
b101 S
0[
b101 j

#11075000
1!
1[

#11076000
b110011111001 y

#11080000
0!
0[

#11085000
1!
1[

#11086000
b110011111100 y

#11090000
0!
0[

#11095000
1!
1[

#11096000
b110011111111 y

#11100000
0!
0[

#11105000
1!
1[

#11106000
b110100000010 y

#11110000
0!
1&
b10 :
0[
1_
b10 v

#11115000
1!
b10 5
1[
b10 s

#11116000
b10 &!
b110100000101 y

#11120000
0!
0&
0[
0_

#11125000
1!
b1 ;
1[
b1 w

#11126000
b110100001000 y

#11130000
0!
1,
1=
0[
1c
1x

#11135000
1!
b1 6
b1 7
b0 ;
1[
b1 r
b1 t
b0 w

#11136000
b110100001011 y

#11140000
0!
0,
0=
0[
0c
0x

#11145000
1!
b1 ;
1[
b1 w

#11146000
b110100001110 y

#11150000
0!
0[

#11155000
1!
b10 ;
1[
b10 w

#11156000
b110100010001 y

#11160000
0!
0[

#11165000
1!
b11 ;
1[
b11 w

#11166000
b110100010100 y

#11170000
0!
0[

#11175000
1!
b100 ;
1[
b100 w

#11176000
b110100010111 y

#11180000
0!
0[

#11185000
1!
b101 ;
1[
b101 w

#11186000
b110100011010 y

#11190000
0!
0[

#11195000
1!
b110 ;
1[
b110 w

#11196000
b110100011101 y

#11200000
0!
0[

#11205000
1!
b111 ;
1[
b111 w

#11206000
b110100100000 y

#11210000
0!
0[

#11215000
1!
b1000 ;
1[
b1000 w

#11216000
b110100100011 y

#11220000
0!
0[

#11225000
1!
b1001 ;
1[
b1001 w

#11226000
b110100100110 y

#11230000
0!
0[

#11235000
1!
b1010 ;
1[
b1010 w

#11236000
b110100101001 y

#11240000
0!
0[

#11245000
1!
b1011 ;
1[
b1011 w

#11246000
b110100101100 y

#11250000
0!
0[

#11255000
1!
b1100 ;
1[
b1100 w

#11256000
b110100101111 y

#11260000
0!
0[

#11265000
1!
b1101 ;
1[
b1101 w

#11266000
b110100110010 y

#11270000
0!
0[

#11275000
1!
b1110 ;
1[
b1110 w

#11276000
b110100110101 y

#11280000
0!
0[

#11285000
1!
b1111 ;
1[
b1111 w

#11286000
b110100111000 y

#11290000
0!
0[

#11295000
1!
b10000 ;
1[
b10000 w

#11296000
b110100111011 y

#11300000
0!
0[

#11305000
1!
b10001 ;
1[
b10001 w

#11306000
b110100111110 y

#11310000
0!
0[

#11315000
1!
b10010 ;
1[
b10010 w

#11316000
b110101000001 y

#11320000
0!
0[

#11325000
1!
b10011 ;
1[
b10011 w

#11326000
b110101000100 y

#11330000
0!
0[

#11335000
1!
b10100 ;
1[
b10100 w

#11336000
b110101000111 y

#11340000
0!
0[

#11345000
1!
b10101 ;
1[
b10101 w

#11346000
b110101001010 y

#11350000
0!
0[

#11355000
1!
b10110 ;
1[
b10110 w

#11356000
b110101001101 y

#11360000
0!
0[

#11365000
1!
b10111 ;
1[
b10111 w

#11366000
b110101010000 y

#11370000
0!
0[

#11375000
1!
b11000 ;
1[
b11000 w

#11376000
b110101010011 y

#11380000
0!
0[

#11385000
1!
b11001 ;
1[
b11001 w

#11386000
b110101010110 y

#11390000
0!
0[

#11395000
1!
b11010 ;
1[
b11010 w

#11396000
b110101011001 y

#11400000
0!
0[

#11405000
1!
b11011 ;
1[
b11011 w

#11406000
b110101011100 y

#11410000
0!
0[

#11415000
1!
b11100 ;
1[
b11100 w

#11416000
b110101011111 y

#11420000
0!
0[

#11425000
1!
b11101 ;
1[
b11101 w

#11426000
b110101100010 y

#11430000
0!
0[

#11435000
1!
b11110 ;
1[
b11110 w

#11436000
b110101100101 y

#11440000
0!
0[

#11445000
1!
b11111 ;
1[
b11111 w

#11446000
b110101101000 y

#11450000
0!
0[

#11455000
1!
b100000 ;
1[
b100000 w

#11456000
b110101101011 y

#11460000
0!
0[

#11465000
1!
b100001 ;
1[
b100001 w

#11466000
b110101101110 y

#11470000
0!
0[

#11475000
1!
b100010 ;
1[
b100010 w

#11476000
b110101110001 y

#11480000
0!
0[

#11485000
1!
b100011 ;
1[
b100011 w

#11486000
b110101110100 y

#11490000
0!
0[

#11495000
1!
b100100 ;
1[
b100100 w

#11496000
b110101110111 y

#11500000
0!
0[

#11505000
1!
b100101 ;
1[
b100101 w

#11506000
b110101111010 y

#11510000
0!
0[

#11515000
1!
b100110 ;
1[
b100110 w

#11516000
b110101111101 y

#11520000
0!
0[

#11525000
1!
b100111 ;
1[
b100111 w

#11526000
b110110000000 y

#11530000
0!
0[

#11535000
1!
b101000 ;
1[
b101000 w

#11536000
b110110000011 y

#11540000
0!
0[

#11545000
1!
b101001 ;
1[
b101001 w

#11546000
b110110000110 y

#11550000
0!
0[

#11555000
1!
b101010 ;
1[
b101010 w

#11556000
b110110001001 y

#11560000
0!
0[

#11565000
1!
b101011 ;
1[
b101011 w

#11566000
b110110001100 y

#11570000
0!
0[

#11575000
1!
b101100 ;
1[
b101100 w

#11576000
b110110001111 y

#11580000
0!
0[

#11585000
1!
b101101 ;
1[
b101101 w

#11586000
b110110010010 y

#11590000
0!
0[

#11595000
1!
b101110 ;
1[
b101110 w

#11596000
b110110010101 y

#11600000
0!
0[

#11605000
1!
b101111 ;
1[
b101111 w

#11606000
b110110011000 y

#11610000
0!
0[

#11615000
1!
b110000 ;
1[
b110000 w

#11616000
b110110011011 y

#11620000
0!
0[

#11625000
1!
b110001 ;
1[
b110001 w

#11626000
b110110011110 y

#11630000
0!
0[

#11635000
1!
b110010 ;
1[
b110010 w

#11636000
b110110100001 y

#11640000
0!
0[

#11645000
1!
b110011 ;
1[
b110011 w

#11646000
b110110100100 y

#11650000
0!
0[

#11655000
1!
b110100 ;
1[
b110100 w

#11656000
b110110100111 y

#11660000
0!
0[

#11665000
1!
b110101 ;
1[
b110101 w

#11666000
b110110101010 y

#11670000
0!
0[

#11675000
1!
b110110 ;
1[
b110110 w

#11676000
b110110101101 y

#11680000
0!
0[

#11685000
1!
b110111 ;
1[
b110111 w

#11686000
b110110110000 y

#11690000
0!
0[

#11695000
1!
b111000 ;
1[
b111000 w

#11696000
b110110110011 y

#11700000
0!
0[

#11705000
1!
b111001 ;
1[
b111001 w

#11706000
b110110110110 y

#11710000
0!
0[

#11715000
1!
b111010 ;
1[
b111010 w

#11716000
b110110111001 y

#11720000
0!
0[

#11725000
1!
b111011 ;
1[
b111011 w

#11726000
b110110111100 y

#11730000
0!
0[

#11735000
1!
b111100 ;
1[
b111100 w

#11736000
b110110111111 y

#11740000
0!
0[

#11745000
1!
b111101 ;
1[
b111101 w

#11746000
b110111000010 y

#11750000
0!
0[

#11755000
1!
b111110 ;
1[
b111110 w

#11756000
b110111000101 y

#11760000
0!
0[

#11765000
1!
b111111 ;
1[
b111111 w

#11766000
b110111001000 y

#11770000
0!
0[

#11775000
1!
b1000000 ;
1[
b1000000 w

#11776000
b110111001011 y

#11780000
0!
0[

#11785000
1!
b1000001 ;
1[
b1000001 w

#11786000
b110111001110 y

#11790000
0!
0[

#11795000
1!
b1000010 ;
1[
b1000010 w

#11796000
b110111010001 y

#11800000
0!
0[

#11805000
1!
b1000011 ;
1[
b1000011 w

#11806000
b110111010100 y

#11810000
0!
0[

#11815000
1!
b1000100 ;
1[
b1000100 w

#11816000
b110111010111 y

#11820000
0!
0[

#11825000
1!
b1000101 ;
1[
b1000101 w

#11826000
b110111011010 y

#11830000
0!
0[

#11835000
1!
b1000110 ;
1[
b1000110 w

#11836000
b110111011101 y

#11840000
0!
0[

#11845000
1!
b1000111 ;
1[
b1000111 w

#11846000
b110111100000 y

#11850000
0!
0[

#11855000
1!
b1001000 ;
1[
b1001000 w

#11856000
b110111100011 y

#11860000
0!
0[

#11865000
1!
b1001001 ;
1[
b1001001 w

#11866000
b110111100110 y

#11870000
0!
0[

#11875000
1!
b1001010 ;
1[
b1001010 w

#11876000
b110111101001 y

#11880000
0!
0[

#11885000
1!
b1001011 ;
1[
b1001011 w

#11886000
b110111101100 y

#11890000
0!
0[

#11895000
1!
b1001100 ;
1[
b1001100 w

#11896000
b110111101111 y

#11900000
0!
0[

#11905000
1!
b1001101 ;
1[
b1001101 w

#11906000
b110111110010 y

#11910000
0!
0[

#11915000
1!
b1001110 ;
1[
b1001110 w

#11916000
b110111110101 y

#11920000
0!
0[

#11925000
1!
b1001111 ;
1[
b1001111 w

#11926000
b110111111000 y

#11930000
0!
0[

#11935000
1!
b1010000 ;
1[
b1010000 w

#11936000
b110111111011 y

#11940000
0!
0[

#11945000
1!
b1010001 ;
1[
b1010001 w

#11946000
b110111111110 y

#11950000
0!
0[

#11955000
1!
b1010010 ;
1[
b1010010 w

#11956000
b111000000001 y

#11960000
0!
0[

#11965000
1!
b1010011 ;
1[
b1010011 w

#11966000
b111000000100 y

#11970000
0!
0[

#11975000
1!
b1010100 ;
1[
b1010100 w

#11976000
b111000000111 y

#11980000
0!
0[

#11985000
1!
b1010101 ;
1[
b1010101 w

#11986000
b111000001010 y

#11990000
0!
0[

#11995000
1!
b1010110 ;
1[
b1010110 w

#11996000
b111000001101 y

#12000000
0!
0[

#12005000
1!
b1010111 ;
1[
b1010111 w

#12006000
b111000010000 y

#12010000
0!
0[

#12015000
1!
b1011000 ;
1[
b1011000 w

#12016000
b111000010011 y

#12020000
0!
0[

#12025000
1!
b1011001 ;
1[
b1011001 w

#12026000
b111000010110 y

#12030000
0!
0[

#12035000
1!
b1011010 ;
1[
b1011010 w

#12036000
b111000011001 y

#12040000
0!
0[

#12045000
1!
b1011011 ;
1[
b1011011 w

#12046000
b111000011100 y

#12050000
0!
0[

#12055000
1!
b1011100 ;
1[
b1011100 w

#12056000
b111000011111 y

#12060000
0!
0[

#12065000
1!
b1011101 ;
1[
b1011101 w

#12066000
b111000100010 y

#12070000
0!
0[

#12075000
1!
b1011110 ;
1[
b1011110 w

#12076000
b111000100101 y

#12080000
0!
0[

#12085000
1!
b1011111 ;
1[
b1011111 w

#12086000
b111000101000 y

#12090000
0!
0[

#12095000
1!
b1100000 ;
1[
b1100000 w

#12096000
b111000101011 y

#12100000
0!
0[

#12105000
1!
b1100001 ;
1[
b1100001 w

#12106000
b111000101110 y

#12110000
0!
0[

#12115000
1!
b1100010 ;
1[
b1100010 w

#12116000
b111000110001 y

#12120000
0!
0[

#12125000
1!
b1100011 ;
1[
b1100011 w

#12126000
b111000110100 y

#12130000
0!
0[

#12135000
1!
b1100100 ;
1[
b1100100 w

#12136000
b111000110111 y

#12140000
0!
0[

#12145000
1!
b1100101 ;
1[
b1100101 w

#12146000
b111000111010 y

#12150000
0!
0[

#12155000
1!
b1100110 ;
1[
b1100110 w

#12156000
b111000111101 y

#12160000
0!
0[

#12165000
1!
b1100111 ;
1[
b1100111 w

#12166000
b111001000000 y

#12170000
0!
0[

#12175000
1!
b1101000 ;
1[
b1101000 w

#12176000
b111001000011 y

#12180000
0!
0[

#12185000
1!
b1101001 ;
1[
b1101001 w

#12186000
b111001000110 y

#12190000
0!
0[

#12195000
1!
b1101010 ;
1[
b1101010 w

#12196000
b111001001001 y

#12200000
0!
0[

#12205000
1!
b1101011 ;
1[
b1101011 w

#12206000
b111001001100 y

#12210000
0!
0[

#12215000
1!
b1101100 ;
1[
b1101100 w

#12216000
b111001001111 y

#12220000
0!
0[

#12225000
1!
b1101101 ;
1[
b1101101 w

#12226000
b111001010010 y

#12230000
0!
0[

#12235000
1!
b1101110 ;
1[
b1101110 w

#12236000
b111001010101 y

#12240000
0!
0[

#12245000
1!
b1101111 ;
1[
b1101111 w

#12246000
b111001011000 y

#12250000
0!
0[

#12255000
1!
b1110000 ;
1[
b1110000 w

#12256000
b111001011011 y

#12260000
0!
0[

#12265000
1!
b1110001 ;
1[
b1110001 w

#12266000
b111001011110 y

#12270000
0!
0[

#12275000
1!
b1110010 ;
1[
b1110010 w

#12276000
b111001100001 y

#12280000
0!
0[

#12285000
1!
b1110011 ;
1[
b1110011 w

#12286000
b111001100100 y

#12290000
0!
0[

#12295000
1!
b1110100 ;
1[
b1110100 w

#12296000
b111001100111 y

#12300000
0!
0[

#12305000
1!
b1110101 ;
1[
b1110101 w

#12306000
b111001101010 y

#12310000
0!
0[

#12315000
1!
b1110110 ;
1[
b1110110 w

#12316000
b111001101101 y

#12320000
0!
0[

#12325000
1!
b1110111 ;
1[
b1110111 w

#12326000
b111001110000 y

#12330000
0!
0[

#12335000
1!
b1111000 ;
1[
b1111000 w

#12336000
b111001110011 y

#12340000
0!
0[

#12345000
1!
b1111001 ;
1[
b1111001 w

#12346000
b111001110110 y

#12350000
0!
0[

#12355000
1!
b1111010 ;
1[
b1111010 w

#12356000
b111001111001 y

#12360000
0!
0[

#12365000
1!
b1111011 ;
1[
b1111011 w

#12366000
b111001111100 y

#12370000
0!
0[

#12375000
1!
b1111100 ;
1[
b1111100 w

#12376000
b111001111111 y

#12380000
0!
0[

#12385000
1!
b1111101 ;
1[
b1111101 w

#12386000
b111010000010 y

#12390000
0!
0[

#12395000
1!
b1111110 ;
1[
b1111110 w

#12396000
b111010000101 y

#12400000
0!
0[

#12405000
1!
b1111111 ;
1[
b1111111 w

#12406000
b111010001000 y

#12410000
0!
0[

#12415000
1!
b10000000 ;
1[
b10000000 w

#12416000
b111010001011 y

#12420000
0!
0[

#12425000
1!
b10000001 ;
1[
b10000001 w

#12426000
b111010001110 y

#12430000
0!
0[

#12435000
1!
b10000010 ;
1[
b10000010 w

#12436000
b111010010001 y

#12440000
0!
0[

#12445000
1!
b10000011 ;
1[
b10000011 w

#12446000
b111010010100 y

#12450000
0!
0[

#12455000
1!
b10000100 ;
1[
b10000100 w

#12456000
b111010010111 y

#12460000
0!
0[

#12465000
1!
b10000101 ;
1[
b10000101 w

#12466000
b111010011010 y

#12470000
0!
0[

#12475000
1!
b10000110 ;
1[
b10000110 w

#12476000
b111010011101 y

#12480000
0!
0[

#12485000
1!
b10000111 ;
1[
b10000111 w

#12486000
b111010100000 y

#12490000
0!
0[

#12495000
1!
b10001000 ;
1[
b10001000 w

#12496000
b111010100011 y

#12500000
0!
0[

#12505000
1!
b10001001 ;
1[
b10001001 w

#12506000
b111010100110 y

#12510000
0!
0[

#12515000
1!
b10001010 ;
1[
b10001010 w

#12516000
b111010101001 y

#12520000
0!
0[

#12525000
1!
b10001011 ;
1[
b10001011 w

#12526000
b111010101100 y

#12530000
0!
0[

#12535000
1!
b10001100 ;
1[
b10001100 w

#12536000
b111010101111 y

#12540000
0!
0[

#12545000
1!
b10001101 ;
1[
b10001101 w

#12546000
b111010110010 y

#12550000
0!
0[

#12555000
1!
b10001110 ;
1[
b10001110 w

#12556000
b111010110101 y

#12560000
0!
0[

#12565000
1!
b10001111 ;
1[
b10001111 w

#12566000
b111010111000 y

#12570000
0!
0[

#12575000
1!
b10010000 ;
1[
b10010000 w

#12576000
b111010111011 y

#12580000
0!
0[

#12585000
1!
b10010001 ;
1[
b10010001 w

#12586000
b111010111110 y

#12590000
0!
0[

#12595000
1!
b10010010 ;
1[
b10010010 w

#12596000
b111011000001 y

#12600000
0!
0[

#12605000
1!
b10010011 ;
1[
b10010011 w

#12606000
b111011000100 y

#12610000
0!
0[

#12615000
1!
b10010100 ;
1[
b10010100 w

#12616000
b111011000111 y

#12620000
0!
0[

#12625000
1!
b10010101 ;
1[
b10010101 w

#12626000
b111011001010 y

#12630000
0!
0[

#12635000
1!
b10010110 ;
1[
b10010110 w

#12636000
b111011001101 y

#12640000
0!
0[

#12645000
1!
b10010111 ;
1[
b10010111 w

#12646000
b111011010000 y

#12650000
0!
0[

#12655000
1!
b10011000 ;
1[
b10011000 w

#12656000
b111011010011 y

#12660000
0!
0[

#12665000
1!
b10011001 ;
1[
b10011001 w

#12666000
b111011010110 y

#12670000
0!
0[

#12675000
1!
b10011010 ;
1[
b10011010 w

#12676000
b111011011001 y

#12680000
0!
0[

#12685000
1!
b10011011 ;
1[
b10011011 w

#12686000
b111011011100 y

#12690000
0!
0[

#12695000
1!
b10011100 ;
1[
b10011100 w

#12696000
b111011011111 y

#12700000
0!
0[

#12705000
1!
b10011101 ;
1[
b10011101 w

#12706000
b111011100010 y

#12710000
0!
0[

#12715000
1!
b10011110 ;
1[
b10011110 w

#12716000
b111011100101 y

#12720000
0!
0[

#12725000
1!
b10011111 ;
1[
b10011111 w

#12726000
b111011101000 y

#12730000
0!
0[

#12735000
1!
b10100000 ;
1[
b10100000 w

#12736000
b111011101011 y

#12740000
0!
0[

#12745000
1!
b10100001 ;
1[
b10100001 w

#12746000
b111011101110 y

#12750000
0!
0[

#12755000
1!
b10100010 ;
1[
b10100010 w

#12756000
b111011110001 y

#12760000
0!
0[

#12765000
1!
b10100011 ;
1[
b10100011 w

#12766000
b111011110100 y

#12770000
0!
0[

#12775000
1!
b10100100 ;
1[
b10100100 w

#12776000
b111011110111 y

#12780000
0!
0[

#12785000
1!
b10100101 ;
1[
b10100101 w

#12786000
b111011111010 y

#12790000
0!
0[

#12795000
1!
b10100110 ;
1[
b10100110 w

#12796000
b111011111101 y

#12800000
0!
0[

#12805000
1!
b10100111 ;
1[
b10100111 w

#12806000
b111100000000 y

#12810000
0!
0[

#12815000
1!
b10101000 ;
1[
b10101000 w

#12816000
b111100000011 y

#12820000
0!
0[

#12825000
1!
b10101001 ;
1[
b10101001 w

#12826000
b111100000110 y

#12830000
0!
0[

#12835000
1!
b10101010 ;
1[
b10101010 w

#12836000
b111100001001 y

#12840000
0!
0[

#12845000
1!
b10101011 ;
1[
b10101011 w

#12846000
b111100001100 y

#12850000
0!
0[

#12855000
1!
b10101100 ;
1[
b10101100 w

#12856000
b111100001111 y

#12860000
0!
0[

#12865000
1!
b10101101 ;
1[
b10101101 w

#12866000
b111100010010 y

#12870000
0!
0[

#12875000
1!
b10101110 ;
1[
b10101110 w

#12876000
b111100010101 y

#12880000
0!
0[

#12885000
1!
b10101111 ;
1[
b10101111 w

#12886000
b111100011000 y

#12890000
0!
0[

#12895000
1!
b10110000 ;
1[
b10110000 w

#12896000
b111100011011 y

#12900000
0!
0[

#12905000
1!
b10110001 ;
1[
b10110001 w

#12906000
b111100011110 y

#12910000
0!
0[

#12915000
1!
b10110010 ;
1[
b10110010 w

#12916000
b111100100001 y

#12920000
0!
0[

#12925000
1!
b10110011 ;
1[
b10110011 w

#12926000
b111100100100 y

#12930000
0!
0[

#12935000
1!
b10110100 ;
1[
b10110100 w

#12936000
b111100100111 y

#12940000
0!
0[

#12945000
1!
b10110101 ;
1[
b10110101 w

#12946000
b111100101010 y

#12950000
0!
0[

#12955000
1!
b10110110 ;
1[
b10110110 w

#12956000
b111100101101 y

#12960000
0!
0[

#12965000
1!
b10110111 ;
1[
b10110111 w

#12966000
b111100110000 y

#12970000
0!
0[

#12975000
1!
b10111000 ;
1[
b10111000 w

#12976000
b111100110011 y

#12980000
0!
0[

#12985000
1!
b10111001 ;
1[
b10111001 w

#12986000
b111100110110 y

#12990000
0!
0[

#12995000
1!
b10111010 ;
1[
b10111010 w

#12996000
b111100111001 y

#13000000
0!
0[

#13005000
1!
b10111011 ;
1[
b10111011 w

#13006000
b111100111100 y

#13010000
0!
0[

#13015000
1!
b10111100 ;
1[
b10111100 w

#13016000
b111100111111 y

#13020000
0!
0[

#13025000
1!
b10111101 ;
1[
b10111101 w

#13026000
b111101000010 y

#13030000
0!
0[

#13035000
1!
b10111110 ;
1[
b10111110 w

#13036000
b111101000101 y

#13040000
0!
0[

#13045000
1!
b10111111 ;
1[
b10111111 w

#13046000
b111101001000 y

#13050000
0!
0[

#13055000
1!
b11000000 ;
1[
b11000000 w

#13056000
b111101001011 y

#13060000
0!
0[

#13065000
1!
b11000001 ;
1[
b11000001 w

#13066000
b111101001110 y

#13070000
0!
0[

#13075000
1!
b11000010 ;
1[
b11000010 w

#13076000
b111101010001 y

#13080000
0!
0[

#13085000
1!
b11000011 ;
1[
b11000011 w

#13086000
b111101010100 y

#13090000
0!
0[

#13095000
1!
b11000100 ;
1[
b11000100 w

#13096000
b111101010111 y

#13100000
0!
0[

#13105000
1!
b11000101 ;
1[
b11000101 w

#13106000
b111101011010 y

#13110000
0!
0[

#13115000
1!
b11000110 ;
1[
b11000110 w

#13116000
b111101011101 y

#13120000
0!
0[

#13125000
1!
b11000111 ;
1[
b11000111 w

#13126000
b111101100000 y

#13130000
0!
0[

#13135000
1!
b11001000 ;
1[
b11001000 w

#13136000
b111101100011 y

#13140000
0!
0[

#13145000
1!
b11001001 ;
1[
b11001001 w

#13146000
b111101100110 y

#13150000
0!
0[

#13155000
1!
b11001010 ;
1[
b11001010 w

#13156000
b111101101001 y

#13160000
0!
0[

#13165000
1!
b11001011 ;
1[
b11001011 w

#13166000
b111101101100 y

#13170000
0!
0[

#13175000
1!
b11001100 ;
1[
b11001100 w

#13176000
b111101101111 y

#13180000
0!
0[

#13185000
1!
b11001101 ;
1[
b11001101 w

#13186000
b111101110010 y

#13190000
0!
0[

#13195000
1!
b11001110 ;
1[
b11001110 w

#13196000
b111101110101 y

#13200000
0!
0[

#13205000
1!
b11001111 ;
1[
b11001111 w

#13206000
b111101111000 y

#13210000
0!
0[

#13215000
1!
b11010000 ;
1[
b11010000 w

#13216000
b111101111011 y

#13220000
0!
0[

#13225000
1!
b11010001 ;
1[
b11010001 w

#13226000
b111101111110 y

#13230000
0!
0[

#13235000
1!
b11010010 ;
1[
b11010010 w

#13236000
b111110000001 y

#13240000
0!
0[

#13245000
1!
b11010011 ;
1[
b11010011 w

#13246000
b111110000100 y

#13250000
0!
0[

#13255000
1!
b11010100 ;
1[
b11010100 w

#13256000
b111110000111 y

#13260000
0!
0[

#13265000
1!
b11010101 ;
1[
b11010101 w

#13266000
b111110001010 y

#13270000
0!
0[

#13275000
1!
b11010110 ;
1[
b11010110 w

#13276000
b111110001101 y

#13280000
0!
0[

#13285000
1!
b11010111 ;
1[
b11010111 w

#13286000
b111110010000 y

#13290000
0!
0[

#13295000
1!
b11011000 ;
1[
b11011000 w

#13296000
b111110010011 y

#13300000
0!
0[

#13305000
1!
b11011001 ;
1[
b11011001 w

#13306000
b111110010110 y

#13310000
0!
0[

#13315000
1!
b11011010 ;
1[
b11011010 w

#13316000
b111110011001 y

#13320000
0!
0[

#13325000
1!
b11011011 ;
1[
b11011011 w

#13326000
b111110011100 y

#13330000
0!
0[

#13335000
1!
b11011100 ;
1[
b11011100 w

#13336000
b111110011111 y

#13340000
0!
0[

#13345000
1!
b11011101 ;
1[
b11011101 w

#13346000
b111110100010 y

#13350000
0!
0[

#13355000
1!
b11011110 ;
1[
b11011110 w

#13356000
b111110100101 y

#13360000
0!
0[

#13365000
1!
b11011111 ;
1[
b11011111 w

#13366000
b111110101000 y

#13370000
0!
0[

#13375000
1!
b11100000 ;
1[
b11100000 w

#13376000
b111110101011 y

#13380000
0!
0[

#13385000
1!
b11100001 ;
1[
b11100001 w

#13386000
b111110101110 y

#13390000
0!
0[

#13395000
1!
b11100010 ;
1[
b11100010 w

#13396000
b111110110001 y

#13400000
0!
0[

#13405000
1!
b11100011 ;
1[
b11100011 w

#13406000
b111110110100 y

#13410000
0!
0[

#13415000
1!
b11100100 ;
1[
b11100100 w

#13416000
b111110110111 y

#13420000
0!
0[

#13425000
1!
b11100101 ;
1[
b11100101 w

#13426000
b111110111010 y

#13430000
0!
0[

#13435000
1!
b11100110 ;
1[
b11100110 w

#13436000
b111110111101 y

#13440000
0!
0[

#13445000
1!
b11100111 ;
1[
b11100111 w

#13446000
b111111000000 y

#13450000
0!
0[

#13455000
1!
b11101000 ;
1[
b11101000 w

#13456000
b111111000011 y

#13460000
0!
0[

#13465000
1!
b11101001 ;
1[
b11101001 w

#13466000
b111111000110 y

#13470000
0!
0[

#13475000
1!
b11101010 ;
1[
b11101010 w

#13476000
b111111001001 y

#13480000
0!
0[

#13485000
1!
b11101011 ;
1[
b11101011 w

#13486000
b111111001100 y

#13490000
0!
0[

#13495000
1!
b11101100 ;
1[
b11101100 w

#13496000
b111111001111 y

#13500000
0!
0[

#13505000
1!
b11101101 ;
1[
b11101101 w

#13506000
b111111010010 y

#13510000
0!
0[

#13515000
1!
b11101110 ;
1[
b11101110 w

#13516000
b111111010101 y

#13520000
0!
0[

#13525000
1!
b11101111 ;
1[
b11101111 w

#13526000
b111111011000 y

#13530000
0!
0[

#13535000
1!
b11110000 ;
1[
b11110000 w

#13536000
b111111011011 y

#13540000
0!
0[

#13545000
1!
b11110001 ;
1[
b11110001 w

#13546000
b111111011110 y

#13550000
0!
0[

#13555000
1!
b11110010 ;
1[
b11110010 w

#13556000
b111111100001 y

#13560000
0!
0[

#13565000
1!
b11110011 ;
1[
b11110011 w

#13566000
b111111100100 y

#13570000
0!
0[

#13575000
1!
b11110100 ;
1[
b11110100 w

#13576000
b111111100111 y

#13580000
0!
0[

#13585000
1!
b11110101 ;
1[
b11110101 w

#13586000
b111111101010 y

#13590000
0!
0[

#13595000
1!
b11110110 ;
1[
b11110110 w

#13596000
b111111101101 y

#13600000
0!
0[

#13605000
1!
b11110111 ;
1[
b11110111 w

#13606000
b111111110000 y

#13610000
0!
0[

#13615000
1!
b11111000 ;
1[
b11111000 w

#13616000
b111111110011 y

#13620000
0!
0[

#13625000
1!
b11111001 ;
1[
b11111001 w

#13626000
b111111110110 y

#13630000
0!
0[

#13635000
1!
b11111010 ;
1[
b11111010 w

#13636000
b111111111001 y

#13640000
0!
0[

#13645000
1!
b11111011 ;
1[
b11111011 w

#13646000
b111111111100 y

#13650000
0!
0[

#13655000
1!
b11111100 ;
1[
b11111100 w

#13656000
b111111111111 y

#13660000
0!
0[

#13665000
1!
b11111101 ;
1[
b11111101 w

#13666000
b1000000000010 y

#13670000
0!
0[

#13675000
1!
b11111110 ;
1[
b11111110 w

#13676000
b1000000000101 y

#13680000
0!
0[

#13685000
1!
b11111111 ;
1[
b11111111 w

#13686000
b1000000001000 y

#13690000
0!
0[

#13695000
1!
b100000000 ;
1[
b100000000 w

#13696000
b1000000001011 y

#13700000
0!
0[

#13705000
1!
b100000001 ;
1[
b100000001 w

#13706000
b1000000001110 y

#13710000
0!
0[

#13715000
1!
b100000010 ;
1[
b100000010 w

#13716000
b1000000010001 y

#13720000
0!
0[

#13725000
1!
b100000011 ;
1[
b100000011 w

#13726000
b1000000010100 y

#13730000
0!
0[

#13735000
1!
b100000100 ;
1[
b100000100 w

#13736000
b1000000010111 y

#13740000
0!
0[

#13745000
1!
b100000101 ;
1[
b100000101 w

#13746000
b1000000011010 y

#13750000
0!
0[

#13755000
1!
b100000110 ;
1[
b100000110 w

#13756000
b1000000011101 y

#13760000
0!
0[

#13765000
1!
b100000111 ;
1[
b100000111 w

#13766000
b1000000100000 y

#13770000
0!
0[

#13775000
1!
b100001000 ;
1[
b100001000 w

#13776000
b1000000100011 y

#13780000
0!
0[

#13785000
1!
b100001001 ;
1[
b100001001 w

#13786000
b1000000100110 y

#13790000
0!
0[

#13795000
1!
b100001010 ;
1[
b100001010 w

#13796000
b1000000101001 y

#13800000
0!
0[

#13805000
1!
b100001011 ;
1[
b100001011 w

#13806000
b1000000101100 y

#13810000
0!
0[

#13815000
1!
b100001100 ;
1[
b100001100 w

#13816000
b1000000101111 y

#13820000
0!
0[

#13825000
1!
b100001101 ;
1[
b100001101 w

#13826000
b1000000110010 y

#13830000
0!
0[

#13835000
1!
b100001110 ;
1[
b100001110 w

#13836000
b1000000110101 y

#13840000
0!
0[

#13845000
1!
b100001111 ;
1[
b100001111 w

#13846000
b1000000111000 y

#13850000
0!
0[

#13855000
1!
b100010000 ;
1[
b100010000 w

#13856000
b1000000111011 y

#13860000
0!
0[

#13865000
1!
b100010001 ;
1[
b100010001 w

#13866000
b1000000111110 y

#13870000
0!
0[

#13875000
1!
b100010010 ;
1[
b100010010 w

#13876000
b1000001000001 y

#13880000
0!
0[

#13885000
1!
b100010011 ;
1[
b100010011 w

#13886000
b1000001000100 y

#13890000
0!
0[

#13895000
1!
b100010100 ;
1[
b100010100 w

#13896000
b1000001000111 y

#13900000
0!
0[

#13905000
1!
b100010101 ;
1[
b100010101 w

#13906000
b1000001001010 y

#13910000
0!
0[

#13915000
1!
b100010110 ;
1[
b100010110 w

#13916000
b1000001001101 y

#13920000
0!
0[

#13925000
1!
b100010111 ;
1[
b100010111 w

#13926000
b1000001010000 y

#13930000
0!
0[

#13935000
1!
b100011000 ;
1[
b100011000 w

#13936000
b1000001010011 y

#13940000
0!
0[

#13945000
1!
b100011001 ;
1[
b100011001 w

#13946000
b1000001010110 y

#13950000
0!
0[

#13955000
1!
b100011010 ;
1[
b100011010 w

#13956000
b1000001011001 y

#13960000
0!
0[

#13965000
1!
b100011011 ;
1[
b100011011 w

#13966000
b1000001011100 y

#13970000
0!
0[

#13975000
1!
b100011100 ;
1[
b100011100 w

#13976000
b1000001011111 y

#13980000
0!
0[

#13985000
1!
b100011101 ;
1[
b100011101 w

#13986000
b1000001100010 y

#13990000
0!
0[

#13995000
1!
b100011110 ;
1[
b100011110 w

#13996000
b1000001100101 y

#14000000
0!
0[

#14005000
1!
b100011111 ;
1[
b100011111 w

#14006000
b1000001101000 y

#14010000
0!
0[

#14015000
1!
b100100000 ;
1[
b100100000 w

#14016000
b1000001101011 y

#14020000
0!
0[

#14025000
1!
b100100001 ;
1[
b100100001 w

#14026000
b1000001101110 y

#14030000
0!
0[

#14035000
1!
b100100010 ;
1[
b100100010 w

#14036000
b1000001110001 y

#14040000
0!
0[

#14045000
1!
b100100011 ;
1[
b100100011 w

#14046000
b1000001110100 y

#14050000
0!
0[

#14055000
1!
b100100100 ;
1[
b100100100 w

#14056000
b1000001110111 y

#14060000
0!
0[

#14065000
1!
b100100101 ;
1[
b100100101 w

#14066000
b1000001111010 y

#14070000
0!
0[

#14075000
1!
b100100110 ;
1[
b100100110 w

#14076000
b1000001111101 y

#14080000
0!
0[

#14085000
1!
b100100111 ;
1[
b100100111 w

#14086000
b1000010000000 y

#14090000
0!
0[

#14095000
1!
b100101000 ;
1[
b100101000 w

#14096000
b1000010000011 y

#14100000
0!
0[

#14105000
1!
b100101001 ;
1[
b100101001 w

#14106000
b1000010000110 y

#14110000
0!
0[

#14115000
1!
b100101010 ;
1[
b100101010 w

#14116000
b1000010001001 y

#14120000
0!
0[

#14125000
1!
b100101011 ;
1[
b100101011 w

#14126000
b1000010001100 y

#14130000
0!
0[

#14135000
1!
b100101100 ;
1[
b100101100 w

#14136000
b1000010001111 y

#14140000
0!
0[

#14145000
1!
b100101101 ;
1[
b100101101 w

#14146000
b1000010010010 y

#14150000
0!
0[

#14155000
1!
b100101110 ;
1[
b100101110 w

#14156000
b1000010010101 y

#14160000
0!
0[

#14165000
1!
b100101111 ;
1[
b100101111 w

#14166000
b1000010011000 y

#14170000
0!
0[

#14175000
1!
b100110000 ;
1[
b100110000 w

#14176000
b1000010011011 y

#14180000
0!
0[

#14185000
1!
b100110001 ;
1[
b100110001 w

#14186000
b1000010011110 y

#14190000
0!
0[

#14195000
1!
b100110010 ;
1[
b100110010 w

#14196000
b1000010100001 y

#14200000
0!
0[

#14205000
1!
b100110011 ;
1[
b100110011 w

#14206000
b1000010100100 y

#14210000
0!
0[

#14215000
1!
b100110100 ;
1[
b100110100 w

#14216000
b1000010100111 y

#14220000
0!
0[

#14225000
1!
b100110101 ;
1[
b100110101 w

#14226000
b1000010101010 y

#14230000
0!
0[

#14235000
1!
b100110110 ;
1[
b100110110 w

#14236000
b1000010101101 y

#14240000
0!
0[

#14245000
1!
b100110111 ;
1[
b100110111 w

#14246000
b1000010110000 y

#14250000
0!
0[

#14255000
1!
b100111000 ;
1[
b100111000 w

#14256000
b1000010110011 y

#14260000
0!
0[

#14265000
1!
b100111001 ;
1[
b100111001 w

#14266000
b1000010110110 y

#14270000
0!
0[

#14275000
1!
b100111010 ;
1[
b100111010 w

#14276000
b1000010111001 y

#14280000
0!
0[

#14285000
1!
b100111011 ;
1[
b100111011 w

#14286000
b1000010111100 y

#14290000
0!
0[

#14295000
1!
b100111100 ;
1[
b100111100 w

#14296000
b1000010111111 y

#14300000
0!
0[

#14305000
1!
b100111101 ;
1[
b100111101 w

#14306000
b1000011000010 y

#14310000
0!
0[

#14315000
1!
b100111110 ;
1[
b100111110 w

#14316000
b1000011000101 y

#14320000
0!
0[

#14325000
1!
b100111111 ;
1[
b100111111 w

#14326000
b1000011001000 y

#14330000
0!
0[

#14335000
1!
b101000000 ;
1[
b101000000 w

#14336000
b1000011001011 y

#14340000
0!
0[

#14345000
1!
b101000001 ;
1[
b101000001 w

#14346000
b1000011001110 y

#14350000
0!
0[

#14355000
1!
b101000010 ;
1[
b101000010 w

#14356000
b1000011010001 y

#14360000
0!
0[

#14365000
1!
b101000011 ;
1[
b101000011 w

#14366000
b1000011010100 y

#14370000
0!
0[

#14375000
1!
b101000100 ;
1[
b101000100 w

#14376000
b1000011010111 y

#14380000
0!
0[

#14385000
1!
b101000101 ;
1[
b101000101 w

#14386000
b1000011011010 y

#14390000
0!
0[

#14395000
1!
b101000110 ;
1[
b101000110 w

#14396000
b1000011011101 y

#14400000
0!
0[

#14405000
1!
b101000111 ;
1[
b101000111 w

#14406000
b1000011100000 y

#14410000
0!
0[

#14415000
1!
b101001000 ;
1[
b101001000 w

#14416000
b1000011100011 y

#14420000
0!
0[

#14425000
1!
b101001001 ;
1[
b101001001 w

#14426000
b1000011100110 y

#14430000
0!
0[

#14435000
1!
b101001010 ;
1[
b101001010 w

#14436000
b1000011101001 y

#14440000
0!
0[

#14445000
1!
b101001011 ;
1[
b101001011 w

#14446000
b1000011101100 y

#14450000
0!
0[

#14455000
1!
b101001100 ;
1[
b101001100 w

#14456000
b1000011101111 y

#14460000
0!
0[

#14465000
1!
b101001101 ;
1[
b101001101 w

#14466000
b1000011110010 y

#14470000
0!
0[

#14475000
1!
b101001110 ;
1[
b101001110 w

#14476000
b1000011110101 y

#14480000
0!
0[

#14485000
1!
b101001111 ;
1[
b101001111 w

#14486000
b1000011111000 y

#14490000
0!
0[

#14495000
1!
b101010000 ;
1[
b101010000 w

#14496000
b1000011111011 y

#14500000
0!
0[

#14505000
1!
b101010001 ;
1[
b101010001 w

#14506000
b1000011111110 y

#14510000
0!
0[

#14515000
1!
b101010010 ;
1[
b101010010 w

#14516000
b1000100000001 y

#14520000
0!
0[

#14525000
1!
b101010011 ;
1[
b101010011 w

#14526000
b1000100000100 y

#14530000
0!
0[

#14535000
1!
b101010100 ;
1[
b101010100 w

#14536000
b1000100000111 y

#14540000
0!
0[

#14545000
1!
b101010101 ;
1[
b101010101 w

#14546000
b1000100001010 y

#14550000
0!
0[

#14555000
1!
b101010110 ;
1[
b101010110 w

#14556000
b1000100001101 y

#14560000
0!
0[

#14565000
1!
b101010111 ;
1[
b101010111 w

#14566000
b1000100010000 y

#14570000
0!
0[

#14575000
1!
b101011000 ;
1[
b101011000 w

#14576000
b1000100010011 y

#14580000
0!
0[

#14585000
1!
b101011001 ;
1[
b101011001 w

#14586000
b1000100010110 y

#14590000
0!
0[

#14595000
1!
b101011010 ;
1[
b101011010 w

#14596000
b1000100011001 y

#14600000
0!
0[

#14605000
1!
b101011011 ;
1[
b101011011 w

#14606000
b1000100011100 y

#14610000
0!
0[

#14615000
1!
b101011100 ;
1[
b101011100 w

#14616000
b1000100011111 y

#14620000
0!
0[

#14625000
1!
b101011101 ;
1[
b101011101 w

#14626000
b1000100100010 y

#14630000
0!
0[

#14635000
1!
b101011110 ;
1[
b101011110 w

#14636000
b1000100100101 y

#14640000
0!
0[

#14645000
1!
b101011111 ;
1[
b101011111 w

#14646000
b1000100101000 y

#14650000
0!
0[

#14655000
1!
b101100000 ;
1[
b101100000 w

#14656000
b1000100101011 y

#14660000
0!
0[

#14665000
1!
b101100001 ;
1[
b101100001 w

#14666000
b1000100101110 y

#14670000
0!
0[

#14675000
1!
b101100010 ;
1[
b101100010 w

#14676000
b1000100110001 y

#14680000
0!
0[

#14685000
1!
b101100011 ;
1[
b101100011 w

#14686000
b1000100110100 y

#14690000
0!
0[

#14695000
1!
b101100100 ;
1[
b101100100 w

#14696000
b1000100110111 y

#14700000
0!
0[

#14705000
1!
b101100101 ;
1[
b101100101 w

#14706000
b1000100111010 y

#14710000
0!
0[

#14715000
1!
b101100110 ;
1[
b101100110 w

#14716000
b1000100111101 y

#14720000
0!
0[

#14725000
1!
b101100111 ;
1[
b101100111 w

#14726000
b1000101000000 y

#14730000
0!
0[

#14735000
1!
b101101000 ;
1[
b101101000 w

#14736000
b1000101000011 y

#14740000
0!
0[

#14745000
1!
b101101001 ;
1[
b101101001 w

#14746000
b1000101000110 y

#14750000
0!
0[

#14755000
1!
b101101010 ;
1[
b101101010 w

#14756000
b1000101001001 y

#14760000
0!
0[

#14765000
1!
b101101011 ;
1[
b101101011 w

#14766000
b1000101001100 y

#14770000
0!
0[

#14775000
1!
b101101100 ;
1[
b101101100 w

#14776000
b1000101001111 y

#14780000
0!
0[

#14785000
1!
b101101101 ;
1[
b101101101 w

#14786000
b1000101010010 y

#14790000
0!
0[

#14795000
1!
b101101110 ;
1[
b101101110 w

#14796000
b1000101010101 y

#14800000
0!
0[

#14805000
1!
b101101111 ;
1[
b101101111 w

#14806000
b1000101011000 y

#14810000
0!
0[

#14815000
1!
b101110000 ;
1[
b101110000 w

#14816000
b1000101011011 y

#14820000
0!
0[

#14825000
1!
b101110001 ;
1[
b101110001 w

#14826000
b1000101011110 y

#14830000
0!
0[

#14835000
1!
b101110010 ;
1[
b101110010 w

#14836000
b1000101100001 y

#14840000
0!
0[

#14845000
1!
b101110011 ;
1[
b101110011 w

#14846000
b1000101100100 y

#14850000
0!
0[

#14855000
1!
b101110100 ;
1[
b101110100 w

#14856000
b1000101100111 y

#14860000
0!
0[

#14865000
1!
b101110101 ;
1[
b101110101 w

#14866000
b1000101101010 y

#14870000
0!
0[

#14875000
1!
b101110110 ;
1[
b101110110 w

#14876000
b1000101101101 y

#14880000
0!
0[

#14885000
1!
b101110111 ;
1[
b101110111 w

#14886000
b1000101110000 y

#14890000
0!
0[

#14895000
1!
b101111000 ;
1[
b101111000 w

#14896000
b1000101110011 y

#14900000
0!
0[

#14905000
1!
b101111001 ;
1[
b101111001 w

#14906000
b1000101110110 y

#14910000
0!
0[

#14915000
1!
b101111010 ;
1[
b101111010 w

#14916000
b1000101111001 y

#14920000
0!
0[

#14925000
1!
b101111011 ;
1[
b101111011 w

#14926000
b1000101111100 y

#14930000
0!
0[

#14935000
1!
b101111100 ;
1[
b101111100 w

#14936000
b1000101111111 y

#14940000
0!
0[

#14945000
1!
b101111101 ;
1[
b101111101 w

#14946000
b1000110000010 y

#14950000
0!
0[

#14955000
1!
b101111110 ;
1[
b101111110 w

#14956000
b1000110000101 y

#14960000
0!
0[

#14965000
1!
b101111111 ;
1[
b101111111 w

#14966000
b1000110001000 y

#14970000
0!
0[

#14975000
1!
b110000000 ;
1[
b110000000 w

#14976000
b1000110001011 y

#14980000
0!
0[

#14985000
1!
b110000001 ;
1[
b110000001 w

#14986000
b1000110001110 y

#14990000
0!
0[

#14995000
1!
b110000010 ;
1[
b110000010 w

#14996000
b1000110010001 y

#15000000
0!
0[

#15005000
1!
b110000011 ;
1[
b110000011 w

#15006000
b1000110010100 y

#15010000
0!
0[

#15015000
1!
b110000100 ;
1[
b110000100 w

#15016000
b1000110010111 y

#15020000
0!
0[

#15025000
1!
b110000101 ;
1[
b110000101 w

#15026000
b1000110011010 y

#15030000
0!
0[

#15035000
1!
b110000110 ;
1[
b110000110 w

#15036000
b1000110011101 y

#15040000
0!
0[

#15045000
1!
b110000111 ;
1[
b110000111 w

#15046000
b1000110100000 y

#15050000
0!
0[

#15055000
1!
b110001000 ;
1[
b110001000 w

#15056000
b1000110100011 y

#15060000
0!
0[

#15065000
1!
b110001001 ;
1[
b110001001 w

#15066000
b1000110100110 y

#15070000
0!
0[

#15075000
1!
b110001010 ;
1[
b110001010 w

#15076000
b1000110101001 y

#15080000
0!
0[

#15085000
1!
b110001011 ;
1[
b110001011 w

#15086000
b1000110101100 y

#15090000
0!
0[

#15095000
1!
b110001100 ;
1[
b110001100 w

#15096000
b1000110101111 y

#15100000
0!
0[

#15105000
1!
b110001101 ;
1[
b110001101 w

#15106000
b1000110110010 y

#15110000
0!
0[

#15115000
1!
b110001110 ;
1[
b110001110 w

#15116000
b1000110110101 y

#15120000
0!
0[

#15125000
1!
b110001111 ;
1[
b110001111 w

#15126000
b1000110111000 y

#15130000
0!
0[

#15135000
1!
b110010000 ;
1[
b110010000 w

#15136000
b1000110111011 y

#15140000
0!
0[

#15145000
1!
b110010001 ;
1[
b110010001 w

#15146000
b1000110111110 y

#15150000
0!
0[

#15155000
1!
b110010010 ;
1[
b110010010 w

#15156000
b1000111000001 y

#15160000
0!
0[

#15165000
1!
b110010011 ;
1[
b110010011 w

#15166000
b1000111000100 y

#15170000
0!
0[

#15175000
1!
b110010100 ;
1[
b110010100 w

#15176000
b1000111000111 y

#15180000
0!
0[

#15185000
1!
b110010101 ;
1[
b110010101 w

#15186000
b1000111001010 y

#15190000
0!
0[

#15195000
1!
b110010110 ;
1[
b110010110 w

#15196000
b1000111001101 y

#15200000
0!
0[

#15205000
1!
b110010111 ;
1[
b110010111 w

#15206000
b1000111010000 y

#15210000
0!
0[

#15215000
1!
b110011000 ;
1[
b110011000 w

#15216000
b1000111010011 y

#15220000
0!
0[

#15225000
1!
b110011001 ;
1[
b110011001 w

#15226000
b1000111010110 y

#15230000
0!
0[

#15235000
1!
b110011010 ;
1[
b110011010 w

#15236000
b1000111011001 y

#15240000
0!
0[

#15245000
1!
b110011011 ;
1[
b110011011 w

#15246000
b1000111011100 y

#15250000
0!
0[

#15255000
1!
b110011100 ;
1[
b110011100 w

#15256000
b1000111011111 y

#15260000
0!
0[

#15265000
1!
b110011101 ;
1[
b110011101 w

#15266000
b1000111100010 y

#15270000
0!
0[

#15275000
1!
b110011110 ;
1[
b110011110 w

#15276000
b1000111100101 y

#15280000
0!
0[

#15285000
1!
b110011111 ;
1[
b110011111 w

#15286000
b1000111101000 y

#15290000
0!
0[

#15295000
1!
b110100000 ;
1[
b110100000 w

#15296000
b1000111101011 y

#15300000
0!
0[

#15305000
1!
b110100001 ;
1[
b110100001 w

#15306000
b1000111101110 y

#15310000
0!
0[

#15315000
1!
b110100010 ;
1[
b110100010 w

#15316000
b1000111110001 y

#15320000
0!
0[

#15325000
1!
b110100011 ;
1[
b110100011 w

#15326000
b1000111110100 y

#15330000
0!
0[

#15335000
1!
b110100100 ;
1[
b110100100 w

#15336000
b1000111110111 y

#15340000
0!
0[

#15345000
1!
b110100101 ;
1[
b110100101 w

#15346000
b1000111111010 y

#15350000
0!
0[

#15355000
1!
b110100110 ;
1[
b110100110 w

#15356000
b1000111111101 y

#15360000
0!
0[

#15365000
1!
b110100111 ;
1[
b110100111 w

#15366000
b1001000000000 y

#15370000
0!
0[

#15375000
1!
b110101000 ;
1[
b110101000 w

#15376000
b1001000000011 y

#15380000
0!
0[

#15385000
1!
b110101001 ;
1[
b110101001 w

#15386000
b1001000000110 y

#15390000
0!
0[

#15395000
1!
b110101010 ;
1[
b110101010 w

#15396000
b1001000001001 y

#15400000
0!
0[

#15405000
1!
b110101011 ;
1[
b110101011 w

#15406000
b1001000001100 y

#15410000
0!
0[

#15415000
1!
b110101100 ;
1[
b110101100 w

#15416000
b1001000001111 y

#15420000
0!
0[

#15425000
1!
b110101101 ;
1[
b110101101 w

#15426000
b1001000010010 y

#15430000
0!
0[

#15435000
1!
b110101110 ;
1[
b110101110 w

#15436000
b1001000010101 y

#15440000
0!
0[

#15445000
1!
b110101111 ;
1[
b110101111 w

#15446000
b1001000011000 y

#15450000
0!
0[

#15455000
1!
b110110000 ;
1[
b110110000 w

#15456000
b1001000011011 y

#15460000
0!
0[

#15465000
1!
b110110001 ;
1[
b110110001 w

#15466000
b1001000011110 y

#15470000
0!
0[

#15475000
1!
b110110010 ;
1[
b110110010 w

#15476000
b1001000100001 y

#15480000
0!
0[

#15485000
1!
b110110011 ;
1[
b110110011 w

#15486000
b1001000100100 y

#15490000
0!
0[

#15495000
1!
b110110100 ;
1[
b110110100 w

#15496000
b1001000100111 y

#15500000
0!
0[

#15505000
1!
b110110101 ;
1[
b110110101 w

#15506000
b1001000101010 y

#15510000
0!
0[

#15515000
1!
b110110110 ;
1[
b110110110 w

#15516000
b1001000101101 y

#15520000
0!
0[

#15525000
1!
b110110111 ;
1[
b110110111 w

#15526000
b1001000110000 y

#15530000
0!
0[

#15535000
1!
b110111000 ;
1[
b110111000 w

#15536000
b1001000110011 y

#15540000
0!
0[

#15545000
1!
b110111001 ;
1[
b110111001 w

#15546000
b1001000110110 y

#15550000
0!
0[

#15555000
1!
b110111010 ;
1[
b110111010 w

#15556000
b1001000111001 y

#15560000
0!
0[

#15565000
1!
b110111011 ;
1[
b110111011 w

#15566000
b1001000111100 y

#15570000
0!
0[

#15575000
1!
b110111100 ;
1[
b110111100 w

#15576000
b1001000111111 y

#15580000
0!
0[

#15585000
1!
b110111101 ;
1[
b110111101 w

#15586000
b1001001000010 y

#15590000
0!
0[

#15595000
1!
b110111110 ;
1[
b110111110 w

#15596000
b1001001000101 y

#15600000
0!
0[

#15605000
1!
b110111111 ;
1[
b110111111 w

#15606000
b1001001001000 y

#15610000
0!
0[

#15615000
1!
b111000000 ;
1[
b111000000 w

#15616000
b1001001001011 y

#15620000
0!
0[

#15625000
1!
b111000001 ;
1[
b111000001 w

#15626000
b1001001001110 y

#15630000
0!
0[

#15635000
1!
b111000010 ;
1[
b111000010 w

#15636000
b1001001010001 y

#15640000
0!
0[

#15645000
1!
b111000011 ;
1[
b111000011 w

#15646000
b1001001010100 y

#15650000
0!
0[

#15655000
1!
b111000100 ;
1[
b111000100 w

#15656000
b1001001010111 y

#15660000
0!
0[

#15665000
1!
b111000101 ;
1[
b111000101 w

#15666000
b1001001011010 y

#15670000
0!
0[

#15675000
1!
b111000110 ;
1[
b111000110 w

#15676000
b1001001011101 y

#15680000
0!
0[

#15685000
1!
b111000111 ;
1[
b111000111 w

#15686000
b1001001100000 y

#15690000
0!
0[

#15695000
1!
b111001000 ;
1[
b111001000 w

#15696000
b1001001100011 y

#15700000
0!
0[

#15705000
1!
b111001001 ;
1[
b111001001 w

#15706000
b1001001100110 y

#15710000
0!
0[

#15715000
1!
b111001010 ;
1[
b111001010 w

#15716000
b1001001101001 y

#15720000
0!
0[

#15725000
1!
b111001011 ;
1[
b111001011 w

#15726000
b1001001101100 y

#15730000
0!
0[

#15735000
1!
b111001100 ;
1[
b111001100 w

#15736000
b1001001101111 y

#15740000
0!
0[

#15745000
1!
b111001101 ;
1[
b111001101 w

#15746000
b1001001110010 y

#15750000
0!
0[

#15755000
1!
b111001110 ;
1[
b111001110 w

#15756000
b1001001110101 y

#15760000
0!
0[

#15765000
1!
b111001111 ;
1[
b111001111 w

#15766000
b1001001111000 y

#15770000
0!
0[

#15775000
1!
b111010000 ;
1[
b111010000 w

#15776000
b1001001111011 y

#15780000
0!
0[

#15785000
1!
b111010001 ;
1[
b111010001 w

#15786000
b1001001111110 y

#15790000
0!
0[

#15795000
1!
b111010010 ;
1[
b111010010 w

#15796000
b1001010000001 y

#15800000
0!
0[

#15805000
1!
b111010011 ;
1[
b111010011 w

#15806000
b1001010000100 y

#15810000
0!
0[

#15815000
1!
b111010100 ;
1[
b111010100 w

#15816000
b1001010000111 y

#15820000
0!
0[

#15825000
1!
b111010101 ;
1[
b111010101 w

#15826000
b1001010001010 y

#15830000
0!
0[

#15835000
1!
b111010110 ;
1[
b111010110 w

#15836000
b1001010001101 y

#15840000
0!
0[

#15845000
1!
b111010111 ;
1[
b111010111 w

#15846000
b1001010010000 y

#15850000
0!
0[

#15855000
1!
b111011000 ;
1[
b111011000 w

#15856000
b1001010010011 y

#15860000
0!
0[

#15865000
1!
b111011001 ;
1[
b111011001 w

#15866000
b1001010010110 y

#15870000
0!
0[

#15875000
1!
b111011010 ;
1[
b111011010 w

#15876000
b1001010011001 y

#15880000
0!
0[

#15885000
1!
b111011011 ;
1[
b111011011 w

#15886000
b1001010011100 y

#15890000
0!
0[

#15895000
1!
b111011100 ;
1[
b111011100 w

#15896000
b1001010011111 y

#15900000
0!
0[

#15905000
1!
b111011101 ;
1[
b111011101 w

#15906000
b1001010100010 y

#15910000
0!
0[

#15915000
1!
b111011110 ;
1[
b111011110 w

#15916000
b1001010100101 y

#15920000
0!
0[

#15925000
1!
b111011111 ;
1[
b111011111 w

#15926000
b1001010101000 y

#15930000
0!
0[

#15935000
1!
b111100000 ;
1[
b111100000 w

#15936000
b1001010101011 y

#15940000
0!
0[

#15945000
1!
b111100001 ;
1[
b111100001 w

#15946000
b1001010101110 y

#15950000
0!
0[

#15955000
1!
b111100010 ;
1[
b111100010 w

#15956000
b1001010110001 y

#15960000
0!
0[

#15965000
1!
b111100011 ;
1[
b111100011 w

#15966000
b1001010110100 y

#15970000
0!
0[

#15975000
1!
b111100100 ;
1[
b111100100 w

#15976000
b1001010110111 y

#15980000
0!
0[

#15985000
1!
b111100101 ;
1[
b111100101 w

#15986000
b1001010111010 y

#15990000
0!
0[

#15995000
1!
b111100110 ;
1[
b111100110 w

#15996000
b1001010111101 y

#16000000
0!
0[

#16005000
1!
b111100111 ;
1[
b111100111 w

#16006000
b1001011000000 y

#16010000
0!
0[

#16015000
1!
b111101000 ;
1[
b111101000 w

#16016000
b1001011000011 y

#16020000
0!
0[

#16025000
1!
b111101001 ;
1[
b111101001 w

#16026000
b1001011000110 y

#16030000
0!
0[

#16035000
1!
b111101010 ;
1[
b111101010 w

#16036000
b1001011001001 y

#16040000
0!
0[

#16045000
1!
b111101011 ;
1[
b111101011 w

#16046000
b1001011001100 y

#16050000
0!
0[

#16055000
1!
b111101100 ;
1[
b111101100 w

#16056000
b1001011001111 y

#16060000
0!
0[

#16065000
1!
b111101101 ;
1[
b111101101 w

#16066000
b1001011010010 y

#16070000
0!
0[

#16075000
1!
b111101110 ;
1[
b111101110 w

#16076000
b1001011010101 y

#16080000
0!
0[

#16085000
1!
b111101111 ;
1[
b111101111 w

#16086000
b1001011011000 y

#16090000
0!
0[

#16095000
1!
b111110000 ;
1[
b111110000 w

#16096000
b1001011011011 y

#16100000
0!
0[

#16105000
1!
b111110001 ;
1[
b111110001 w

#16106000
b1001011011110 y

#16110000
0!
0[

#16115000
1!
b111110010 ;
1[
b111110010 w

#16116000
b1001011100001 y

#16120000
0!
0[

#16125000
1!
b111110011 ;
1[
b111110011 w

#16126000
b1001011100100 y

#16130000
0!
0[

#16135000
1!
b111110100 ;
1[
b111110100 w

#16136000
b1001011100111 y

#16140000
0!
0[

#16145000
1!
b111110101 ;
1[
b111110101 w

#16146000
b1001011101010 y

#16150000
0!
0[

#16155000
1!
b111110110 ;
1[
b111110110 w

#16156000
b1001011101101 y

#16160000
0!
0[

#16165000
1!
b111110111 ;
1[
b111110111 w

#16166000
b1001011110000 y

#16170000
0!
0[

#16175000
1!
b111111000 ;
1[
b111111000 w

#16176000
b1001011110011 y

#16180000
0!
0[

#16185000
1!
b111111001 ;
1[
b111111001 w

#16186000
b1001011110110 y

#16190000
0!
0[

#16195000
1!
b111111010 ;
1[
b111111010 w

#16196000
b1001011111001 y

#16200000
0!
0[

#16205000
1!
b111111011 ;
1[
b111111011 w

#16206000
b1001011111100 y

#16210000
0!
0[

#16215000
1!
b111111100 ;
1[
b111111100 w

#16216000
b1001011111111 y

#16220000
0!
0[

#16225000
1!
b111111101 ;
1[
b111111101 w

#16226000
b1001100000010 y

#16230000
0!
0[

#16235000
1!
b111111110 ;
1[
b111111110 w

#16236000
b1001100000101 y

#16240000
0!
0[

#16245000
1!
b111111111 ;
1[
b111111111 w

#16246000
b1001100001000 y

#16250000
0!
0[

#16255000
1!
b1000000000 ;
1[
b1000000000 w

#16256000
b1001100001011 y

#16260000
0!
0[

#16265000
1!
b1000000001 ;
1[
b1000000001 w

#16266000
b1001100001110 y

#16270000
0!
0[

#16275000
1!
b1000000010 ;
1[
b1000000010 w

#16276000
b1001100010001 y

#16280000
0!
0[

#16285000
1!
b1000000011 ;
1[
b1000000011 w

#16286000
b1001100010100 y

#16290000
0!
0[

#16295000
1!
b1000000100 ;
1[
b1000000100 w

#16296000
b1001100010111 y

#16300000
0!
0[

#16305000
1!
b1000000101 ;
1[
b1000000101 w

#16306000
b1001100011010 y

#16310000
0!
0[

#16315000
1!
b1000000110 ;
1[
b1000000110 w

#16316000
b1001100011101 y

#16320000
0!
0[

#16325000
1!
b1000000111 ;
1[
b1000000111 w

#16326000
b1001100100000 y

#16330000
0!
0[

#16335000
1!
b1000001000 ;
1[
b1000001000 w

#16336000
b1001100100011 y

#16340000
0!
0[

#16345000
1!
b1000001001 ;
1[
b1000001001 w

#16346000
b1001100100110 y

#16350000
0!
0[

#16355000
1!
b1000001010 ;
1[
b1000001010 w

#16356000
b1001100101001 y

#16360000
0!
0[

#16365000
1!
b1000001011 ;
1[
b1000001011 w

#16366000
b1001100101100 y

#16370000
0!
0[

#16375000
1!
b1000001100 ;
1[
b1000001100 w

#16376000
b1001100101111 y

#16380000
0!
0[

#16385000
1!
b1000001101 ;
1[
b1000001101 w

#16386000
b1001100110010 y

#16390000
0!
0[

#16395000
1!
b1000001110 ;
1[
b1000001110 w

#16396000
b1001100110101 y

#16400000
0!
0[

#16405000
1!
b1000001111 ;
1[
b1000001111 w

#16406000
b1001100111000 y

#16410000
0!
0[

#16415000
1!
b1000010000 ;
1[
b1000010000 w

#16416000
b1001100111011 y

#16420000
0!
0[

#16425000
1!
b1000010001 ;
1[
b1000010001 w

#16426000
b1001100111110 y

#16430000
0!
0[

#16435000
1!
b1000010010 ;
1[
b1000010010 w

#16436000
b1001101000001 y

#16440000
0!
0[

#16445000
1!
b1000010011 ;
1[
b1000010011 w

#16446000
b1001101000100 y

#16450000
0!
0[

#16455000
1!
b1000010100 ;
1[
b1000010100 w

#16456000
b1001101000111 y

#16460000
0!
0[

#16465000
1!
b1000010101 ;
1[
b1000010101 w

#16466000
b1001101001010 y

#16470000
0!
0[

#16475000
1!
b1000010110 ;
1[
b1000010110 w

#16476000
b1001101001101 y

#16480000
0!
0[

#16485000
1!
b1000010111 ;
1[
b1000010111 w

#16486000
b1001101010000 y

#16490000
0!
0[

#16495000
1!
b1000011000 ;
1[
b1000011000 w

#16496000
b1001101010011 y

#16500000
0!
0[

#16505000
1!
b1000011001 ;
1[
b1000011001 w

#16506000
b1001101010110 y

#16510000
0!
0[

#16515000
1!
b1000011010 ;
1[
b1000011010 w

#16516000
b1001101011001 y

#16520000
0!
0[

#16525000
1!
b1000011011 ;
1[
b1000011011 w

#16526000
b1001101011100 y

#16530000
0!
0[

#16535000
1!
b1000011100 ;
1[
b1000011100 w

#16536000
b1001101011111 y

#16540000
0!
0[

#16545000
1!
b1000011101 ;
1[
b1000011101 w

#16546000
b1001101100010 y

#16550000
0!
0[

#16555000
1!
b1000011110 ;
1[
b1000011110 w

#16556000
b1001101100101 y

#16560000
0!
0[

#16565000
1!
b1000011111 ;
1[
b1000011111 w

#16566000
b1001101101000 y

#16570000
0!
0[

#16575000
1!
b1000100000 ;
1[
b1000100000 w

#16576000
b1001101101011 y

#16580000
0!
0[

#16585000
1!
b1000100001 ;
1[
b1000100001 w

#16586000
b1001101101110 y

#16590000
0!
0[

#16595000
1!
b1000100010 ;
1[
b1000100010 w

#16596000
b1001101110001 y

#16600000
0!
0[

#16605000
1!
b1000100011 ;
1[
b1000100011 w

#16606000
b1001101110100 y

#16610000
0!
0[

#16615000
1!
b1000100100 ;
1[
b1000100100 w

#16616000
b1001101110111 y

#16620000
0!
0[

#16625000
1!
b1000100101 ;
1[
b1000100101 w

#16626000
b1001101111010 y

#16630000
0!
0[

#16635000
1!
b1000100110 ;
1[
b1000100110 w

#16636000
b1001101111101 y

#16640000
0!
0[

#16645000
1!
b1000100111 ;
1[
b1000100111 w

#16646000
b1001110000000 y

#16650000
0!
0[

#16655000
1!
b1000101000 ;
1[
b1000101000 w

#16656000
b1001110000011 y

#16660000
0!
0[

#16665000
1!
b1000101001 ;
1[
b1000101001 w

#16666000
b1001110000110 y

#16670000
0!
0[

#16675000
1!
b1000101010 ;
1[
b1000101010 w

#16676000
b1001110001001 y

#16680000
0!
0[

#16685000
1!
b1000101011 ;
1[
b1000101011 w

#16686000
b1001110001100 y

#16690000
0!
0[

#16695000
1!
b1000101100 ;
1[
b1000101100 w

#16696000
b1001110001111 y

#16700000
0!
0[

#16705000
1!
b1000101101 ;
1[
b1000101101 w

#16706000
b1001110010010 y

#16710000
0!
0[

#16715000
1!
b1000101110 ;
1[
b1000101110 w

#16716000
b1001110010101 y

#16720000
0!
0[

#16725000
1!
b1000101111 ;
1[
b1000101111 w

#16726000
b1001110011000 y

#16730000
0!
0[

#16735000
1!
b1000110000 ;
1[
b1000110000 w

#16736000
b1001110011011 y

#16740000
0!
0[

#16745000
1!
b1000110001 ;
1[
b1000110001 w

#16746000
b1001110011110 y

#16750000
0!
0[

#16755000
1!
b1000110010 ;
1[
b1000110010 w

#16756000
b1001110100001 y

#16760000
0!
0[

#16765000
1!
b1000110011 ;
1[
b1000110011 w

#16766000
b1001110100100 y

#16770000
0!
0[

#16775000
1!
b1000110100 ;
1[
b1000110100 w

#16776000
b1001110100111 y

#16780000
0!
0[

#16785000
1!
b1000110101 ;
1[
b1000110101 w

#16786000
b1001110101010 y

#16790000
0!
0[

#16795000
1!
b1000110110 ;
1[
b1000110110 w

#16796000
b1001110101101 y

#16800000
0!
0[

#16805000
1!
b1000110111 ;
1[
b1000110111 w

#16806000
b1001110110000 y

#16810000
0!
0[

#16815000
1!
b1000111000 ;
1[
b1000111000 w

#16816000
b1001110110011 y

#16820000
0!
0[

#16825000
1!
b1000111001 ;
1[
b1000111001 w

#16826000
b1001110110110 y

#16830000
0!
0[

#16835000
1!
b1000111010 ;
1[
b1000111010 w

#16836000
b1001110111001 y

#16840000
0!
0[

#16845000
1!
b1000111011 ;
1[
b1000111011 w

#16846000
b1001110111100 y

#16850000
0!
0[

#16855000
1!
b1000111100 ;
1[
b1000111100 w

#16856000
b1001110111111 y

#16860000
0!
0[

#16865000
1!
b1000111101 ;
1[
b1000111101 w

#16866000
b1001111000010 y

#16870000
0!
0[

#16875000
1!
b1000111110 ;
1[
b1000111110 w

#16876000
b1001111000101 y

#16880000
0!
0[

#16885000
1!
b1000111111 ;
1[
b1000111111 w

#16886000
b1001111001000 y

#16890000
0!
0[

#16895000
1!
b1001000000 ;
1[
b1001000000 w

#16896000
b1001111001011 y

#16900000
0!
0[

#16905000
1!
b1001000001 ;
1[
b1001000001 w

#16906000
b1001111001110 y

#16910000
0!
0[

#16915000
1!
b1001000010 ;
1[
b1001000010 w

#16916000
b1001111010001 y

#16920000
0!
0[

#16925000
1!
b1001000011 ;
1[
b1001000011 w

#16926000
b1001111010100 y

#16930000
0!
0[

#16935000
1!
b1001000100 ;
1[
b1001000100 w

#16936000
b1001111010111 y

#16940000
0!
0[

#16945000
1!
b1001000101 ;
1[
b1001000101 w

#16946000
b1001111011010 y

#16950000
0!
0[

#16955000
1!
b1001000110 ;
1[
b1001000110 w

#16956000
b1001111011101 y

#16960000
0!
0[

#16965000
1!
b1001000111 ;
1[
b1001000111 w

#16966000
b1001111100000 y

#16970000
0!
0[

#16975000
1!
b1001001000 ;
1[
b1001001000 w

#16976000
b1001111100011 y

#16980000
0!
0[

#16985000
1!
b1001001001 ;
1[
b1001001001 w

#16986000
b1001111100110 y

#16990000
0!
0[

#16995000
1!
b1001001010 ;
1[
b1001001010 w

#16996000
b1001111101001 y

#17000000
0!
0[

#17005000
1!
b1001001011 ;
1[
b1001001011 w

#17006000
b1001111101100 y

#17010000
0!
0[

#17015000
1!
b1001001100 ;
1[
b1001001100 w

#17016000
b1001111101111 y

#17020000
0!
0[

#17025000
1!
b1001001101 ;
1[
b1001001101 w

#17026000
b1001111110010 y

#17030000
0!
0[

#17035000
1!
b1001001110 ;
1[
b1001001110 w

#17036000
b1001111110101 y

#17040000
0!
0[

#17045000
1!
b1001001111 ;
1[
b1001001111 w

#17046000
b1001111111000 y

#17050000
0!
0[

#17055000
1!
b1001010000 ;
1[
b1001010000 w

#17056000
b1001111111011 y

#17060000
0!
0[

#17065000
1!
b1001010001 ;
1[
b1001010001 w

#17066000
b1001111111110 y

#17070000
0!
0[

#17075000
1!
b1001010010 ;
1[
b1001010010 w

#17076000
b1010000000001 y

#17080000
0!
0[

#17085000
1!
b1001010011 ;
1[
b1001010011 w

#17086000
b1010000000100 y

#17090000
0!
0[

#17095000
1!
b1001010100 ;
1[
b1001010100 w

#17096000
b1010000000111 y

#17100000
0!
0[

#17105000
1!
b1001010101 ;
1[
b1001010101 w

#17106000
b1010000001010 y

#17110000
0!
0[

#17115000
1!
b1001010110 ;
1[
b1001010110 w

#17116000
b1010000001101 y

#17120000
0!
0[

#17125000
1!
b1001010111 ;
1[
b1001010111 w

#17126000
b1010000010000 y

#17130000
0!
0[

#17135000
1!
b1001011000 ;
1[
b1001011000 w

#17136000
b1010000010011 y

#17140000
0!
0[

#17145000
1!
b1001011001 ;
1[
b1001011001 w

#17146000
b1010000010110 y

#17150000
0!
0[

#17155000
1!
b1001011010 ;
1[
b1001011010 w

#17156000
b1010000011001 y

#17160000
0!
0[

#17165000
1!
b1001011011 ;
1[
b1001011011 w

#17166000
b1010000011100 y

#17170000
0!
0[

#17175000
1!
b1001011100 ;
1[
b1001011100 w

#17176000
b1010000011111 y

#17180000
0!
0[

#17185000
1!
b1001011101 ;
1[
b1001011101 w

#17186000
b1010000100010 y

#17190000
0!
0[

#17195000
1!
b1001011110 ;
1[
b1001011110 w

#17196000
b1010000100101 y

#17200000
0!
0[

#17205000
1!
b1001011111 ;
1[
b1001011111 w

#17206000
b1010000101000 y

#17210000
0!
0[

#17215000
1!
b1001100000 ;
1[
b1001100000 w

#17216000
b1010000101011 y

#17220000
0!
0[

#17225000
1!
b1001100001 ;
1[
b1001100001 w

#17226000
b1010000101110 y

#17230000
0!
0[

#17235000
1!
b1001100010 ;
1[
b1001100010 w

#17236000
b1010000110001 y

#17240000
0!
0[

#17245000
1!
b1001100011 ;
1[
b1001100011 w

#17246000
b1010000110100 y

#17250000
0!
0[

#17255000
1!
b1001100100 ;
1[
b1001100100 w

#17256000
b1010000110111 y

#17260000
0!
0[

#17265000
1!
b1001100101 ;
1[
b1001100101 w

#17266000
b1010000111010 y

#17270000
0!
0[

#17275000
1!
b1001100110 ;
1[
b1001100110 w

#17276000
b1010000111101 y

#17280000
0!
0[

#17285000
1!
b1001100111 ;
1[
b1001100111 w

#17286000
b1010001000000 y

#17290000
0!
0[

#17295000
1!
b1001101000 ;
1[
b1001101000 w

#17296000
b1010001000011 y

#17300000
0!
0[

#17305000
1!
b1001101001 ;
1[
b1001101001 w

#17306000
b1010001000110 y

#17310000
0!
0[

#17315000
1!
b1001101010 ;
1[
b1001101010 w

#17316000
b1010001001001 y

#17320000
0!
0[

#17325000
1!
b1001101011 ;
1[
b1001101011 w

#17326000
b1010001001100 y

#17330000
0!
0[

#17335000
1!
b1001101100 ;
1[
b1001101100 w

#17336000
b1010001001111 y

#17340000
0!
0[

#17345000
1!
b1001101101 ;
1[
b1001101101 w

#17346000
b1010001010010 y

#17350000
0!
0[

#17355000
1!
b1001101110 ;
1[
b1001101110 w

#17356000
b1010001010101 y

#17360000
0!
0[

#17365000
1!
b1001101111 ;
1[
b1001101111 w

#17366000
b1010001011000 y

#17370000
0!
0[

#17375000
1!
b1001110000 ;
1[
b1001110000 w

#17376000
b1010001011011 y

#17380000
0!
0[

#17385000
1!
b1001110001 ;
1[
b1001110001 w

#17386000
b1010001011110 y

#17390000
0!
0[

#17395000
1!
b1001110010 ;
1[
b1001110010 w

#17396000
b1010001100001 y

#17400000
0!
0[

#17405000
1!
b1001110011 ;
1[
b1001110011 w

#17406000
b1010001100100 y

#17410000
0!
0[

#17415000
1!
b1001110100 ;
1[
b1001110100 w

#17416000
b1010001100111 y

#17420000
0!
0[

#17425000
1!
b1001110101 ;
1[
b1001110101 w

#17426000
b1010001101010 y

#17430000
0!
0[

#17435000
1!
b1001110110 ;
1[
b1001110110 w

#17436000
b1010001101101 y

#17440000
0!
0[

#17445000
1!
b1001110111 ;
1[
b1001110111 w

#17446000
b1010001110000 y

#17450000
0!
0[

#17455000
1!
b1001111000 ;
1[
b1001111000 w

#17456000
b1010001110011 y

#17460000
0!
0[

#17465000
1!
b1001111001 ;
1[
b1001111001 w

#17466000
b1010001110110 y

#17470000
0!
0[

#17475000
1!
b1001111010 ;
1[
b1001111010 w

#17476000
b1010001111001 y

#17480000
0!
0[

#17485000
1!
b1001111011 ;
1[
b1001111011 w

#17486000
b1010001111100 y

#17490000
0!
0[

#17495000
1!
b1001111100 ;
1[
b1001111100 w

#17496000
b1010001111111 y

#17500000
0!
0[

#17505000
1!
b1001111101 ;
1[
b1001111101 w

#17506000
b1010010000010 y

#17510000
0!
0[

#17515000
1!
b1001111110 ;
1[
b1001111110 w

#17516000
b1010010000101 y

#17520000
0!
0[

#17525000
1!
b1001111111 ;
1[
b1001111111 w

#17526000
b1010010001000 y

#17530000
0!
0[

#17535000
1!
b1010000000 ;
1[
b1010000000 w

#17536000
b1010010001011 y

#17540000
0!
0[

#17545000
1!
b1010000001 ;
1[
b1010000001 w

#17546000
b1010010001110 y

#17550000
0!
0[

#17555000
1!
b1010000010 ;
1[
b1010000010 w

#17556000
b1010010010001 y

#17560000
0!
0[

#17565000
1!
b1010000011 ;
1[
b1010000011 w

#17566000
b1010010010100 y

#17570000
0!
0[

#17575000
1!
b1010000100 ;
1[
b1010000100 w

#17576000
b1010010010111 y

#17580000
0!
0[

#17585000
1!
b1010000101 ;
1[
b1010000101 w

#17586000
b1010010011010 y

#17590000
0!
0[

#17595000
1!
b1010000110 ;
1[
b1010000110 w

#17596000
b1010010011101 y

#17600000
0!
0[

#17605000
1!
b1010000111 ;
1[
b1010000111 w

#17606000
b1010010100000 y

#17610000
0!
0[

#17615000
1!
b1010001000 ;
1[
b1010001000 w

#17616000
b1010010100011 y

#17620000
0!
0[

#17625000
1!
b1010001001 ;
1[
b1010001001 w

#17626000
b1010010100110 y

#17630000
0!
0[

#17635000
1!
b1010001010 ;
1[
b1010001010 w

#17636000
b1010010101001 y

#17640000
0!
0[

#17645000
1!
b1010001011 ;
1[
b1010001011 w

#17646000
b1010010101100 y

#17650000
0!
0[

#17655000
1!
b1010001100 ;
1[
b1010001100 w

#17656000
b1010010101111 y

#17660000
0!
0[

#17665000
1!
b1010001101 ;
1[
b1010001101 w

#17666000
b1010010110010 y

#17670000
0!
0[

#17675000
1!
b1010001110 ;
1[
b1010001110 w

#17676000
b1010010110101 y

#17680000
0!
0[

#17685000
1!
b1010001111 ;
1[
b1010001111 w

#17686000
b1010010111000 y

#17690000
0!
0[

#17695000
1!
b1010010000 ;
1[
b1010010000 w

#17696000
b1010010111011 y

#17700000
0!
0[

#17705000
1!
b1010010001 ;
1[
b1010010001 w

#17706000
b1010010111110 y

#17710000
0!
0[

#17715000
1!
b1010010010 ;
1[
b1010010010 w

#17716000
b1010011000001 y

#17720000
0!
0[

#17725000
1!
b1010010011 ;
1[
b1010010011 w

#17726000
b1010011000100 y

#17730000
0!
0[

#17735000
1!
b1010010100 ;
1[
b1010010100 w

#17736000
b1010011000111 y

#17740000
0!
0[

#17745000
1!
b1010010101 ;
1[
b1010010101 w

#17746000
b1010011001010 y

#17750000
0!
0[

#17755000
1!
b1010010110 ;
1[
b1010010110 w

#17756000
b1010011001101 y

#17760000
0!
0[

#17765000
1!
b1010010111 ;
1[
b1010010111 w

#17766000
b1010011010000 y

#17770000
0!
0[

#17775000
1!
b1010011000 ;
1[
b1010011000 w

#17776000
b1010011010011 y

#17780000
0!
0[

#17785000
1!
b1010011001 ;
1[
b1010011001 w

#17786000
b1010011010110 y

#17790000
0!
0[

#17795000
1!
b1010011010 ;
1[
b1010011010 w

#17796000
b1010011011001 y

#17800000
0!
0[

#17805000
1!
b1010011011 ;
1[
b1010011011 w

#17806000
b1010011011100 y

#17810000
0!
0[

#17815000
1!
b1010011100 ;
1[
b1010011100 w

#17816000
b1010011011111 y

#17820000
0!
0[

#17825000
1!
b1010011101 ;
1[
b1010011101 w

#17826000
b1010011100010 y

#17830000
0!
0[

#17835000
1!
b1010011110 ;
1[
b1010011110 w

#17836000
b1010011100101 y

#17840000
0!
0[

#17845000
1!
b1010011111 ;
1[
b1010011111 w

#17846000
b1010011101000 y

#17850000
0!
0[

#17855000
1!
b1010100000 ;
1[
b1010100000 w

#17856000
b1010011101011 y

#17860000
0!
0[

#17865000
1!
b1010100001 ;
1[
b1010100001 w

#17866000
b1010011101110 y

#17870000
0!
0[

#17875000
1!
b1010100010 ;
1[
b1010100010 w

#17876000
b1010011110001 y

#17880000
0!
0[

#17885000
1!
b1010100011 ;
1[
b1010100011 w

#17886000
b1010011110100 y

#17890000
0!
0[

#17895000
1!
b1010100100 ;
1[
b1010100100 w

#17896000
b1010011110111 y

#17900000
0!
0[

#17905000
1!
b1010100101 ;
1[
b1010100101 w

#17906000
b1010011111010 y

#17910000
0!
0[

#17915000
1!
b1010100110 ;
1[
b1010100110 w

#17916000
b1010011111101 y

#17920000
0!
0[

#17925000
1!
b1010100111 ;
1[
b1010100111 w

#17926000
b1010100000000 y

#17930000
0!
0[

#17935000
1!
b1010101000 ;
1[
b1010101000 w

#17936000
b1010100000011 y

#17940000
0!
0[

#17945000
1!
b1010101001 ;
1[
b1010101001 w

#17946000
b1010100000110 y

#17950000
0!
0[

#17955000
1!
b1010101010 ;
1[
b1010101010 w

#17956000
b1010100001001 y

#17960000
0!
0[

#17965000
1!
b1010101011 ;
1[
b1010101011 w

#17966000
b1010100001100 y

#17970000
0!
0[

#17975000
1!
b1010101100 ;
1[
b1010101100 w

#17976000
b1010100001111 y

#17980000
0!
0[

#17985000
1!
b1010101101 ;
1[
b1010101101 w

#17986000
b1010100010010 y

#17990000
0!
0[

#17995000
1!
b1010101110 ;
1[
b1010101110 w

#17996000
b1010100010101 y

#18000000
0!
0[

#18005000
1!
b1010101111 ;
1[
b1010101111 w

#18006000
b1010100011000 y

#18010000
0!
0[

#18015000
1!
b1010110000 ;
1[
b1010110000 w

#18016000
b1010100011011 y

#18020000
0!
0[

#18025000
1!
b1010110001 ;
1[
b1010110001 w

#18026000
b1010100011110 y

#18030000
0!
0[

#18035000
1!
b1010110010 ;
1[
b1010110010 w

#18036000
b1010100100001 y

#18040000
0!
0[

#18045000
1!
b1010110011 ;
1[
b1010110011 w

#18046000
b1010100100100 y

#18050000
0!
0[

#18055000
1!
b1010110100 ;
1[
b1010110100 w

#18056000
b1010100100111 y

#18060000
0!
0[

#18065000
1!
b1010110101 ;
1[
b1010110101 w

#18066000
b1010100101010 y

#18070000
0!
0[

#18075000
1!
b1010110110 ;
1[
b1010110110 w

#18076000
b1010100101101 y

#18080000
0!
0[

#18085000
1!
b1010110111 ;
1[
b1010110111 w

#18086000
b1010100110000 y

#18090000
0!
0[

#18095000
1!
b1010111000 ;
1[
b1010111000 w

#18096000
b1010100110011 y

#18100000
0!
0[

#18105000
1!
b1010111001 ;
1[
b1010111001 w

#18106000
b1010100110110 y

#18110000
0!
0[

#18115000
1!
b1010111010 ;
1[
b1010111010 w

#18116000
b1010100111001 y

#18120000
0!
0[

#18125000
1!
b1010111011 ;
1[
b1010111011 w

#18126000
b1010100111100 y

#18130000
0!
0[

#18135000
1!
b1010111100 ;
1[
b1010111100 w

#18136000
b1010100111111 y

#18140000
0!
0[

#18145000
1!
b1010111101 ;
1[
b1010111101 w

#18146000
b1010101000010 y

#18150000
0!
0[

#18155000
1!
b1010111110 ;
1[
b1010111110 w

#18156000
b1010101000101 y

#18160000
0!
0[

#18165000
1!
b1010111111 ;
1[
b1010111111 w

#18166000
b1010101001000 y

#18170000
0!
0[

#18175000
1!
b1011000000 ;
1[
b1011000000 w

#18176000
b1010101001011 y

#18180000
0!
0[

#18185000
1!
b1011000001 ;
1[
b1011000001 w

#18186000
b1010101001110 y

#18190000
0!
0[

#18195000
1!
b1011000010 ;
1[
b1011000010 w

#18196000
b1010101010001 y

#18200000
0!
0[

#18205000
1!
b1011000011 ;
1[
b1011000011 w

#18206000
b1010101010100 y

#18210000
0!
0[

#18215000
1!
b1011000100 ;
1[
b1011000100 w

#18216000
b1010101010111 y

#18220000
0!
0[

#18225000
1!
b1011000101 ;
1[
b1011000101 w

#18226000
b1010101011010 y

#18230000
0!
0[

#18235000
1!
b1011000110 ;
1[
b1011000110 w

#18236000
b1010101011101 y

#18240000
0!
0[

#18245000
1!
b1011000111 ;
1[
b1011000111 w

#18246000
b1010101100000 y

#18250000
0!
0[

#18255000
1!
b1011001000 ;
1[
b1011001000 w

#18256000
b1010101100011 y

#18260000
0!
0[

#18265000
1!
b1011001001 ;
1[
b1011001001 w

#18266000
b1010101100110 y

#18270000
0!
0[

#18275000
1!
b1011001010 ;
1[
b1011001010 w

#18276000
b1010101101001 y

#18280000
0!
0[

#18285000
1!
b1011001011 ;
1[
b1011001011 w

#18286000
b1010101101100 y

#18290000
0!
0[

#18295000
1!
b1011001100 ;
1[
b1011001100 w

#18296000
b1010101101111 y

#18300000
0!
0[

#18305000
1!
b1011001101 ;
1[
b1011001101 w

#18306000
b1010101110010 y

#18310000
0!
0[

#18315000
1!
b1011001110 ;
1[
b1011001110 w

#18316000
b1010101110101 y

#18320000
0!
0[

#18325000
1!
b1011001111 ;
1[
b1011001111 w

#18326000
b1010101111000 y

#18330000
0!
0[

#18335000
1!
b1011010000 ;
1[
b1011010000 w

#18336000
b1010101111011 y

#18340000
0!
0[

#18345000
1!
b1011010001 ;
1[
b1011010001 w

#18346000
b1010101111110 y

#18350000
0!
0[

#18355000
1!
b1011010010 ;
1[
b1011010010 w

#18356000
b1010110000001 y

#18360000
0!
0[

#18365000
1!
b1011010011 ;
1[
b1011010011 w

#18366000
b1010110000100 y

#18370000
0!
0[

#18375000
1!
b1011010100 ;
1[
b1011010100 w

#18376000
b1010110000111 y

#18380000
0!
0[

#18385000
1!
b1011010101 ;
1[
b1011010101 w

#18386000
b1010110001010 y

#18390000
0!
0[

#18395000
1!
b1011010110 ;
1[
b1011010110 w

#18396000
b1010110001101 y

#18400000
0!
0[

#18405000
1!
b1011010111 ;
1[
b1011010111 w

#18406000
b1010110010000 y

#18410000
0!
0[

#18415000
1!
b1011011000 ;
1[
b1011011000 w

#18416000
b1010110010011 y

#18420000
0!
0[

#18425000
1!
b1011011001 ;
1[
b1011011001 w

#18426000
b1010110010110 y

#18430000
0!
0[

#18435000
1!
b1011011010 ;
1[
b1011011010 w

#18436000
b1010110011001 y

#18440000
0!
0[

#18445000
1!
b1011011011 ;
1[
b1011011011 w

#18446000
b1010110011100 y

#18450000
0!
0[

#18455000
1!
b1011011100 ;
1[
b1011011100 w

#18456000
b1010110011111 y

#18460000
0!
0[

#18465000
1!
b1011011101 ;
1[
b1011011101 w

#18466000
b1010110100010 y

#18470000
0!
0[

#18475000
1!
b1011011110 ;
1[
b1011011110 w

#18476000
b1010110100101 y

#18480000
0!
0[

#18485000
1!
b1011011111 ;
1[
b1011011111 w

#18486000
b1010110101000 y

#18490000
0!
0[

#18495000
1!
b1011100000 ;
1[
b1011100000 w

#18496000
b1010110101011 y

#18500000
0!
0[

#18505000
1!
b1011100001 ;
1[
b1011100001 w

#18506000
b1010110101110 y

#18510000
0!
0[

#18515000
1!
b1011100010 ;
1[
b1011100010 w

#18516000
b1010110110001 y

#18520000
0!
0[

#18525000
1!
b1011100011 ;
1[
b1011100011 w

#18526000
b1010110110100 y

#18530000
0!
0[

#18535000
1!
b1011100100 ;
1[
b1011100100 w

#18536000
b1010110110111 y

#18540000
0!
0[

#18545000
1!
b1011100101 ;
1[
b1011100101 w

#18546000
b1010110111010 y

#18550000
0!
0[

#18555000
1!
b1011100110 ;
1[
b1011100110 w

#18556000
b1010110111101 y

#18560000
0!
0[

#18565000
1!
b1011100111 ;
1[
b1011100111 w

#18566000
b1010111000000 y

#18570000
0!
0[

#18575000
1!
b1011101000 ;
1[
b1011101000 w

#18576000
b1010111000011 y

#18580000
0!
0[

#18585000
1!
b1011101001 ;
1[
b1011101001 w

#18586000
b1010111000110 y

#18590000
0!
0[

#18595000
1!
b1011101010 ;
1[
b1011101010 w

#18596000
b1010111001001 y

#18600000
0!
0[

#18605000
1!
b1011101011 ;
1[
b1011101011 w

#18606000
b1010111001100 y

#18610000
0!
0[

#18615000
1!
b1011101100 ;
1[
b1011101100 w

#18616000
b1010111001111 y

#18620000
0!
0[

#18625000
1!
b1011101101 ;
1[
b1011101101 w

#18626000
b1010111010010 y

#18630000
0!
0[

#18635000
1!
b1011101110 ;
1[
b1011101110 w

#18636000
b1010111010101 y

#18640000
0!
0[

#18645000
1!
b1011101111 ;
1[
b1011101111 w

#18646000
b1010111011000 y

#18650000
0!
0[

#18655000
1!
b1011110000 ;
1[
b1011110000 w

#18656000
b1010111011011 y

#18660000
0!
0[

#18665000
1!
b1011110001 ;
1[
b1011110001 w

#18666000
b1010111011110 y

#18670000
0!
0[

#18675000
1!
b1011110010 ;
1[
b1011110010 w

#18676000
b1010111100001 y

#18680000
0!
0[

#18685000
1!
b1011110011 ;
1[
b1011110011 w

#18686000
b1010111100100 y

#18690000
0!
0[

#18695000
1!
b1011110100 ;
1[
b1011110100 w

#18696000
b1010111100111 y

#18700000
0!
0[

#18705000
1!
b1011110101 ;
1[
b1011110101 w

#18706000
b1010111101010 y

#18710000
0!
0[

#18715000
1!
b1011110110 ;
1[
b1011110110 w

#18716000
b1010111101101 y

#18720000
0!
0[

#18725000
1!
b1011110111 ;
1[
b1011110111 w

#18726000
b1010111110000 y

#18730000
0!
0[

#18735000
1!
b1011111000 ;
1[
b1011111000 w

#18736000
b1010111110011 y

#18740000
0!
0[

#18745000
1!
b1011111001 ;
1[
b1011111001 w

#18746000
b1010111110110 y

#18750000
0!
0[

#18755000
1!
b1011111010 ;
1[
b1011111010 w

#18756000
b1010111111001 y

#18760000
0!
0[

#18765000
1!
b1011111011 ;
1[
b1011111011 w

#18766000
b1010111111100 y

#18770000
0!
0[

#18775000
1!
b1011111100 ;
1[
b1011111100 w

#18776000
b1010111111111 y

#18780000
0!
0[

#18785000
1!
b1011111101 ;
1[
b1011111101 w

#18786000
b1011000000010 y

#18790000
0!
0[

#18795000
1!
b1011111110 ;
1[
b1011111110 w

#18796000
b1011000000101 y

#18800000
0!
0[

#18805000
1!
b1011111111 ;
1[
b1011111111 w

#18806000
b1011000001000 y

#18810000
0!
0[

#18815000
1!
b1100000000 ;
1[
b1100000000 w

#18816000
b1011000001011 y

#18820000
0!
0[

#18825000
1!
b1100000001 ;
1[
b1100000001 w

#18826000
b1011000001110 y

#18830000
0!
0[

#18835000
1!
b1100000010 ;
1[
b1100000010 w

#18836000
b1011000010001 y

#18840000
0!
0[

#18845000
1!
b1100000011 ;
1[
b1100000011 w

#18846000
b1011000010100 y

#18850000
0!
0[

#18855000
1!
b1100000100 ;
1[
b1100000100 w

#18856000
b1011000010111 y

#18860000
0!
0[

#18865000
1!
b1100000101 ;
1[
b1100000101 w

#18866000
b1011000011010 y

#18870000
0!
0[

#18875000
1!
b1100000110 ;
1[
b1100000110 w

#18876000
b1011000011101 y

#18880000
0!
0[

#18885000
1!
b1100000111 ;
1[
b1100000111 w

#18886000
b1011000100000 y

#18890000
0!
0[

#18895000
1!
b1100001000 ;
1[
b1100001000 w

#18896000
b1011000100011 y

#18900000
0!
0[

#18905000
1!
b1100001001 ;
1[
b1100001001 w

#18906000
b1011000100110 y

#18910000
0!
0[

#18915000
1!
b1100001010 ;
1[
b1100001010 w

#18916000
b1011000101001 y

#18920000
0!
0[

#18925000
1!
b1100001011 ;
1[
b1100001011 w

#18926000
b1011000101100 y

#18930000
0!
0[

#18935000
1!
b1100001100 ;
1[
b1100001100 w

#18936000
b1011000101111 y

#18940000
0!
0[

#18945000
1!
b1100001101 ;
1[
b1100001101 w

#18946000
b1011000110010 y

#18950000
0!
0[

#18955000
1!
b1100001110 ;
1[
b1100001110 w

#18956000
b1011000110101 y

#18960000
0!
0[

#18965000
1!
b1100001111 ;
1[
b1100001111 w

#18966000
b1011000111000 y

#18970000
0!
0[

#18975000
1!
b1100010000 ;
1[
b1100010000 w

#18976000
b1011000111011 y

#18980000
0!
0[

#18985000
1!
b1100010001 ;
1[
b1100010001 w

#18986000
b1011000111110 y

#18990000
0!
0[

#18995000
1!
b1100010010 ;
1[
b1100010010 w

#18996000
b1011001000001 y

#19000000
0!
0[

#19005000
1!
b1100010011 ;
1[
b1100010011 w

#19006000
b1011001000100 y

#19010000
0!
0[

#19015000
1!
b1100010100 ;
1[
b1100010100 w

#19016000
b1011001000111 y

#19020000
0!
0[

#19025000
1!
b1100010101 ;
1[
b1100010101 w

#19026000
b1011001001010 y

#19030000
0!
0[

#19035000
1!
b1100010110 ;
1[
b1100010110 w

#19036000
b1011001001101 y

#19040000
0!
0[

#19045000
1!
b1100010111 ;
1[
b1100010111 w

#19046000
b1011001010000 y

#19050000
0!
0[

#19055000
1!
b1100011000 ;
1[
b1100011000 w

#19056000
b1011001010011 y

#19060000
0!
0[

#19065000
1!
b1100011001 ;
1[
b1100011001 w

#19066000
b1011001010110 y

#19070000
0!
0[

#19075000
1!
b1100011010 ;
1[
b1100011010 w

#19076000
b1011001011001 y

#19080000
0!
0[

#19085000
1!
b1100011011 ;
1[
b1100011011 w

#19086000
b1011001011100 y

#19090000
0!
0[

#19095000
1!
b1100011100 ;
1[
b1100011100 w

#19096000
b1011001011111 y

#19100000
0!
0[

#19105000
1!
b1100011101 ;
1[
b1100011101 w

#19106000
b1011001100010 y

#19110000
0!
0[

#19115000
1!
b1100011110 ;
1[
b1100011110 w

#19116000
b1011001100101 y

#19120000
0!
0[

#19125000
1!
b1100011111 ;
1[
b1100011111 w

#19126000
b1011001101000 y

#19130000
0!
0[

#19135000
1!
b1100100000 ;
1[
b1100100000 w

#19136000
b1011001101011 y

#19140000
0!
0[

#19145000
1!
b1100100001 ;
1[
b1100100001 w

#19146000
b1011001101110 y

#19150000
0!
0[

#19155000
1!
b1100100010 ;
1[
b1100100010 w

#19156000
b1011001110001 y

#19160000
0!
0[

#19165000
1!
b1100100011 ;
1[
b1100100011 w

#19166000
b1011001110100 y

#19170000
0!
0[

#19175000
1!
b1100100100 ;
1[
b1100100100 w

#19176000
b1011001110111 y

#19180000
0!
0[

#19185000
1!
b1100100101 ;
1[
b1100100101 w

#19186000
b1011001111010 y

#19190000
0!
0[

#19195000
1!
b1100100110 ;
1[
b1100100110 w

#19196000
b1011001111101 y

#19200000
0!
0[

#19205000
1!
b1100100111 ;
1[
b1100100111 w

#19206000
b1011010000000 y

#19210000
0!
0[

#19215000
1!
b1100101000 ;
1[
b1100101000 w

#19216000
b1011010000011 y

#19220000
0!
0[

#19225000
1!
b1100101001 ;
1[
b1100101001 w

#19226000
b1011010000110 y

#19230000
0!
0[

#19235000
1!
b1100101010 ;
1[
b1100101010 w

#19236000
b1011010001001 y

#19240000
0!
0[

#19245000
1!
b1100101011 ;
1[
b1100101011 w

#19246000
b1011010001100 y

#19250000
0!
0[

#19255000
1!
b1100101100 ;
1[
b1100101100 w

#19256000
b1011010001111 y

#19260000
0!
0[

#19265000
1!
b1100101101 ;
1[
b1100101101 w

#19266000
b1011010010010 y

#19270000
0!
0[

#19275000
1!
b1100101110 ;
1[
b1100101110 w

#19276000
b1011010010101 y

#19280000
0!
0[

#19285000
1!
b1100101111 ;
1[
b1100101111 w

#19286000
b1011010011000 y

#19290000
0!
0[

#19295000
1!
b1100110000 ;
1[
b1100110000 w

#19296000
b1011010011011 y

#19300000
0!
0[

#19305000
1!
b1100110001 ;
1[
b1100110001 w

#19306000
b1011010011110 y

#19310000
0!
0[

#19315000
1!
b1100110010 ;
1[
b1100110010 w

#19316000
b1011010100001 y

#19320000
0!
0[

#19325000
1!
b1100110011 ;
1[
b1100110011 w

#19326000
b1011010100100 y

#19330000
0!
0[

#19335000
1!
b1100110100 ;
1[
b1100110100 w

#19336000
b1011010100111 y

#19340000
0!
0[

#19345000
1!
b1100110101 ;
1[
b1100110101 w

#19346000
b1011010101010 y

#19350000
0!
0[

#19355000
1!
b1100110110 ;
1[
b1100110110 w

#19356000
b1011010101101 y

#19360000
0!
0[

#19365000
1!
b1100110111 ;
1[
b1100110111 w

#19366000
b1011010110000 y

#19370000
0!
0[

#19375000
1!
b1100111000 ;
1[
b1100111000 w

#19376000
b1011010110011 y

#19380000
0!
0[

#19385000
1!
b1100111001 ;
1[
b1100111001 w

#19386000
b1011010110110 y

#19390000
0!
0[

#19395000
1!
b1100111010 ;
1[
b1100111010 w

#19396000
b1011010111001 y

#19400000
0!
0[

#19405000
1!
b1100111011 ;
1[
b1100111011 w

#19406000
b1011010111100 y

#19410000
0!
0[

#19415000
1!
b1100111100 ;
1[
b1100111100 w

#19416000
b1011010111111 y

#19420000
0!
0[

#19425000
1!
b1100111101 ;
1[
b1100111101 w

#19426000
b1011011000010 y

#19430000
0!
0[

#19435000
1!
b1100111110 ;
1[
b1100111110 w

#19436000
b1011011000101 y

#19440000
0!
0[

#19445000
1!
b1100111111 ;
1[
b1100111111 w

#19446000
b1011011001000 y

#19450000
0!
0[

#19455000
1!
b1101000000 ;
1[
b1101000000 w

#19456000
b1011011001011 y

#19460000
0!
0[

#19465000
1!
b1101000001 ;
1[
b1101000001 w

#19466000
b1011011001110 y

#19470000
0!
0[

#19475000
1!
b1101000010 ;
1[
b1101000010 w

#19476000
b1011011010001 y

#19480000
0!
0[

#19485000
1!
b1101000011 ;
1[
b1101000011 w

#19486000
b1011011010100 y

#19490000
0!
0[

#19495000
1!
b1101000100 ;
1[
b1101000100 w

#19496000
b1011011010111 y

#19500000
0!
0[

#19505000
1!
b1101000101 ;
1[
b1101000101 w

#19506000
b1011011011010 y

#19510000
0!
0[

#19515000
1!
b1101000110 ;
1[
b1101000110 w

#19516000
b1011011011101 y

#19520000
0!
0[

#19525000
1!
b1101000111 ;
1[
b1101000111 w

#19526000
b1011011100000 y

#19530000
0!
0[

#19535000
1!
b1101001000 ;
1[
b1101001000 w

#19536000
b1011011100011 y

#19540000
0!
0[

#19545000
1!
b1101001001 ;
1[
b1101001001 w

#19546000
b1011011100110 y

#19550000
0!
0[

#19555000
1!
b1101001010 ;
1[
b1101001010 w

#19556000
b1011011101001 y

#19560000
0!
0[

#19565000
1!
b1101001011 ;
1[
b1101001011 w

#19566000
b1011011101100 y

#19570000
0!
0[

#19575000
1!
b1101001100 ;
1[
b1101001100 w

#19576000
b1011011101111 y

#19580000
0!
0[

#19585000
1!
b1101001101 ;
1[
b1101001101 w

#19586000
b1011011110010 y

#19590000
0!
0[

#19595000
1!
b1101001110 ;
1[
b1101001110 w

#19596000
b1011011110101 y

#19600000
0!
0[

#19605000
1!
b1101001111 ;
1[
b1101001111 w

#19606000
b1011011111000 y

#19610000
0!
0[

#19615000
1!
b1101010000 ;
1[
b1101010000 w

#19616000
b1011011111011 y

#19620000
0!
0[

#19625000
1!
b1101010001 ;
1[
b1101010001 w

#19626000
b1011011111110 y

#19630000
0!
0[

#19635000
1!
b1101010010 ;
1[
b1101010010 w

#19636000
b1011100000001 y

#19640000
0!
0[

#19645000
1!
b1101010011 ;
1[
b1101010011 w

#19646000
b1011100000100 y

#19650000
0!
0[

#19655000
1!
b1101010100 ;
1[
b1101010100 w

#19656000
b1011100000111 y

#19660000
0!
0[

#19665000
1!
b1101010101 ;
1[
b1101010101 w

#19666000
b1011100001010 y

#19670000
0!
0[

#19675000
1!
b1101010110 ;
1[
b1101010110 w

#19676000
b1011100001101 y

#19680000
0!
0[

#19685000
1!
b1101010111 ;
1[
b1101010111 w

#19686000
b1011100010000 y

#19690000
0!
0[

#19695000
1!
b1101011000 ;
1[
b1101011000 w

#19696000
b1011100010011 y

#19700000
0!
0[

#19705000
1!
b1101011001 ;
1[
b1101011001 w

#19706000
b1011100010110 y

#19710000
0!
0[

#19715000
1!
b1101011010 ;
1[
b1101011010 w

#19716000
b1011100011001 y

#19720000
0!
0[

#19725000
1!
b1101011011 ;
1[
b1101011011 w

#19726000
b1011100011100 y

#19730000
0!
0[

#19735000
1!
b1101011100 ;
1[
b1101011100 w

#19736000
b1011100011111 y

#19740000
0!
0[

#19745000
1!
b1101011101 ;
1[
b1101011101 w

#19746000
b1011100100010 y

#19750000
0!
0[

#19755000
1!
b1101011110 ;
1[
b1101011110 w

#19756000
b1011100100101 y

#19760000
0!
0[

#19765000
1!
b1101011111 ;
1[
b1101011111 w

#19766000
b1011100101000 y

#19770000
0!
0[

#19775000
1!
b1101100000 ;
1[
b1101100000 w

#19776000
b1011100101011 y

#19780000
0!
0[

#19785000
1!
b1101100001 ;
1[
b1101100001 w

#19786000
b1011100101110 y

#19790000
0!
0[

#19795000
1!
b1101100010 ;
1[
b1101100010 w

#19796000
b1011100110001 y

#19800000
0!
0[

#19805000
1!
b1101100011 ;
1[
b1101100011 w

#19806000
b1011100110100 y

#19810000
0!
0[

#19815000
1!
b1101100100 ;
1[
b1101100100 w

#19816000
b1011100110111 y

#19820000
0!
0[

#19825000
1!
b1101100101 ;
1[
b1101100101 w

#19826000
b1011100111010 y

#19830000
0!
0[

#19835000
1!
b1101100110 ;
1[
b1101100110 w

#19836000
b1011100111101 y

#19840000
0!
0[

#19845000
1!
b1101100111 ;
1[
b1101100111 w

#19846000
b1011101000000 y

#19850000
0!
0[

#19855000
1!
b1101101000 ;
1[
b1101101000 w

#19856000
b1011101000011 y

#19860000
0!
0[

#19865000
1!
b1101101001 ;
1[
b1101101001 w

#19866000
b1011101000110 y

#19870000
0!
0[

#19875000
1!
b1101101010 ;
1[
b1101101010 w

#19876000
b1011101001001 y

#19880000
0!
0[

#19885000
1!
b1101101011 ;
1[
b1101101011 w

#19886000
b1011101001100 y

#19890000
0!
0[

#19895000
1!
b1101101100 ;
1[
b1101101100 w

#19896000
b1011101001111 y

#19900000
0!
0[

#19905000
1!
b1101101101 ;
1[
b1101101101 w

#19906000
b1011101010010 y

#19910000
0!
0[

#19915000
1!
b1101101110 ;
1[
b1101101110 w

#19916000
b1011101010101 y

#19920000
0!
0[

#19925000
1!
b1101101111 ;
1[
b1101101111 w

#19926000
b1011101011000 y

#19930000
0!
0[

#19935000
1!
b1101110000 ;
1[
b1101110000 w

#19936000
b1011101011011 y

#19940000
0!
0[

#19945000
1!
b1101110001 ;
1[
b1101110001 w

#19946000
b1011101011110 y

#19950000
0!
0[

#19955000
1!
b1101110010 ;
1[
b1101110010 w

#19956000
b1011101100001 y

#19960000
0!
0[

#19965000
1!
b1101110011 ;
1[
b1101110011 w

#19966000
b1011101100100 y

#19970000
0!
0[

#19975000
1!
b1101110100 ;
1[
b1101110100 w

#19976000
b1011101100111 y

#19980000
0!
0[

#19985000
1!
b1101110101 ;
1[
b1101110101 w

#19986000
b1011101101010 y

#19990000
0!
0[

#19995000
1!
b1101110110 ;
1[
b1101110110 w

#19996000
b1011101101101 y

#20000000
0!
0[

#20005000
1!
b1101110111 ;
1[
b1101110111 w

#20006000
b1011101110000 y

#20010000
0!
0[

#20015000
1!
b1101111000 ;
1[
b1101111000 w

#20016000
b1011101110011 y

#20020000
0!
0[

#20025000
1!
b1101111001 ;
1[
b1101111001 w

#20026000
b1011101110110 y

#20030000
0!
0[

#20035000
1!
b1101111010 ;
1[
b1101111010 w

#20036000
b1011101111001 y

#20040000
0!
0[

#20045000
1!
b1101111011 ;
1[
b1101111011 w

#20046000
b1011101111100 y

#20050000
0!
0[

#20055000
1!
b1101111100 ;
1[
b1101111100 w

#20056000
b1011101111111 y

#20060000
0!
0[

#20065000
1!
b1101111101 ;
1[
b1101111101 w

#20066000
b1011110000010 y

#20070000
0!
0[

#20075000
1!
b1101111110 ;
1[
b1101111110 w

#20076000
b1011110000101 y

#20080000
0!
0[

#20085000
1!
b1101111111 ;
1[
b1101111111 w

#20086000
b1011110001000 y

#20090000
0!
0[

#20095000
1!
b1110000000 ;
1[
b1110000000 w

#20096000
b1011110001011 y

#20100000
0!
0[

#20105000
1!
b1110000001 ;
1[
b1110000001 w

#20106000
b1011110001110 y

#20110000
0!
0[

#20115000
1!
b1110000010 ;
1[
b1110000010 w

#20116000
b1011110010001 y

#20120000
0!
0[

#20125000
1!
b1110000011 ;
1[
b1110000011 w

#20126000
b1011110010100 y

#20130000
0!
0[

#20135000
1!
b1110000100 ;
1[
b1110000100 w

#20136000
b1011110010111 y

#20140000
0!
0[

#20145000
1!
b1110000101 ;
1[
b1110000101 w

#20146000
b1011110011010 y

#20150000
0!
0[

#20155000
1!
b1110000110 ;
1[
b1110000110 w

#20156000
b1011110011101 y

#20160000
0!
0[

#20165000
1!
b1110000111 ;
1[
b1110000111 w

#20166000
b1011110100000 y

#20170000
0!
0[

#20175000
1!
b1110001000 ;
1[
b1110001000 w

#20176000
b1011110100011 y

#20180000
0!
0[

#20185000
1!
b1110001001 ;
1[
b1110001001 w

#20186000
b1011110100110 y

#20190000
0!
0[

#20195000
1!
b1110001010 ;
1[
b1110001010 w

#20196000
b1011110101001 y

#20200000
0!
0[

#20205000
1!
b1110001011 ;
1[
b1110001011 w

#20206000
b1011110101100 y

#20210000
0!
0[

#20215000
1!
b1110001100 ;
1[
b1110001100 w

#20216000
b1011110101111 y

#20220000
0!
0[

#20225000
1!
b1110001101 ;
1[
b1110001101 w

#20226000
b1011110110010 y

#20230000
0!
0[

#20235000
1!
b1110001110 ;
1[
b1110001110 w

#20236000
b1011110110101 y

#20240000
0!
0[

#20245000
1!
b1110001111 ;
1[
b1110001111 w

#20246000
b1011110111000 y

#20250000
0!
0[

#20255000
1!
b1110010000 ;
1[
b1110010000 w

#20256000
b1011110111011 y

#20260000
0!
0[

#20265000
1!
b1110010001 ;
1[
b1110010001 w

#20266000
b1011110111110 y

#20270000
0!
0[

#20275000
1!
b1110010010 ;
1[
b1110010010 w

#20276000
b1011111000001 y

#20280000
0!
0[

#20285000
1!
b1110010011 ;
1[
b1110010011 w

#20286000
b1011111000100 y

#20290000
0!
0[

#20295000
1!
b1110010100 ;
1[
b1110010100 w

#20296000
b1011111000111 y

#20300000
0!
0[

#20305000
1!
b1110010101 ;
1[
b1110010101 w

#20306000
b1011111001010 y

#20310000
0!
0[

#20315000
1!
b1110010110 ;
1[
b1110010110 w

#20316000
b1011111001101 y

#20320000
0!
0[

#20325000
1!
b1110010111 ;
1[
b1110010111 w

#20326000
b1011111010000 y

#20330000
0!
0[

#20335000
1!
b1110011000 ;
1[
b1110011000 w

#20336000
b1011111010011 y

#20340000
0!
0[

#20345000
1!
b1110011001 ;
1[
b1110011001 w

#20346000
b1011111010110 y

#20350000
0!
0[

#20355000
1!
b1110011010 ;
1[
b1110011010 w

#20356000
b1011111011001 y

#20360000
0!
0[

#20365000
1!
b1110011011 ;
1[
b1110011011 w

#20366000
b1011111011100 y

#20370000
0!
0[

#20375000
1!
b1110011100 ;
1[
b1110011100 w

#20376000
b1011111011111 y

#20380000
0!
0[

#20385000
1!
b1110011101 ;
1[
b1110011101 w

#20386000
b1011111100010 y

#20390000
0!
0[

#20395000
1!
b1110011110 ;
1[
b1110011110 w

#20396000
b1011111100101 y

#20400000
0!
0[

#20405000
1!
b1110011111 ;
1[
b1110011111 w

#20406000
b1011111101000 y

#20410000
0!
0[

#20415000
1!
b1110100000 ;
1[
b1110100000 w

#20416000
b1011111101011 y

#20420000
0!
0[

#20425000
1!
b1110100001 ;
1[
b1110100001 w

#20426000
b1011111101110 y

#20430000
0!
0[

#20435000
1!
b1110100010 ;
1[
b1110100010 w

#20436000
b1011111110001 y

#20440000
0!
0[

#20445000
1!
b1110100011 ;
1[
b1110100011 w

#20446000
b1011111110100 y

#20450000
0!
0[

#20455000
1!
b1110100100 ;
1[
b1110100100 w

#20456000
b1011111110111 y

#20460000
0!
0[

#20465000
1!
b1110100101 ;
1[
b1110100101 w

#20466000
b1011111111010 y

#20470000
0!
0[

#20475000
1!
b1110100110 ;
1[
b1110100110 w

#20476000
b1011111111101 y

#20480000
0!
0[

#20485000
1!
b1110100111 ;
1[
b1110100111 w

#20486000
b1100000000000 y

#20490000
0!
0[

#20495000
1!
b1110101000 ;
1[
b1110101000 w

#20496000
b1100000000011 y

#20500000
0!
0[

#20505000
1!
b1110101001 ;
1[
b1110101001 w

#20506000
b1100000000110 y

#20510000
0!
0[

#20515000
1!
b1110101010 ;
1[
b1110101010 w

#20516000
b1100000001001 y

#20520000
0!
0[

#20525000
1!
b1110101011 ;
1[
b1110101011 w

#20526000
b1100000001100 y

#20530000
0!
0[

#20535000
1!
b1110101100 ;
1[
b1110101100 w

#20536000
b1100000001111 y

#20540000
0!
0[

#20545000
1!
b1110101101 ;
1[
b1110101101 w

#20546000
b1100000010010 y

#20550000
0!
0[

#20555000
1!
b1110101110 ;
1[
b1110101110 w

#20556000
b1100000010101 y

#20560000
0!
0[

#20565000
1!
b1110101111 ;
1[
b1110101111 w

#20566000
b1100000011000 y

#20570000
0!
0[

#20575000
1!
b1110110000 ;
1[
b1110110000 w

#20576000
b1100000011011 y

#20580000
0!
0[

#20585000
1!
b1110110001 ;
1[
b1110110001 w

#20586000
b1100000011110 y

#20590000
0!
0[

#20595000
1!
b1110110010 ;
1[
b1110110010 w

#20596000
b1100000100001 y

#20600000
0!
0[

#20605000
1!
b1110110011 ;
1[
b1110110011 w

#20606000
b1100000100100 y

#20610000
0!
0[

#20615000
1!
b1110110100 ;
1[
b1110110100 w

#20616000
b1100000100111 y

#20620000
0!
0[

#20625000
1!
b1110110101 ;
1[
b1110110101 w

#20626000
b1100000101010 y

#20630000
0!
0[

#20635000
1!
b1110110110 ;
1[
b1110110110 w

#20636000
b1100000101101 y

#20640000
0!
0[

#20645000
1!
b1110110111 ;
1[
b1110110111 w

#20646000
b1100000110000 y

#20650000
0!
0[

#20655000
1!
b1110111000 ;
1[
b1110111000 w

#20656000
b1100000110011 y

#20660000
0!
0[

#20665000
1!
b1110111001 ;
1[
b1110111001 w

#20666000
b1100000110110 y

#20670000
0!
0[

#20675000
1!
b1110111010 ;
1[
b1110111010 w

#20676000
b1100000111001 y

#20680000
0!
0[

#20685000
1!
b1110111011 ;
1[
b1110111011 w

#20686000
b1100000111100 y

#20690000
0!
0[

#20695000
1!
b1110111100 ;
1[
b1110111100 w

#20696000
b1100000111111 y

#20700000
0!
0[

#20705000
1!
b1110111101 ;
1[
b1110111101 w

#20706000
b1100001000010 y

#20710000
0!
0[

#20715000
1!
b1110111110 ;
1[
b1110111110 w

#20716000
b1100001000101 y

#20720000
0!
0[

#20725000
1!
b1110111111 ;
1[
b1110111111 w

#20726000
b1100001001000 y

#20730000
0!
0[

#20735000
1!
b1111000000 ;
1[
b1111000000 w

#20736000
b1100001001011 y

#20740000
0!
0[

#20745000
1!
b1111000001 ;
1[
b1111000001 w

#20746000
b1100001001110 y

#20750000
0!
0[

#20755000
1!
b1111000010 ;
1[
b1111000010 w

#20756000
b1100001010001 y

#20760000
0!
0[

#20765000
1!
b1111000011 ;
1[
b1111000011 w

#20766000
b1100001010100 y

#20770000
0!
0[

#20775000
1!
b1111000100 ;
1[
b1111000100 w

#20776000
b1100001010111 y

#20780000
0!
0[

#20785000
1!
b1111000101 ;
1[
b1111000101 w

#20786000
b1100001011010 y

#20790000
0!
0[

#20795000
1!
b1111000110 ;
1[
b1111000110 w

#20796000
b1100001011101 y

#20800000
0!
0[

#20805000
1!
b1111000111 ;
1[
b1111000111 w

#20806000
b1100001100000 y

#20810000
0!
0[

#20815000
1!
b1111001000 ;
1[
b1111001000 w

#20816000
b1100001100011 y

#20820000
0!
0[

#20825000
1!
b1111001001 ;
1[
b1111001001 w

#20826000
b1100001100110 y

#20830000
0!
0[

#20835000
1!
b1111001010 ;
1[
b1111001010 w

#20836000
b1100001101001 y

#20840000
0!
0[

#20845000
1!
b1111001011 ;
1[
b1111001011 w

#20846000
b1100001101100 y

#20850000
0!
0[

#20855000
1!
b1111001100 ;
1[
b1111001100 w

#20856000
b1100001101111 y

#20860000
0!
0[

#20865000
1!
b1111001101 ;
1[
b1111001101 w

#20866000
b1100001110010 y

#20870000
0!
0[

#20875000
1!
b1111001110 ;
1[
b1111001110 w

#20876000
b1100001110101 y

#20880000
0!
0[

#20885000
1!
b1111001111 ;
1[
b1111001111 w

#20886000
b1100001111000 y

#20890000
0!
0[

#20895000
1!
b1111010000 ;
1[
b1111010000 w

#20896000
b1100001111011 y

#20900000
0!
0[

#20905000
1!
b1111010001 ;
1[
b1111010001 w

#20906000
b1100001111110 y

#20910000
0!
0[

#20915000
1!
b1111010010 ;
1[
b1111010010 w

#20916000
b1100010000001 y

#20920000
0!
0[

#20925000
1!
b1111010011 ;
1[
b1111010011 w

#20926000
b1100010000100 y

#20930000
0!
0[

#20935000
1!
b1111010100 ;
1[
b1111010100 w

#20936000
b1100010000111 y

#20940000
0!
0[

#20945000
1!
b1111010101 ;
1[
b1111010101 w

#20946000
b1100010001010 y

#20950000
0!
0[

#20955000
1!
b1111010110 ;
1[
b1111010110 w

#20956000
b1100010001101 y

#20960000
0!
0[

#20965000
1!
b1111010111 ;
1[
b1111010111 w

#20966000
b1100010010000 y

#20970000
0!
0[

#20975000
1!
b1111011000 ;
1[
b1111011000 w

#20976000
b1100010010011 y

#20980000
0!
0[

#20985000
1!
b1111011001 ;
1[
b1111011001 w

#20986000
b1100010010110 y

#20990000
0!
0[

#20995000
1!
b1111011010 ;
1[
b1111011010 w

#20996000
b1100010011001 y

#21000000
0!
0[

#21005000
1!
b1111011011 ;
1[
b1111011011 w

#21006000
b1100010011100 y

#21010000
0!
0[

#21015000
1!
b1111011100 ;
1[
b1111011100 w

#21016000
b1100010011111 y

#21020000
0!
0[

#21025000
1!
b1111011101 ;
1[
b1111011101 w

#21026000
b1100010100010 y

#21030000
0!
0[

#21035000
1!
b1111011110 ;
1[
b1111011110 w

#21036000
b1100010100101 y

#21040000
0!
0[

#21045000
1!
b1111011111 ;
1[
b1111011111 w

#21046000
b1100010101000 y

#21050000
0!
0[

#21055000
1!
b1111100000 ;
1[
b1111100000 w

#21056000
b1100010101011 y

#21060000
0!
0[

#21065000
1!
b1111100001 ;
1[
b1111100001 w

#21066000
b1100010101110 y

#21070000
0!
0[

#21075000
1!
b1111100010 ;
1[
b1111100010 w

#21076000
b1100010110001 y

#21080000
0!
0[

#21085000
1!
b1111100011 ;
1[
b1111100011 w

#21086000
b1100010110100 y

#21090000
0!
0[

#21095000
1!
b1111100100 ;
1[
b1111100100 w

#21096000
b1100010110111 y

#21100000
0!
0[

#21105000
1!
b1111100101 ;
1[
b1111100101 w

#21106000
b1100010111010 y

#21110000
0!
0[

#21115000
1!
b1111100110 ;
1[
b1111100110 w

#21116000
b1100010111101 y

#21120000
0!
b10 X
0[
b1100010111110 y

#21125000
1!
b1 :
b1111100111 ;
1[
b1 v
b1111100111 w

#21126000
b1100011000001 y

#21130000
0!
1,
b10 -
b10 :
1=
0[
1c
b10 g
b10 v
1x

#21135000
1!
b10010 6
b10 7
b0 ;
1[
b10010 r
b10 t
b0 w

#21136000
b1100011000100 y

#21140000
0!
0,
0=
b1101 X
0[
0c
0x
b1100011000101 y

#21145000
1!
b1 ;
1[
b1 w

#21146000
b1100011001000 y

#21150000
0!
1,
b1101 -
0<
0=
0[
1c
b1101 g
0x

#21155000
1!
b10 ;
1[
b10 w

#21156000
b1100011001011 y

#21160000
0!
0,
b1100 X
0[
0c
b1100011001100 y

#21165000
1!
b11 ;
1[
b11 w

#21166000
b1100011001111 y

#21170000
0!
1,
b1100 -
b1 :
1=
0[
1c
b1100 g
b1 v
1x

#21175000
1!
b1 5
b0 6
b0 7
b0 ;
1[
b0 r
b1 s
b0 t
b0 w

#21176000
b1 &!
b1100011010010 y

#21180000
0!
0,
0=
b100 R
0[
0c
0x

#21185000
1!
1[

#21186000
b1100011010101 y

#21190000
0!
0[

#21195000
1!
1[

#21196000
b1100011011000 y

#21200000
0!
0[

#21205000
1!
1[

#21206000
b1100011011011 y

#21210000
0!
0[

#21215000
1!
1[

#21216000
b1100011011110 y

#21220000
0!
b101001011100100 !!
b11 R
b110 S
0[
b110 j

#21225000
1!
1[

#21226000
b1100011100001 y

#21230000
0!
0[

#21235000
1!
1[

#21236000
b1100011100100 y

#21240000
0!
0[

#21245000
1!
1[

#21246000
b1100011100111 y

#21250000
0!
0T
1U
0[

#21255000
1!
1[

#21256000
b1100011101010 y

#21260000
0!
1'
b101 :
0[
1`
b101 v

#21265000
1!
b101 5
1[
b101 s

#21266000
b101 &!
b1100011101101 y

#21270000
0!
0'
b101 X
0[
0`

#21275000
1!
b1 ;
1[
b1 w

#21276000
b1100011110000 y

#21280000
0!
1,
b101 -
1<
1=
0[
1c
b101 g
1x

#21285000
1!
b101 6
b1 7
b0 ;
1[
b101 r
b1 t
b0 w

#21286000
b1100011110011 y

#21290000
0!
0,
0=
b1010 X
0[
0c
0x

#21295000
1!
b1 ;
1[
b1 w

#21296000
b1100011110110 y

#21300000
0!
1,
b1010 -
0<
1=
0[
1c
b1010 g
1x

#21305000
1!
b0 ;
1[
b0 w

#21306000
b1100011111001 y

#21310000
0!
0,
0=
b1001 X
0[
0c
0x
b1100011111010 y

#21315000
1!
b1 ;
1[
b1 w

#21316000
b1100011111101 y

#21320000
0!
1,
b1001 -
1<
1=
0[
1c
b1001 g
1x

#21325000
1!
b1011001 6
b10 7
b0 ;
1[
b1011001 r
b10 t
b0 w

#21326000
b1100100000000 y

#21330000
0!
0,
0=
b1011 X
0[
0c
0x

#21335000
1!
b1 ;
1[
b1 w

#21336000
b1100100000011 y

#21340000
0!
1,
b1011 -
0<
1=
0[
1c
b1011 g
1x

#21345000
1!
b101 6
b1 7
b0 ;
1[
b101 r
b1 t
b0 w

#21346000
b1100100000110 y

#21350000
0!
0,
0=
b110 X
0[
0c
0x

#21355000
1!
b1 ;
1[
b1 w

#21356000
b1100100001001 y

#21360000
0!
1,
b110 -
1<
1=
0[
1c
b110 g
1x

#21365000
1!
b1010110 6
b10 7
b0 ;
1[
b1010110 r
b10 t
b0 w

#21366000
b1100100001100 y

#21370000
0!
0,
0=
b1100 X
0[
0c
0x
b1100100001101 y

#21375000
1!
b1 ;
1[
b1 w

#21376000
b1100100010000 y

#21380000
0!
1,
b1100 -
b1 :
0<
1=
0[
1c
b1100 g
b1 v
1x

#21385000
1!
b1 5
b0 6
b0 7
b0 ;
1[
b0 r
b1 s
b0 t
b0 w

#21386000
b1 &!
b1100100010011 y

#21390000
0!
0,
0=
b100 R
0[
0c
0x
b1100100010100 y

#21395000
1!
1[

#21396000
b1100100010111 y

#21400000
0!
0[

#21405000
1!
1[

#21406000
b1100100011010 y

#21410000
0!
0[

#21415000
1!
1[

#21416000
b1100100011101 y

#21420000
0!
0[

#21425000
1!
1[

#21426000
b1100100100000 y

#21430000
0!
b101001110110110 !!
b11 R
b111 S
0[
b111 j

#21435000
1!
1[

#21436000
b1100100100011 y

#21440000
0!
0[

#21445000
1!
1[

#21446000
b1100100100110 y

#21450000
0!
0[

#21455000
1!
1[

#21456000
b1100100101001 y

#21460000
0!
0[

#21465000
1!
1[

#21466000
b1100100101100 y

#21470000
0!
1'
b101 :
0[
1`
b101 v

#21475000
1!
b101 5
1[
b101 s

#21476000
b101 &!
b1100100101111 y

#21480000
0!
0'
b101 X
0[
0`

#21485000
1!
b1 ;
1[
b1 w

#21486000
b1100100110010 y

#21490000
0!
1,
b101 -
1<
1=
0[
1c
b101 g
1x

#21495000
1!
b101 6
b1 7
b0 ;
1[
b101 r
b1 t
b0 w

#21496000
b1100100110101 y

#21500000
0!
0,
0=
b1111100111 Z
0[
0c
0x

#21505000
1!
b1 ;
1[
b1 w

#21506000
b1100100111000 y

#21510000
0!
0[

#21515000
1!
b10 ;
1[
b10 w

#21516000
b1100100111011 y

#21520000
0!
0[

#21525000
1!
b11 ;
1[
b11 w

#21526000
b1100100111110 y

#21530000
0!
0[

#21535000
1!
b100 ;
1[
b100 w

#21536000
b1100101000001 y

#21540000
0!
0[

#21545000
1!
b101 ;
1[
b101 w

#21546000
b1100101000100 y

#21550000
0!
0[

#21555000
1!
b110 ;
1[
b110 w

#21556000
b1100101000111 y

#21560000
0!
0[

#21565000
1!
b111 ;
1[
b111 w

#21566000
b1100101001010 y

#21570000
0!
0[

#21575000
1!
b1000 ;
1[
b1000 w

#21576000
b1100101001101 y

#21580000
0!
0[

#21585000
1!
b1001 ;
1[
b1001 w

#21586000
b1100101010000 y

#21590000
0!
0[

#21595000
1!
b1010 ;
1[
b1010 w

#21596000
b1100101010011 y

#21600000
0!
0[

#21605000
1!
b1011 ;
1[
b1011 w

#21606000
b1100101010110 y

#21610000
0!
0[

#21615000
1!
b1100 ;
1[
b1100 w

#21616000
b1100101011001 y

#21620000
0!
0[

#21625000
1!
b1101 ;
1[
b1101 w

#21626000
b1100101011100 y

#21630000
0!
0[

#21635000
1!
b1110 ;
1[
b1110 w

#21636000
b1100101011111 y

#21640000
0!
0[

#21645000
1!
b1111 ;
1[
b1111 w

#21646000
b1100101100010 y

#21650000
0!
0[

#21655000
1!
b10000 ;
1[
b10000 w

#21656000
b1100101100101 y

#21660000
0!
0[

#21665000
1!
b10001 ;
1[
b10001 w

#21666000
b1100101101000 y

#21670000
0!
0[

#21675000
1!
b10010 ;
1[
b10010 w

#21676000
b1100101101011 y

#21680000
0!
0[

#21685000
1!
b10011 ;
1[
b10011 w

#21686000
b1100101101110 y

#21690000
0!
0[

#21695000
1!
b10100 ;
1[
b10100 w

#21696000
b1100101110001 y

#21700000
0!
0[

#21705000
1!
b10101 ;
1[
b10101 w

#21706000
b1100101110100 y

#21710000
0!
0[

#21715000
1!
b10110 ;
1[
b10110 w

#21716000
b1100101110111 y

#21720000
0!
0[

#21725000
1!
b10111 ;
1[
b10111 w

#21726000
b1100101111010 y

#21730000
0!
0[

#21735000
1!
b11000 ;
1[
b11000 w

#21736000
b1100101111101 y

#21740000
0!
0[

#21745000
1!
b11001 ;
1[
b11001 w

#21746000
b1100110000000 y

#21750000
0!
0[

#21755000
1!
b11010 ;
1[
b11010 w

#21756000
b1100110000011 y

#21760000
0!
0[

#21765000
1!
b11011 ;
1[
b11011 w

#21766000
b1100110000110 y

#21770000
0!
0[

#21775000
1!
b11100 ;
1[
b11100 w

#21776000
b1100110001001 y

#21780000
0!
0[

#21785000
1!
b11101 ;
1[
b11101 w

#21786000
b1100110001100 y

#21790000
0!
0[

#21795000
1!
b11110 ;
1[
b11110 w

#21796000
b1100110001111 y

#21800000
0!
0[

#21805000
1!
b11111 ;
1[
b11111 w

#21806000
b1100110010010 y

#21810000
0!
0[

#21815000
1!
b100000 ;
1[
b100000 w

#21816000
b1100110010101 y

#21820000
0!
0[

#21825000
1!
b100001 ;
1[
b100001 w

#21826000
b1100110011000 y

#21830000
0!
0[

#21835000
1!
b100010 ;
1[
b100010 w

#21836000
b1100110011011 y

#21840000
0!
0[

#21845000
1!
b100011 ;
1[
b100011 w

#21846000
b1100110011110 y

#21850000
0!
0[

#21855000
1!
b100100 ;
1[
b100100 w

#21856000
b1100110100001 y

#21860000
0!
0[

#21865000
1!
b100101 ;
1[
b100101 w

#21866000
b1100110100100 y

#21870000
0!
0[

#21875000
1!
b100110 ;
1[
b100110 w

#21876000
b1100110100111 y

#21880000
0!
0[

#21885000
1!
b100111 ;
1[
b100111 w

#21886000
b1100110101010 y

#21890000
0!
0[

#21895000
1!
b101000 ;
1[
b101000 w

#21896000
b1100110101101 y

#21900000
0!
0[

#21905000
1!
b101001 ;
1[
b101001 w

#21906000
b1100110110000 y

#21910000
0!
0[

#21915000
1!
b101010 ;
1[
b101010 w

#21916000
b1100110110011 y

#21920000
0!
0[

#21925000
1!
b101011 ;
1[
b101011 w

#21926000
b1100110110110 y

#21930000
0!
0[

#21935000
1!
b101100 ;
1[
b101100 w

#21936000
b1100110111001 y

#21940000
0!
0[

#21945000
1!
b101101 ;
1[
b101101 w

#21946000
b1100110111100 y

#21950000
0!
0[

#21955000
1!
b101110 ;
1[
b101110 w

#21956000
b1100110111111 y

#21960000
0!
0[

#21965000
1!
b101111 ;
1[
b101111 w

#21966000
b1100111000010 y

#21970000
0!
0[

#21975000
1!
b110000 ;
1[
b110000 w

#21976000
b1100111000101 y

#21980000
0!
0[

#21985000
1!
b110001 ;
1[
b110001 w

#21986000
b1100111001000 y

#21990000
0!
0[

#21995000
1!
b110010 ;
1[
b110010 w

#21996000
b1100111001011 y

#22000000
0!
0[

#22005000
1!
b110011 ;
1[
b110011 w

#22006000
b1100111001110 y

#22010000
0!
0[

#22015000
1!
b110100 ;
1[
b110100 w

#22016000
b1100111010001 y

#22020000
0!
0[

#22025000
1!
b110101 ;
1[
b110101 w

#22026000
b1100111010100 y

#22030000
0!
0[

#22035000
1!
b110110 ;
1[
b110110 w

#22036000
b1100111010111 y

#22040000
0!
0[

#22045000
1!
b110111 ;
1[
b110111 w

#22046000
b1100111011010 y

#22050000
0!
0[

#22055000
1!
b111000 ;
1[
b111000 w

#22056000
b1100111011101 y

#22060000
0!
0[

#22065000
1!
b111001 ;
1[
b111001 w

#22066000
b1100111100000 y

#22070000
0!
0[

#22075000
1!
b111010 ;
1[
b111010 w

#22076000
b1100111100011 y

#22080000
0!
0[

#22085000
1!
b111011 ;
1[
b111011 w

#22086000
b1100111100110 y

#22090000
0!
0[

#22095000
1!
b111100 ;
1[
b111100 w

#22096000
b1100111101001 y

#22100000
0!
0[

#22105000
1!
b111101 ;
1[
b111101 w

#22106000
b1100111101100 y

#22110000
0!
0[

#22115000
1!
b111110 ;
1[
b111110 w

#22116000
b1100111101111 y

#22120000
0!
0[

#22125000
1!
b111111 ;
1[
b111111 w

#22126000
b1100111110010 y

#22130000
0!
0[

#22135000
1!
b1000000 ;
1[
b1000000 w

#22136000
b1100111110101 y

#22140000
0!
0[

#22145000
1!
b1000001 ;
1[
b1000001 w

#22146000
b1100111111000 y

#22150000
0!
0[

#22155000
1!
b1000010 ;
1[
b1000010 w

#22156000
b1100111111011 y

#22160000
0!
0[

#22165000
1!
b1000011 ;
1[
b1000011 w

#22166000
b1100111111110 y

#22170000
0!
0[

#22175000
1!
b1000100 ;
1[
b1000100 w

#22176000
b1101000000001 y

#22180000
0!
0[

#22185000
1!
b1000101 ;
1[
b1000101 w

#22186000
b1101000000100 y

#22190000
0!
0[

#22195000
1!
b1000110 ;
1[
b1000110 w

#22196000
b1101000000111 y

#22200000
0!
0[

#22205000
1!
b1000111 ;
1[
b1000111 w

#22206000
b1101000001010 y

#22210000
0!
0[

#22215000
1!
b1001000 ;
1[
b1001000 w

#22216000
b1101000001101 y

#22220000
0!
0[

#22225000
1!
b1001001 ;
1[
b1001001 w

#22226000
b1101000010000 y

#22230000
0!
0[

#22235000
1!
b1001010 ;
1[
b1001010 w

#22236000
b1101000010011 y

#22240000
0!
0[

#22245000
1!
b1001011 ;
1[
b1001011 w

#22246000
b1101000010110 y

#22250000
0!
0[

#22255000
1!
b1001100 ;
1[
b1001100 w

#22256000
b1101000011001 y

#22260000
0!
0[

#22265000
1!
b1001101 ;
1[
b1001101 w

#22266000
b1101000011100 y

#22270000
0!
0[

#22275000
1!
b1001110 ;
1[
b1001110 w

#22276000
b1101000011111 y

#22280000
0!
0[

#22285000
1!
b1001111 ;
1[
b1001111 w

#22286000
b1101000100010 y

#22290000
0!
0[

#22295000
1!
b1010000 ;
1[
b1010000 w

#22296000
b1101000100101 y

#22300000
0!
0[

#22305000
1!
b1010001 ;
1[
b1010001 w

#22306000
b1101000101000 y

#22310000
0!
0[

#22315000
1!
b1010010 ;
1[
b1010010 w

#22316000
b1101000101011 y

#22320000
0!
0[

#22325000
1!
b1010011 ;
1[
b1010011 w

#22326000
b1101000101110 y

#22330000
0!
0[

#22335000
1!
b1010100 ;
1[
b1010100 w

#22336000
b1101000110001 y

#22340000
0!
0[

#22345000
1!
b1010101 ;
1[
b1010101 w

#22346000
b1101000110100 y

#22350000
0!
0[

#22355000
1!
b1010110 ;
1[
b1010110 w

#22356000
b1101000110111 y

#22360000
0!
0[

#22365000
1!
b1010111 ;
1[
b1010111 w

#22366000
b1101000111010 y

#22370000
0!
0[

#22375000
1!
b1011000 ;
1[
b1011000 w

#22376000
b1101000111101 y

#22380000
0!
0[

#22385000
1!
b1011001 ;
1[
b1011001 w

#22386000
b1101001000000 y

#22390000
0!
0[

#22395000
1!
b1011010 ;
1[
b1011010 w

#22396000
b1101001000011 y

#22400000
0!
0[

#22405000
1!
b1011011 ;
1[
b1011011 w

#22406000
b1101001000110 y

#22410000
0!
0[

#22415000
1!
b1011100 ;
1[
b1011100 w

#22416000
b1101001001001 y

#22420000
0!
0[

#22425000
1!
b1011101 ;
1[
b1011101 w

#22426000
b1101001001100 y

#22430000
0!
0[

#22435000
1!
b1011110 ;
1[
b1011110 w

#22436000
b1101001001111 y

#22440000
0!
0[

#22445000
1!
b1011111 ;
1[
b1011111 w

#22446000
b1101001010010 y

#22450000
0!
0[

#22455000
1!
b1100000 ;
1[
b1100000 w

#22456000
b1101001010101 y

#22460000
0!
0[

#22465000
1!
b1100001 ;
1[
b1100001 w

#22466000
b1101001011000 y

#22470000
0!
0[

#22475000
1!
b1100010 ;
1[
b1100010 w

#22476000
b1101001011011 y

#22480000
0!
0[

#22485000
1!
b1100011 ;
1[
b1100011 w

#22486000
b1101001011110 y

#22490000
0!
0[

#22495000
1!
b1100100 ;
1[
b1100100 w

#22496000
b1101001100001 y

#22500000
0!
0[

#22505000
1!
b1100101 ;
1[
b1100101 w

#22506000
b1101001100100 y

#22510000
0!
0[

#22515000
1!
b1100110 ;
1[
b1100110 w

#22516000
b1101001100111 y

#22520000
0!
0[

#22525000
1!
b1100111 ;
1[
b1100111 w

#22526000
b1101001101010 y

#22530000
0!
0[

#22535000
1!
b1101000 ;
1[
b1101000 w

#22536000
b1101001101101 y

#22540000
0!
0[

#22545000
1!
b1101001 ;
1[
b1101001 w

#22546000
b1101001110000 y

#22550000
0!
0[

#22555000
1!
b1101010 ;
1[
b1101010 w

#22556000
b1101001110011 y

#22560000
0!
0[

#22565000
1!
b1101011 ;
1[
b1101011 w

#22566000
b1101001110110 y

#22570000
0!
0[

#22575000
1!
b1101100 ;
1[
b1101100 w

#22576000
b1101001111001 y

#22580000
0!
0[

#22585000
1!
b1101101 ;
1[
b1101101 w

#22586000
b1101001111100 y

#22590000
0!
0[

#22595000
1!
b1101110 ;
1[
b1101110 w

#22596000
b1101001111111 y

#22600000
0!
0[

#22605000
1!
b1101111 ;
1[
b1101111 w

#22606000
b1101010000010 y

#22610000
0!
0[

#22615000
1!
b1110000 ;
1[
b1110000 w

#22616000
b1101010000101 y

#22620000
0!
0[

#22625000
1!
b1110001 ;
1[
b1110001 w

#22626000
b1101010001000 y

#22630000
0!
0[

#22635000
1!
b1110010 ;
1[
b1110010 w

#22636000
b1101010001011 y

#22640000
0!
0[

#22645000
1!
b1110011 ;
1[
b1110011 w

#22646000
b1101010001110 y

#22650000
0!
0[

#22655000
1!
b1110100 ;
1[
b1110100 w

#22656000
b1101010010001 y

#22660000
0!
0[

#22665000
1!
b1110101 ;
1[
b1110101 w

#22666000
b1101010010100 y

#22670000
0!
0[

#22675000
1!
b1110110 ;
1[
b1110110 w

#22676000
b1101010010111 y

#22680000
0!
0[

#22685000
1!
b1110111 ;
1[
b1110111 w

#22686000
b1101010011010 y

#22690000
0!
0[

#22695000
1!
b1111000 ;
1[
b1111000 w

#22696000
b1101010011101 y

#22700000
0!
0[

#22705000
1!
b1111001 ;
1[
b1111001 w

#22706000
b1101010100000 y

#22710000
0!
0[

#22715000
1!
b1111010 ;
1[
b1111010 w

#22716000
b1101010100011 y

#22720000
0!
0[

#22725000
1!
b1111011 ;
1[
b1111011 w

#22726000
b1101010100110 y

#22730000
0!
0[

#22735000
1!
b1111100 ;
1[
b1111100 w

#22736000
b1101010101001 y

#22740000
0!
0[

#22745000
1!
b1111101 ;
1[
b1111101 w

#22746000
b1101010101100 y

#22750000
0!
0[

#22755000
1!
b1111110 ;
1[
b1111110 w

#22756000
b1101010101111 y

#22760000
0!
0[

#22765000
1!
b1111111 ;
1[
b1111111 w

#22766000
b1101010110010 y

#22770000
0!
0[

#22775000
1!
b10000000 ;
1[
b10000000 w

#22776000
b1101010110101 y

#22780000
0!
0[

#22785000
1!
b10000001 ;
1[
b10000001 w

#22786000
b1101010111000 y

#22790000
0!
0[

#22795000
1!
b10000010 ;
1[
b10000010 w

#22796000
b1101010111011 y

#22800000
0!
0[

#22805000
1!
b10000011 ;
1[
b10000011 w

#22806000
b1101010111110 y

#22810000
0!
0[

#22815000
1!
b10000100 ;
1[
b10000100 w

#22816000
b1101011000001 y

#22820000
0!
0[

#22825000
1!
b10000101 ;
1[
b10000101 w

#22826000
b1101011000100 y

#22830000
0!
0[

#22835000
1!
b10000110 ;
1[
b10000110 w

#22836000
b1101011000111 y

#22840000
0!
0[

#22845000
1!
b10000111 ;
1[
b10000111 w

#22846000
b1101011001010 y

#22850000
0!
0[

#22855000
1!
b10001000 ;
1[
b10001000 w

#22856000
b1101011001101 y

#22860000
0!
0[

#22865000
1!
b10001001 ;
1[
b10001001 w

#22866000
b1101011010000 y

#22870000
0!
0[

#22875000
1!
b10001010 ;
1[
b10001010 w

#22876000
b1101011010011 y

#22880000
0!
0[

#22885000
1!
b10001011 ;
1[
b10001011 w

#22886000
b1101011010110 y

#22890000
0!
0[

#22895000
1!
b10001100 ;
1[
b10001100 w

#22896000
b1101011011001 y

#22900000
0!
0[

#22905000
1!
b10001101 ;
1[
b10001101 w

#22906000
b1101011011100 y

#22910000
0!
0[

#22915000
1!
b10001110 ;
1[
b10001110 w

#22916000
b1101011011111 y

#22920000
0!
0[

#22925000
1!
b10001111 ;
1[
b10001111 w

#22926000
b1101011100010 y

#22930000
0!
0[

#22935000
1!
b10010000 ;
1[
b10010000 w

#22936000
b1101011100101 y

#22940000
0!
0[

#22945000
1!
b10010001 ;
1[
b10010001 w

#22946000
b1101011101000 y

#22950000
0!
0[

#22955000
1!
b10010010 ;
1[
b10010010 w

#22956000
b1101011101011 y

#22960000
0!
0[

#22965000
1!
b10010011 ;
1[
b10010011 w

#22966000
b1101011101110 y

#22970000
0!
0[

#22975000
1!
b10010100 ;
1[
b10010100 w

#22976000
b1101011110001 y

#22980000
0!
0[

#22985000
1!
b10010101 ;
1[
b10010101 w

#22986000
b1101011110100 y

#22990000
0!
0[

#22995000
1!
b10010110 ;
1[
b10010110 w

#22996000
b1101011110111 y

#23000000
0!
0[

#23005000
1!
b10010111 ;
1[
b10010111 w

#23006000
b1101011111010 y

#23010000
0!
0[

#23015000
1!
b10011000 ;
1[
b10011000 w

#23016000
b1101011111101 y

#23020000
0!
0[

#23025000
1!
b10011001 ;
1[
b10011001 w

#23026000
b1101100000000 y

#23030000
0!
0[

#23035000
1!
b10011010 ;
1[
b10011010 w

#23036000
b1101100000011 y

#23040000
0!
0[

#23045000
1!
b10011011 ;
1[
b10011011 w

#23046000
b1101100000110 y

#23050000
0!
0[

#23055000
1!
b10011100 ;
1[
b10011100 w

#23056000
b1101100001001 y

#23060000
0!
0[

#23065000
1!
b10011101 ;
1[
b10011101 w

#23066000
b1101100001100 y

#23070000
0!
0[

#23075000
1!
b10011110 ;
1[
b10011110 w

#23076000
b1101100001111 y

#23080000
0!
0[

#23085000
1!
b10011111 ;
1[
b10011111 w

#23086000
b1101100010010 y

#23090000
0!
0[

#23095000
1!
b10100000 ;
1[
b10100000 w

#23096000
b1101100010101 y

#23100000
0!
0[

#23105000
1!
b10100001 ;
1[
b10100001 w

#23106000
b1101100011000 y

#23110000
0!
0[

#23115000
1!
b10100010 ;
1[
b10100010 w

#23116000
b1101100011011 y

#23120000
0!
0[

#23125000
1!
b10100011 ;
1[
b10100011 w

#23126000
b1101100011110 y

#23130000
0!
0[

#23135000
1!
b10100100 ;
1[
b10100100 w

#23136000
b1101100100001 y

#23140000
0!
0[

#23145000
1!
b10100101 ;
1[
b10100101 w

#23146000
b1101100100100 y

#23150000
0!
0[

#23155000
1!
b10100110 ;
1[
b10100110 w

#23156000
b1101100100111 y

#23160000
0!
0[

#23165000
1!
b10100111 ;
1[
b10100111 w

#23166000
b1101100101010 y

#23170000
0!
0[

#23175000
1!
b10101000 ;
1[
b10101000 w

#23176000
b1101100101101 y

#23180000
0!
0[

#23185000
1!
b10101001 ;
1[
b10101001 w

#23186000
b1101100110000 y

#23190000
0!
0[

#23195000
1!
b10101010 ;
1[
b10101010 w

#23196000
b1101100110011 y

#23200000
0!
0[

#23205000
1!
b10101011 ;
1[
b10101011 w

#23206000
b1101100110110 y

#23210000
0!
0[

#23215000
1!
b10101100 ;
1[
b10101100 w

#23216000
b1101100111001 y

#23220000
0!
0[

#23225000
1!
b10101101 ;
1[
b10101101 w

#23226000
b1101100111100 y

#23230000
0!
0[

#23235000
1!
b10101110 ;
1[
b10101110 w

#23236000
b1101100111111 y

#23240000
0!
0[

#23245000
1!
b10101111 ;
1[
b10101111 w

#23246000
b1101101000010 y

#23250000
0!
0[

#23255000
1!
b10110000 ;
1[
b10110000 w

#23256000
b1101101000101 y

#23260000
0!
0[

#23265000
1!
b10110001 ;
1[
b10110001 w

#23266000
b1101101001000 y

#23270000
0!
0[

#23275000
1!
b10110010 ;
1[
b10110010 w

#23276000
b1101101001011 y

#23280000
0!
0[

#23285000
1!
b10110011 ;
1[
b10110011 w

#23286000
b1101101001110 y

#23290000
0!
0[

#23295000
1!
b10110100 ;
1[
b10110100 w

#23296000
b1101101010001 y

#23300000
0!
0[

#23305000
1!
b10110101 ;
1[
b10110101 w

#23306000
b1101101010100 y

#23310000
0!
0[

#23315000
1!
b10110110 ;
1[
b10110110 w

#23316000
b1101101010111 y

#23320000
0!
0[

#23325000
1!
b10110111 ;
1[
b10110111 w

#23326000
b1101101011010 y

#23330000
0!
0[

#23335000
1!
b10111000 ;
1[
b10111000 w

#23336000
b1101101011101 y

#23340000
0!
0[

#23345000
1!
b10111001 ;
1[
b10111001 w

#23346000
b1101101100000 y

#23350000
0!
0[

#23355000
1!
b10111010 ;
1[
b10111010 w

#23356000
b1101101100011 y

#23360000
0!
0[

#23365000
1!
b10111011 ;
1[
b10111011 w

#23366000
b1101101100110 y

#23370000
0!
0[

#23375000
1!
b10111100 ;
1[
b10111100 w

#23376000
b1101101101001 y

#23380000
0!
0[

#23385000
1!
b10111101 ;
1[
b10111101 w

#23386000
b1101101101100 y

#23390000
0!
0[

#23395000
1!
b10111110 ;
1[
b10111110 w

#23396000
b1101101101111 y

#23400000
0!
0[

#23405000
1!
b10111111 ;
1[
b10111111 w

#23406000
b1101101110010 y

#23410000
0!
0[

#23415000
1!
b11000000 ;
1[
b11000000 w

#23416000
b1101101110101 y

#23420000
0!
0[

#23425000
1!
b11000001 ;
1[
b11000001 w

#23426000
b1101101111000 y

#23430000
0!
0[

#23435000
1!
b11000010 ;
1[
b11000010 w

#23436000
b1101101111011 y

#23440000
0!
0[

#23445000
1!
b11000011 ;
1[
b11000011 w

#23446000
b1101101111110 y

#23450000
0!
0[

#23455000
1!
b11000100 ;
1[
b11000100 w

#23456000
b1101110000001 y

#23460000
0!
0[

#23465000
1!
b11000101 ;
1[
b11000101 w

#23466000
b1101110000100 y

#23470000
0!
0[

#23475000
1!
b11000110 ;
1[
b11000110 w

#23476000
b1101110000111 y

#23480000
0!
0[

#23485000
1!
b11000111 ;
1[
b11000111 w

#23486000
b1101110001010 y

#23490000
0!
0[

#23495000
1!
b11001000 ;
1[
b11001000 w

#23496000
b1101110001101 y

#23500000
0!
0[

#23505000
1!
b11001001 ;
1[
b11001001 w

#23506000
b1101110010000 y

#23510000
0!
0[

#23515000
1!
b11001010 ;
1[
b11001010 w

#23516000
b1101110010011 y

#23520000
0!
0[

#23525000
1!
b11001011 ;
1[
b11001011 w

#23526000
b1101110010110 y

#23530000
0!
0[

#23535000
1!
b11001100 ;
1[
b11001100 w

#23536000
b1101110011001 y

#23540000
0!
0[

#23545000
1!
b11001101 ;
1[
b11001101 w

#23546000
b1101110011100 y

#23550000
0!
0[

#23555000
1!
b11001110 ;
1[
b11001110 w

#23556000
b1101110011111 y

#23560000
0!
0[

#23565000
1!
b11001111 ;
1[
b11001111 w

#23566000
b1101110100010 y

#23570000
0!
0[

#23575000
1!
b11010000 ;
1[
b11010000 w

#23576000
b1101110100101 y

#23580000
0!
0[

#23585000
1!
b11010001 ;
1[
b11010001 w

#23586000
b1101110101000 y

#23590000
0!
0[

#23595000
1!
b11010010 ;
1[
b11010010 w

#23596000
b1101110101011 y

#23600000
0!
0[

#23605000
1!
b11010011 ;
1[
b11010011 w

#23606000
b1101110101110 y

#23610000
0!
0[

#23615000
1!
b11010100 ;
1[
b11010100 w

#23616000
b1101110110001 y

#23620000
0!
0[

#23625000
1!
b11010101 ;
1[
b11010101 w

#23626000
b1101110110100 y

#23630000
0!
0[

#23635000
1!
b11010110 ;
1[
b11010110 w

#23636000
b1101110110111 y

#23640000
0!
0[

#23645000
1!
b11010111 ;
1[
b11010111 w

#23646000
b1101110111010 y

#23650000
0!
0[

#23655000
1!
b11011000 ;
1[
b11011000 w

#23656000
b1101110111101 y

#23660000
0!
0[

#23665000
1!
b11011001 ;
1[
b11011001 w

#23666000
b1101111000000 y

#23670000
0!
0[

#23675000
1!
b11011010 ;
1[
b11011010 w

#23676000
b1101111000011 y

#23680000
0!
0[

#23685000
1!
b11011011 ;
1[
b11011011 w

#23686000
b1101111000110 y

#23690000
0!
0[

#23695000
1!
b11011100 ;
1[
b11011100 w

#23696000
b1101111001001 y

#23700000
0!
0[

#23705000
1!
b11011101 ;
1[
b11011101 w

#23706000
b1101111001100 y

#23710000
0!
0[

#23715000
1!
b11011110 ;
1[
b11011110 w

#23716000
b1101111001111 y

#23720000
0!
0[

#23725000
1!
b11011111 ;
1[
b11011111 w

#23726000
b1101111010010 y

#23730000
0!
0[

#23735000
1!
b11100000 ;
1[
b11100000 w

#23736000
b1101111010101 y

#23740000
0!
0[

#23745000
1!
b11100001 ;
1[
b11100001 w

#23746000
b1101111011000 y

#23750000
0!
0[

#23755000
1!
b11100010 ;
1[
b11100010 w

#23756000
b1101111011011 y

#23760000
0!
0[

#23765000
1!
b11100011 ;
1[
b11100011 w

#23766000
b1101111011110 y

#23770000
0!
0[

#23775000
1!
b11100100 ;
1[
b11100100 w

#23776000
b1101111100001 y

#23780000
0!
0[

#23785000
1!
b11100101 ;
1[
b11100101 w

#23786000
b1101111100100 y

#23790000
0!
0[

#23795000
1!
b11100110 ;
1[
b11100110 w

#23796000
b1101111100111 y

#23800000
0!
0[

#23805000
1!
b11100111 ;
1[
b11100111 w

#23806000
b1101111101010 y

#23810000
0!
0[

#23815000
1!
b11101000 ;
1[
b11101000 w

#23816000
b1101111101101 y

#23820000
0!
0[

#23825000
1!
b11101001 ;
1[
b11101001 w

#23826000
b1101111110000 y

#23830000
0!
0[

#23835000
1!
b11101010 ;
1[
b11101010 w

#23836000
b1101111110011 y

#23840000
0!
0[

#23845000
1!
b11101011 ;
1[
b11101011 w

#23846000
b1101111110110 y

#23850000
0!
0[

#23855000
1!
b11101100 ;
1[
b11101100 w

#23856000
b1101111111001 y

#23860000
0!
0[

#23865000
1!
b11101101 ;
1[
b11101101 w

#23866000
b1101111111100 y

#23870000
0!
0[

#23875000
1!
b11101110 ;
1[
b11101110 w

#23876000
b1101111111111 y

#23880000
0!
0[

#23885000
1!
b11101111 ;
1[
b11101111 w

#23886000
b1110000000010 y

#23890000
0!
0[

#23895000
1!
b11110000 ;
1[
b11110000 w

#23896000
b1110000000101 y

#23900000
0!
0[

#23905000
1!
b11110001 ;
1[
b11110001 w

#23906000
b1110000001000 y

#23910000
0!
0[

#23915000
1!
b11110010 ;
1[
b11110010 w

#23916000
b1110000001011 y

#23920000
0!
0[

#23925000
1!
b11110011 ;
1[
b11110011 w

#23926000
b1110000001110 y

#23930000
0!
0[

#23935000
1!
b11110100 ;
1[
b11110100 w

#23936000
b1110000010001 y

#23940000
0!
0[

#23945000
1!
b11110101 ;
1[
b11110101 w

#23946000
b1110000010100 y

#23950000
0!
0[

#23955000
1!
b11110110 ;
1[
b11110110 w

#23956000
b1110000010111 y

#23960000
0!
0[

#23965000
1!
b11110111 ;
1[
b11110111 w

#23966000
b1110000011010 y

#23970000
0!
0[

#23975000
1!
b11111000 ;
1[
b11111000 w

#23976000
b1110000011101 y

#23980000
0!
0[

#23985000
1!
b11111001 ;
1[
b11111001 w

#23986000
b1110000100000 y

#23990000
0!
0[

#23995000
1!
b11111010 ;
1[
b11111010 w

#23996000
b1110000100011 y

#24000000
0!
0[

#24005000
1!
b11111011 ;
1[
b11111011 w

#24006000
b1110000100110 y

#24010000
0!
0[

#24015000
1!
b11111100 ;
1[
b11111100 w

#24016000
b1110000101001 y

#24020000
0!
0[

#24025000
1!
b11111101 ;
1[
b11111101 w

#24026000
b1110000101100 y

#24030000
0!
0[

#24035000
1!
b11111110 ;
1[
b11111110 w

#24036000
b1110000101111 y

#24040000
0!
0[

#24045000
1!
b11111111 ;
1[
b11111111 w

#24046000
b1110000110010 y

#24050000
0!
0[

#24055000
1!
b100000000 ;
1[
b100000000 w

#24056000
b1110000110101 y

#24060000
0!
0[

#24065000
1!
b100000001 ;
1[
b100000001 w

#24066000
b1110000111000 y

#24070000
0!
0[

#24075000
1!
b100000010 ;
1[
b100000010 w

#24076000
b1110000111011 y

#24080000
0!
0[

#24085000
1!
b100000011 ;
1[
b100000011 w

#24086000
b1110000111110 y

#24090000
0!
0[

#24095000
1!
b100000100 ;
1[
b100000100 w

#24096000
b1110001000001 y

#24100000
0!
0[

#24105000
1!
b100000101 ;
1[
b100000101 w

#24106000
b1110001000100 y

#24110000
0!
0[

#24115000
1!
b100000110 ;
1[
b100000110 w

#24116000
b1110001000111 y

#24120000
0!
0[

#24125000
1!
b100000111 ;
1[
b100000111 w

#24126000
b1110001001010 y

#24130000
0!
0[

#24135000
1!
b100001000 ;
1[
b100001000 w

#24136000
b1110001001101 y

#24140000
0!
0[

#24145000
1!
b100001001 ;
1[
b100001001 w

#24146000
b1110001010000 y

#24150000
0!
0[

#24155000
1!
b100001010 ;
1[
b100001010 w

#24156000
b1110001010011 y

#24160000
0!
0[

#24165000
1!
b100001011 ;
1[
b100001011 w

#24166000
b1110001010110 y

#24170000
0!
0[

#24175000
1!
b100001100 ;
1[
b100001100 w

#24176000
b1110001011001 y

#24180000
0!
0[

#24185000
1!
b100001101 ;
1[
b100001101 w

#24186000
b1110001011100 y

#24190000
0!
0[

#24195000
1!
b100001110 ;
1[
b100001110 w

#24196000
b1110001011111 y

#24200000
0!
0[

#24205000
1!
b100001111 ;
1[
b100001111 w

#24206000
b1110001100010 y

#24210000
0!
0[

#24215000
1!
b100010000 ;
1[
b100010000 w

#24216000
b1110001100101 y

#24220000
0!
0[

#24225000
1!
b100010001 ;
1[
b100010001 w

#24226000
b1110001101000 y

#24230000
0!
0[

#24235000
1!
b100010010 ;
1[
b100010010 w

#24236000
b1110001101011 y

#24240000
0!
0[

#24245000
1!
b100010011 ;
1[
b100010011 w

#24246000
b1110001101110 y

#24250000
0!
0[

#24255000
1!
b100010100 ;
1[
b100010100 w

#24256000
b1110001110001 y

#24260000
0!
0[

#24265000
1!
b100010101 ;
1[
b100010101 w

#24266000
b1110001110100 y

#24270000
0!
0[

#24275000
1!
b100010110 ;
1[
b100010110 w

#24276000
b1110001110111 y

#24280000
0!
0[

#24285000
1!
b100010111 ;
1[
b100010111 w

#24286000
b1110001111010 y

#24290000
0!
0[

#24295000
1!
b100011000 ;
1[
b100011000 w

#24296000
b1110001111101 y

#24300000
0!
0[

#24305000
1!
b100011001 ;
1[
b100011001 w

#24306000
b1110010000000 y

#24310000
0!
0[

#24315000
1!
b100011010 ;
1[
b100011010 w

#24316000
b1110010000011 y

#24320000
0!
0[

#24325000
1!
b100011011 ;
1[
b100011011 w

#24326000
b1110010000110 y

#24330000
0!
0[

#24335000
1!
b100011100 ;
1[
b100011100 w

#24336000
b1110010001001 y

#24340000
0!
0[

#24345000
1!
b100011101 ;
1[
b100011101 w

#24346000
b1110010001100 y

#24350000
0!
0[

#24355000
1!
b100011110 ;
1[
b100011110 w

#24356000
b1110010001111 y

#24360000
0!
0[

#24365000
1!
b100011111 ;
1[
b100011111 w

#24366000
b1110010010010 y

#24370000
0!
0[

#24375000
1!
b100100000 ;
1[
b100100000 w

#24376000
b1110010010101 y

#24380000
0!
0[

#24385000
1!
b100100001 ;
1[
b100100001 w

#24386000
b1110010011000 y

#24390000
0!
0[

#24395000
1!
b100100010 ;
1[
b100100010 w

#24396000
b1110010011011 y

#24400000
0!
0[

#24405000
1!
b100100011 ;
1[
b100100011 w

#24406000
b1110010011110 y

#24410000
0!
0[

#24415000
1!
b100100100 ;
1[
b100100100 w

#24416000
b1110010100001 y

#24420000
0!
0[

#24425000
1!
b100100101 ;
1[
b100100101 w

#24426000
b1110010100100 y

#24430000
0!
0[

#24435000
1!
b100100110 ;
1[
b100100110 w

#24436000
b1110010100111 y

#24440000
0!
0[

#24445000
1!
b100100111 ;
1[
b100100111 w

#24446000
b1110010101010 y

#24450000
0!
0[

#24455000
1!
b100101000 ;
1[
b100101000 w

#24456000
b1110010101101 y

#24460000
0!
0[

#24465000
1!
b100101001 ;
1[
b100101001 w

#24466000
b1110010110000 y

#24470000
0!
0[

#24475000
1!
b100101010 ;
1[
b100101010 w

#24476000
b1110010110011 y

#24480000
0!
0[

#24485000
1!
b100101011 ;
1[
b100101011 w

#24486000
b1110010110110 y

#24490000
0!
0[

#24495000
1!
b100101100 ;
1[
b100101100 w

#24496000
b1110010111001 y

#24500000
0!
0[

#24505000
1!
b100101101 ;
1[
b100101101 w

#24506000
b1110010111100 y

#24510000
0!
0[

#24515000
1!
b100101110 ;
1[
b100101110 w

#24516000
b1110010111111 y

#24520000
0!
0[

#24525000
1!
b100101111 ;
1[
b100101111 w

#24526000
b1110011000010 y

#24530000
0!
0[

#24535000
1!
b100110000 ;
1[
b100110000 w

#24536000
b1110011000101 y

#24540000
0!
0[

#24545000
1!
b100110001 ;
1[
b100110001 w

#24546000
b1110011001000 y

#24550000
0!
0[

#24555000
1!
b100110010 ;
1[
b100110010 w

#24556000
b1110011001011 y

#24560000
0!
0[

#24565000
1!
b100110011 ;
1[
b100110011 w

#24566000
b1110011001110 y

#24570000
0!
0[

#24575000
1!
b100110100 ;
1[
b100110100 w

#24576000
b1110011010001 y

#24580000
0!
0[

#24585000
1!
b100110101 ;
1[
b100110101 w

#24586000
b1110011010100 y

#24590000
0!
0[

#24595000
1!
b100110110 ;
1[
b100110110 w

#24596000
b1110011010111 y

#24600000
0!
0[

#24605000
1!
b100110111 ;
1[
b100110111 w

#24606000
b1110011011010 y

#24610000
0!
0[

#24615000
1!
b100111000 ;
1[
b100111000 w

#24616000
b1110011011101 y

#24620000
0!
0[

#24625000
1!
b100111001 ;
1[
b100111001 w

#24626000
b1110011100000 y

#24630000
0!
0[

#24635000
1!
b100111010 ;
1[
b100111010 w

#24636000
b1110011100011 y

#24640000
0!
0[

#24645000
1!
b100111011 ;
1[
b100111011 w

#24646000
b1110011100110 y

#24650000
0!
0[

#24655000
1!
b100111100 ;
1[
b100111100 w

#24656000
b1110011101001 y

#24660000
0!
0[

#24665000
1!
b100111101 ;
1[
b100111101 w

#24666000
b1110011101100 y

#24670000
0!
0[

#24675000
1!
b100111110 ;
1[
b100111110 w

#24676000
b1110011101111 y

#24680000
0!
0[

#24685000
1!
b100111111 ;
1[
b100111111 w

#24686000
b1110011110010 y

#24690000
0!
0[

#24695000
1!
b101000000 ;
1[
b101000000 w

#24696000
b1110011110101 y

#24700000
0!
0[

#24705000
1!
b101000001 ;
1[
b101000001 w

#24706000
b1110011111000 y

#24710000
0!
0[

#24715000
1!
b101000010 ;
1[
b101000010 w

#24716000
b1110011111011 y

#24720000
0!
0[

#24725000
1!
b101000011 ;
1[
b101000011 w

#24726000
b1110011111110 y

#24730000
0!
0[

#24735000
1!
b101000100 ;
1[
b101000100 w

#24736000
b1110100000001 y

#24740000
0!
0[

#24745000
1!
b101000101 ;
1[
b101000101 w

#24746000
b1110100000100 y

#24750000
0!
0[

#24755000
1!
b101000110 ;
1[
b101000110 w

#24756000
b1110100000111 y

#24760000
0!
0[

#24765000
1!
b101000111 ;
1[
b101000111 w

#24766000
b1110100001010 y

#24770000
0!
0[

#24775000
1!
b101001000 ;
1[
b101001000 w

#24776000
b1110100001101 y

#24780000
0!
0[

#24785000
1!
b101001001 ;
1[
b101001001 w

#24786000
b1110100010000 y

#24790000
0!
0[

#24795000
1!
b101001010 ;
1[
b101001010 w

#24796000
b1110100010011 y

#24800000
0!
0[

#24805000
1!
b101001011 ;
1[
b101001011 w

#24806000
b1110100010110 y

#24810000
0!
0[

#24815000
1!
b101001100 ;
1[
b101001100 w

#24816000
b1110100011001 y

#24820000
0!
0[

#24825000
1!
b101001101 ;
1[
b101001101 w

#24826000
b1110100011100 y

#24830000
0!
0[

#24835000
1!
b101001110 ;
1[
b101001110 w

#24836000
b1110100011111 y

#24840000
0!
0[

#24845000
1!
b101001111 ;
1[
b101001111 w

#24846000
b1110100100010 y

#24850000
0!
0[

#24855000
1!
b101010000 ;
1[
b101010000 w

#24856000
b1110100100101 y

#24860000
0!
0[

#24865000
1!
b101010001 ;
1[
b101010001 w

#24866000
b1110100101000 y

#24870000
0!
0[

#24875000
1!
b101010010 ;
1[
b101010010 w

#24876000
b1110100101011 y

#24880000
0!
0[

#24885000
1!
b101010011 ;
1[
b101010011 w

#24886000
b1110100101110 y

#24890000
0!
0[

#24895000
1!
b101010100 ;
1[
b101010100 w

#24896000
b1110100110001 y

#24900000
0!
0[

#24905000
1!
b101010101 ;
1[
b101010101 w

#24906000
b1110100110100 y

#24910000
0!
0[

#24915000
1!
b101010110 ;
1[
b101010110 w

#24916000
b1110100110111 y

#24920000
0!
0[

#24925000
1!
b101010111 ;
1[
b101010111 w

#24926000
b1110100111010 y

#24930000
0!
0[

#24935000
1!
b101011000 ;
1[
b101011000 w

#24936000
b1110100111101 y

#24940000
0!
0[

#24945000
1!
b101011001 ;
1[
b101011001 w

#24946000
b1110101000000 y

#24950000
0!
0[

#24955000
1!
b101011010 ;
1[
b101011010 w

#24956000
b1110101000011 y

#24960000
0!
0[

#24965000
1!
b101011011 ;
1[
b101011011 w

#24966000
b1110101000110 y

#24970000
0!
0[

#24975000
1!
b101011100 ;
1[
b101011100 w

#24976000
b1110101001001 y

#24980000
0!
0[

#24985000
1!
b101011101 ;
1[
b101011101 w

#24986000
b1110101001100 y

#24990000
0!
0[

#24995000
1!
b101011110 ;
1[
b101011110 w

#24996000
b1110101001111 y

#25000000
0!
0[

#25005000
1!
b101011111 ;
1[
b101011111 w

#25006000
b1110101010010 y

#25010000
0!
0[

#25015000
1!
b101100000 ;
1[
b101100000 w

#25016000
b1110101010101 y

#25020000
0!
0[

#25025000
1!
b101100001 ;
1[
b101100001 w

#25026000
b1110101011000 y

#25030000
0!
0[

#25035000
1!
b101100010 ;
1[
b101100010 w

#25036000
b1110101011011 y

#25040000
0!
0[

#25045000
1!
b101100011 ;
1[
b101100011 w

#25046000
b1110101011110 y

#25050000
0!
0[

#25055000
1!
b101100100 ;
1[
b101100100 w

#25056000
b1110101100001 y

#25060000
0!
0[

#25065000
1!
b101100101 ;
1[
b101100101 w

#25066000
b1110101100100 y

#25070000
0!
0[

#25075000
1!
b101100110 ;
1[
b101100110 w

#25076000
b1110101100111 y

#25080000
0!
0[

#25085000
1!
b101100111 ;
1[
b101100111 w

#25086000
b1110101101010 y

#25090000
0!
0[

#25095000
1!
b101101000 ;
1[
b101101000 w

#25096000
b1110101101101 y

#25100000
0!
0[

#25105000
1!
b101101001 ;
1[
b101101001 w

#25106000
b1110101110000 y

#25110000
0!
0[

#25115000
1!
b101101010 ;
1[
b101101010 w

#25116000
b1110101110011 y

#25120000
0!
0[

#25125000
1!
b101101011 ;
1[
b101101011 w

#25126000
b1110101110110 y

#25130000
0!
0[

#25135000
1!
b101101100 ;
1[
b101101100 w

#25136000
b1110101111001 y

#25140000
0!
0[

#25145000
1!
b101101101 ;
1[
b101101101 w

#25146000
b1110101111100 y

#25150000
0!
0[

#25155000
1!
b101101110 ;
1[
b101101110 w

#25156000
b1110101111111 y

#25160000
0!
0[

#25165000
1!
b101101111 ;
1[
b101101111 w

#25166000
b1110110000010 y

#25170000
0!
0[

#25175000
1!
b101110000 ;
1[
b101110000 w

#25176000
b1110110000101 y

#25180000
0!
0[

#25185000
1!
b101110001 ;
1[
b101110001 w

#25186000
b1110110001000 y

#25190000
0!
0[

#25195000
1!
b101110010 ;
1[
b101110010 w

#25196000
b1110110001011 y

#25200000
0!
0[

#25205000
1!
b101110011 ;
1[
b101110011 w

#25206000
b1110110001110 y

#25210000
0!
0[

#25215000
1!
b101110100 ;
1[
b101110100 w

#25216000
b1110110010001 y

#25220000
0!
0[

#25225000
1!
b101110101 ;
1[
b101110101 w

#25226000
b1110110010100 y

#25230000
0!
0[

#25235000
1!
b101110110 ;
1[
b101110110 w

#25236000
b1110110010111 y

#25240000
0!
0[

#25245000
1!
b101110111 ;
1[
b101110111 w

#25246000
b1110110011010 y

#25250000
0!
0[

#25255000
1!
b101111000 ;
1[
b101111000 w

#25256000
b1110110011101 y

#25260000
0!
0[

#25265000
1!
b101111001 ;
1[
b101111001 w

#25266000
b1110110100000 y

#25270000
0!
0[

#25275000
1!
b101111010 ;
1[
b101111010 w

#25276000
b1110110100011 y

#25280000
0!
0[

#25285000
1!
b101111011 ;
1[
b101111011 w

#25286000
b1110110100110 y

#25290000
0!
0[

#25295000
1!
b101111100 ;
1[
b101111100 w

#25296000
b1110110101001 y

#25300000
0!
0[

#25305000
1!
b101111101 ;
1[
b101111101 w

#25306000
b1110110101100 y

#25310000
0!
0[

#25315000
1!
b101111110 ;
1[
b101111110 w

#25316000
b1110110101111 y

#25320000
0!
0[

#25325000
1!
b101111111 ;
1[
b101111111 w

#25326000
b1110110110010 y

#25330000
0!
0[

#25335000
1!
b110000000 ;
1[
b110000000 w

#25336000
b1110110110101 y

#25340000
0!
0[

#25345000
1!
b110000001 ;
1[
b110000001 w

#25346000
b1110110111000 y

#25350000
0!
0[

#25355000
1!
b110000010 ;
1[
b110000010 w

#25356000
b1110110111011 y

#25360000
0!
0[

#25365000
1!
b110000011 ;
1[
b110000011 w

#25366000
b1110110111110 y

#25370000
0!
0[

#25375000
1!
b110000100 ;
1[
b110000100 w

#25376000
b1110111000001 y

#25380000
0!
0[

#25385000
1!
b110000101 ;
1[
b110000101 w

#25386000
b1110111000100 y

#25390000
0!
0[

#25395000
1!
b110000110 ;
1[
b110000110 w

#25396000
b1110111000111 y

#25400000
0!
0[

#25405000
1!
b110000111 ;
1[
b110000111 w

#25406000
b1110111001010 y

#25410000
0!
0[

#25415000
1!
b110001000 ;
1[
b110001000 w

#25416000
b1110111001101 y

#25420000
0!
0[

#25425000
1!
b110001001 ;
1[
b110001001 w

#25426000
b1110111010000 y

#25430000
0!
0[

#25435000
1!
b110001010 ;
1[
b110001010 w

#25436000
b1110111010011 y

#25440000
0!
0[

#25445000
1!
b110001011 ;
1[
b110001011 w

#25446000
b1110111010110 y

#25450000
0!
0[

#25455000
1!
b110001100 ;
1[
b110001100 w

#25456000
b1110111011001 y

#25460000
0!
0[

#25465000
1!
b110001101 ;
1[
b110001101 w

#25466000
b1110111011100 y

#25470000
0!
0[

#25475000
1!
b110001110 ;
1[
b110001110 w

#25476000
b1110111011111 y

#25480000
0!
0[

#25485000
1!
b110001111 ;
1[
b110001111 w

#25486000
b1110111100010 y

#25490000
0!
0[

#25495000
1!
b110010000 ;
1[
b110010000 w

#25496000
b1110111100101 y

#25500000
0!
0[

#25505000
1!
b110010001 ;
1[
b110010001 w

#25506000
b1110111101000 y

#25510000
0!
0[

#25515000
1!
b110010010 ;
1[
b110010010 w

#25516000
b1110111101011 y

#25520000
0!
0[

#25525000
1!
b110010011 ;
1[
b110010011 w

#25526000
b1110111101110 y

#25530000
0!
0[

#25535000
1!
b110010100 ;
1[
b110010100 w

#25536000
b1110111110001 y

#25540000
0!
0[

#25545000
1!
b110010101 ;
1[
b110010101 w

#25546000
b1110111110100 y

#25550000
0!
0[

#25555000
1!
b110010110 ;
1[
b110010110 w

#25556000
b1110111110111 y

#25560000
0!
0[

#25565000
1!
b110010111 ;
1[
b110010111 w

#25566000
b1110111111010 y

#25570000
0!
0[

#25575000
1!
b110011000 ;
1[
b110011000 w

#25576000
b1110111111101 y

#25580000
0!
0[

#25585000
1!
b110011001 ;
1[
b110011001 w

#25586000
b1111000000000 y

#25590000
0!
0[

#25595000
1!
b110011010 ;
1[
b110011010 w

#25596000
b1111000000011 y

#25600000
0!
0[

#25605000
1!
b110011011 ;
1[
b110011011 w

#25606000
b1111000000110 y

#25610000
0!
0[

#25615000
1!
b110011100 ;
1[
b110011100 w

#25616000
b1111000001001 y

#25620000
0!
0[

#25625000
1!
b110011101 ;
1[
b110011101 w

#25626000
b1111000001100 y

#25630000
0!
0[

#25635000
1!
b110011110 ;
1[
b110011110 w

#25636000
b1111000001111 y

#25640000
0!
0[

#25645000
1!
b110011111 ;
1[
b110011111 w

#25646000
b1111000010010 y

#25650000
0!
0[

#25655000
1!
b110100000 ;
1[
b110100000 w

#25656000
b1111000010101 y

#25660000
0!
0[

#25665000
1!
b110100001 ;
1[
b110100001 w

#25666000
b1111000011000 y

#25670000
0!
0[

#25675000
1!
b110100010 ;
1[
b110100010 w

#25676000
b1111000011011 y

#25680000
0!
0[

#25685000
1!
b110100011 ;
1[
b110100011 w

#25686000
b1111000011110 y

#25690000
0!
0[

#25695000
1!
b110100100 ;
1[
b110100100 w

#25696000
b1111000100001 y

#25700000
0!
0[

#25705000
1!
b110100101 ;
1[
b110100101 w

#25706000
b1111000100100 y

#25710000
0!
0[

#25715000
1!
b110100110 ;
1[
b110100110 w

#25716000
b1111000100111 y

#25720000
0!
0[

#25725000
1!
b110100111 ;
1[
b110100111 w

#25726000
b1111000101010 y

#25730000
0!
0[

#25735000
1!
b110101000 ;
1[
b110101000 w

#25736000
b1111000101101 y

#25740000
0!
0[

#25745000
1!
b110101001 ;
1[
b110101001 w

#25746000
b1111000110000 y

#25750000
0!
0[

#25755000
1!
b110101010 ;
1[
b110101010 w

#25756000
b1111000110011 y

#25760000
0!
0[

#25765000
1!
b110101011 ;
1[
b110101011 w

#25766000
b1111000110110 y

#25770000
0!
0[

#25775000
1!
b110101100 ;
1[
b110101100 w

#25776000
b1111000111001 y

#25780000
0!
0[

#25785000
1!
b110101101 ;
1[
b110101101 w

#25786000
b1111000111100 y

#25790000
0!
0[

#25795000
1!
b110101110 ;
1[
b110101110 w

#25796000
b1111000111111 y

#25800000
0!
0[

#25805000
1!
b110101111 ;
1[
b110101111 w

#25806000
b1111001000010 y

#25810000
0!
0[

#25815000
1!
b110110000 ;
1[
b110110000 w

#25816000
b1111001000101 y

#25820000
0!
0[

#25825000
1!
b110110001 ;
1[
b110110001 w

#25826000
b1111001001000 y

#25830000
0!
0[

#25835000
1!
b110110010 ;
1[
b110110010 w

#25836000
b1111001001011 y

#25840000
0!
0[

#25845000
1!
b110110011 ;
1[
b110110011 w

#25846000
b1111001001110 y

#25850000
0!
0[

#25855000
1!
b110110100 ;
1[
b110110100 w

#25856000
b1111001010001 y

#25860000
0!
0[

#25865000
1!
b110110101 ;
1[
b110110101 w

#25866000
b1111001010100 y

#25870000
0!
0[

#25875000
1!
b110110110 ;
1[
b110110110 w

#25876000
b1111001010111 y

#25880000
0!
0[

#25885000
1!
b110110111 ;
1[
b110110111 w

#25886000
b1111001011010 y

#25890000
0!
0[

#25895000
1!
b110111000 ;
1[
b110111000 w

#25896000
b1111001011101 y

#25900000
0!
0[

#25905000
1!
b110111001 ;
1[
b110111001 w

#25906000
b1111001100000 y

#25910000
0!
0[

#25915000
1!
b110111010 ;
1[
b110111010 w

#25916000
b1111001100011 y

#25920000
0!
0[

#25925000
1!
b110111011 ;
1[
b110111011 w

#25926000
b1111001100110 y

#25930000
0!
0[

#25935000
1!
b110111100 ;
1[
b110111100 w

#25936000
b1111001101001 y

#25940000
0!
0[

#25945000
1!
b110111101 ;
1[
b110111101 w

#25946000
b1111001101100 y

#25950000
0!
0[

#25955000
1!
b110111110 ;
1[
b110111110 w

#25956000
b1111001101111 y

#25960000
0!
0[

#25965000
1!
b110111111 ;
1[
b110111111 w

#25966000
b1111001110010 y

#25970000
0!
0[

#25975000
1!
b111000000 ;
1[
b111000000 w

#25976000
b1111001110101 y

#25980000
0!
0[

#25985000
1!
b111000001 ;
1[
b111000001 w

#25986000
b1111001111000 y

#25990000
0!
0[

#25995000
1!
b111000010 ;
1[
b111000010 w

#25996000
b1111001111011 y

#26000000
0!
0[

#26005000
1!
b111000011 ;
1[
b111000011 w

#26006000
b1111001111110 y

#26010000
0!
0[

#26015000
1!
b111000100 ;
1[
b111000100 w

#26016000
b1111010000001 y

#26020000
0!
0[

#26025000
1!
b111000101 ;
1[
b111000101 w

#26026000
b1111010000100 y

#26030000
0!
0[

#26035000
1!
b111000110 ;
1[
b111000110 w

#26036000
b1111010000111 y

#26040000
0!
0[

#26045000
1!
b111000111 ;
1[
b111000111 w

#26046000
b1111010001010 y

#26050000
0!
0[

#26055000
1!
b111001000 ;
1[
b111001000 w

#26056000
b1111010001101 y

#26060000
0!
0[

#26065000
1!
b111001001 ;
1[
b111001001 w

#26066000
b1111010010000 y

#26070000
0!
0[

#26075000
1!
b111001010 ;
1[
b111001010 w

#26076000
b1111010010011 y

#26080000
0!
0[

#26085000
1!
b111001011 ;
1[
b111001011 w

#26086000
b1111010010110 y

#26090000
0!
0[

#26095000
1!
b111001100 ;
1[
b111001100 w

#26096000
b1111010011001 y

#26100000
0!
0[

#26105000
1!
b111001101 ;
1[
b111001101 w

#26106000
b1111010011100 y

#26110000
0!
0[

#26115000
1!
b111001110 ;
1[
b111001110 w

#26116000
b1111010011111 y

#26120000
0!
0[

#26125000
1!
b111001111 ;
1[
b111001111 w

#26126000
b1111010100010 y

#26130000
0!
0[

#26135000
1!
b111010000 ;
1[
b111010000 w

#26136000
b1111010100101 y

#26140000
0!
0[

#26145000
1!
b111010001 ;
1[
b111010001 w

#26146000
b1111010101000 y

#26150000
0!
0[

#26155000
1!
b111010010 ;
1[
b111010010 w

#26156000
b1111010101011 y

#26160000
0!
0[

#26165000
1!
b111010011 ;
1[
b111010011 w

#26166000
b1111010101110 y

#26170000
0!
0[

#26175000
1!
b111010100 ;
1[
b111010100 w

#26176000
b1111010110001 y

#26180000
0!
0[

#26185000
1!
b111010101 ;
1[
b111010101 w

#26186000
b1111010110100 y

#26190000
0!
0[

#26195000
1!
b111010110 ;
1[
b111010110 w

#26196000
b1111010110111 y

#26200000
0!
0[

#26205000
1!
b111010111 ;
1[
b111010111 w

#26206000
b1111010111010 y

#26210000
0!
0[

#26215000
1!
b111011000 ;
1[
b111011000 w

#26216000
b1111010111101 y

#26220000
0!
0[

#26225000
1!
b111011001 ;
1[
b111011001 w

#26226000
b1111011000000 y

#26230000
0!
0[

#26235000
1!
b111011010 ;
1[
b111011010 w

#26236000
b1111011000011 y

#26240000
0!
0[

#26245000
1!
b111011011 ;
1[
b111011011 w

#26246000
b1111011000110 y

#26250000
0!
0[

#26255000
1!
b111011100 ;
1[
b111011100 w

#26256000
b1111011001001 y

#26260000
0!
0[

#26265000
1!
b111011101 ;
1[
b111011101 w

#26266000
b1111011001100 y

#26270000
0!
0[

#26275000
1!
b111011110 ;
1[
b111011110 w

#26276000
b1111011001111 y

#26280000
0!
0[

#26285000
1!
b111011111 ;
1[
b111011111 w

#26286000
b1111011010010 y

#26290000
0!
0[

#26295000
1!
b111100000 ;
1[
b111100000 w

#26296000
b1111011010101 y

#26300000
0!
0[

#26305000
1!
b111100001 ;
1[
b111100001 w

#26306000
b1111011011000 y

#26310000
0!
0[

#26315000
1!
b111100010 ;
1[
b111100010 w

#26316000
b1111011011011 y

#26320000
0!
0[

#26325000
1!
b111100011 ;
1[
b111100011 w

#26326000
b1111011011110 y

#26330000
0!
0[

#26335000
1!
b111100100 ;
1[
b111100100 w

#26336000
b1111011100001 y

#26340000
0!
0[

#26345000
1!
b111100101 ;
1[
b111100101 w

#26346000
b1111011100100 y

#26350000
0!
0[

#26355000
1!
b111100110 ;
1[
b111100110 w

#26356000
b1111011100111 y

#26360000
0!
0[

#26365000
1!
b111100111 ;
1[
b111100111 w

#26366000
b1111011101010 y

#26370000
0!
0[

#26375000
1!
b111101000 ;
1[
b111101000 w

#26376000
b1111011101101 y

#26380000
0!
0[

#26385000
1!
b111101001 ;
1[
b111101001 w

#26386000
b1111011110000 y

#26390000
0!
0[

#26395000
1!
b111101010 ;
1[
b111101010 w

#26396000
b1111011110011 y

#26400000
0!
0[

#26405000
1!
b111101011 ;
1[
b111101011 w

#26406000
b1111011110110 y

#26410000
0!
0[

#26415000
1!
b111101100 ;
1[
b111101100 w

#26416000
b1111011111001 y

#26420000
0!
0[

#26425000
1!
b111101101 ;
1[
b111101101 w

#26426000
b1111011111100 y

#26430000
0!
0[

#26435000
1!
b111101110 ;
1[
b111101110 w

#26436000
b1111011111111 y

#26440000
0!
0[

#26445000
1!
b111101111 ;
1[
b111101111 w

#26446000
b1111100000010 y

#26450000
0!
0[

#26455000
1!
b111110000 ;
1[
b111110000 w

#26456000
b1111100000101 y

#26460000
0!
0[

#26465000
1!
b111110001 ;
1[
b111110001 w

#26466000
b1111100001000 y

#26470000
0!
0[

#26475000
1!
b111110010 ;
1[
b111110010 w

#26476000
b1111100001011 y

#26480000
0!
0[

#26485000
1!
b111110011 ;
1[
b111110011 w

#26486000
b1111100001110 y

#26490000
0!
0[

#26495000
1!
b111110100 ;
1[
b111110100 w

#26496000
b1111100010001 y

#26500000
0!
0[

#26505000
1!
b111110101 ;
1[
b111110101 w

#26506000
b1111100010100 y

#26510000
0!
0[

#26515000
1!
b111110110 ;
1[
b111110110 w

#26516000
b1111100010111 y

#26520000
0!
0[

#26525000
1!
b111110111 ;
1[
b111110111 w

#26526000
b1111100011010 y

#26530000
0!
0[

#26535000
1!
b111111000 ;
1[
b111111000 w

#26536000
b1111100011101 y

#26540000
0!
0[

#26545000
1!
b111111001 ;
1[
b111111001 w

#26546000
b1111100100000 y

#26550000
0!
0[

#26555000
1!
b111111010 ;
1[
b111111010 w

#26556000
b1111100100011 y

#26560000
0!
0[

#26565000
1!
b111111011 ;
1[
b111111011 w

#26566000
b1111100100110 y

#26570000
0!
0[

#26575000
1!
b111111100 ;
1[
b111111100 w

#26576000
b1111100101001 y

#26580000
0!
0[

#26585000
1!
b111111101 ;
1[
b111111101 w

#26586000
b1111100101100 y

#26590000
0!
0[

#26595000
1!
b111111110 ;
1[
b111111110 w

#26596000
b1111100101111 y

#26600000
0!
0[

#26605000
1!
b111111111 ;
1[
b111111111 w

#26606000
b1111100110010 y

#26610000
0!
0[

#26615000
1!
b1000000000 ;
1[
b1000000000 w

#26616000
b1111100110101 y

#26620000
0!
0[

#26625000
1!
b1000000001 ;
1[
b1000000001 w

#26626000
b1111100111000 y

#26630000
0!
0[

#26635000
1!
b1000000010 ;
1[
b1000000010 w

#26636000
b1111100111011 y

#26640000
0!
0[

#26645000
1!
b1000000011 ;
1[
b1000000011 w

#26646000
b1111100111110 y

#26650000
0!
0[

#26655000
1!
b1000000100 ;
1[
b1000000100 w

#26656000
b1111101000001 y

#26660000
0!
0[

#26665000
1!
b1000000101 ;
1[
b1000000101 w

#26666000
b1111101000100 y

#26670000
0!
0[

#26675000
1!
b1000000110 ;
1[
b1000000110 w

#26676000
b1111101000111 y

#26680000
0!
0[

#26685000
1!
b1000000111 ;
1[
b1000000111 w

#26686000
b1111101001010 y

#26690000
0!
0[

#26695000
1!
b1000001000 ;
1[
b1000001000 w

#26696000
b1111101001101 y

#26700000
0!
0[

#26705000
1!
b1000001001 ;
1[
b1000001001 w

#26706000
b1111101010000 y

#26710000
0!
0[

#26715000
1!
b1000001010 ;
1[
b1000001010 w

#26716000
b1111101010011 y

#26720000
0!
0[

#26725000
1!
b1000001011 ;
1[
b1000001011 w

#26726000
b1111101010110 y

#26730000
0!
0[

#26735000
1!
b1000001100 ;
1[
b1000001100 w

#26736000
b1111101011001 y

#26740000
0!
0[

#26745000
1!
b1000001101 ;
1[
b1000001101 w

#26746000
b1111101011100 y

#26750000
0!
0[

#26755000
1!
b1000001110 ;
1[
b1000001110 w

#26756000
b1111101011111 y

#26760000
0!
0[

#26765000
1!
b1000001111 ;
1[
b1000001111 w

#26766000
b1111101100010 y

#26770000
0!
0[

#26775000
1!
b1000010000 ;
1[
b1000010000 w

#26776000
b1111101100101 y

#26780000
0!
0[

#26785000
1!
b1000010001 ;
1[
b1000010001 w

#26786000
b1111101101000 y

#26790000
0!
0[

#26795000
1!
b1000010010 ;
1[
b1000010010 w

#26796000
b1111101101011 y

#26800000
0!
0[

#26805000
1!
b1000010011 ;
1[
b1000010011 w

#26806000
b1111101101110 y

#26810000
0!
0[

#26815000
1!
b1000010100 ;
1[
b1000010100 w

#26816000
b1111101110001 y

#26820000
0!
0[

#26825000
1!
b1000010101 ;
1[
b1000010101 w

#26826000
b1111101110100 y

#26830000
0!
0[

#26835000
1!
b1000010110 ;
1[
b1000010110 w

#26836000
b1111101110111 y

#26840000
0!
0[

#26845000
1!
b1000010111 ;
1[
b1000010111 w

#26846000
b1111101111010 y

#26850000
0!
0[

#26855000
1!
b1000011000 ;
1[
b1000011000 w

#26856000
b1111101111101 y

#26860000
0!
0[

#26865000
1!
b1000011001 ;
1[
b1000011001 w

#26866000
b1111110000000 y

#26870000
0!
0[

#26875000
1!
b1000011010 ;
1[
b1000011010 w

#26876000
b1111110000011 y

#26880000
0!
0[

#26885000
1!
b1000011011 ;
1[
b1000011011 w

#26886000
b1111110000110 y

#26890000
0!
0[

#26895000
1!
b1000011100 ;
1[
b1000011100 w

#26896000
b1111110001001 y

#26900000
0!
0[

#26905000
1!
b1000011101 ;
1[
b1000011101 w

#26906000
b1111110001100 y

#26910000
0!
0[

#26915000
1!
b1000011110 ;
1[
b1000011110 w

#26916000
b1111110001111 y

#26920000
0!
0[

#26925000
1!
b1000011111 ;
1[
b1000011111 w

#26926000
b1111110010010 y

#26930000
0!
0[

#26935000
1!
b1000100000 ;
1[
b1000100000 w

#26936000
b1111110010101 y

#26940000
0!
0[

#26945000
1!
b1000100001 ;
1[
b1000100001 w

#26946000
b1111110011000 y

#26950000
0!
0[

#26955000
1!
b1000100010 ;
1[
b1000100010 w

#26956000
b1111110011011 y

#26960000
0!
0[

#26965000
1!
b1000100011 ;
1[
b1000100011 w

#26966000
b1111110011110 y

#26970000
0!
0[

#26975000
1!
b1000100100 ;
1[
b1000100100 w

#26976000
b1111110100001 y

#26980000
0!
0[

#26985000
1!
b1000100101 ;
1[
b1000100101 w

#26986000
b1111110100100 y

#26990000
0!
0[

#26995000
1!
b1000100110 ;
1[
b1000100110 w

#26996000
b1111110100111 y

#27000000
0!
0[

#27005000
1!
b1000100111 ;
1[
b1000100111 w

#27006000
b1111110101010 y

#27010000
0!
0[

#27015000
1!
b1000101000 ;
1[
b1000101000 w

#27016000
b1111110101101 y

#27020000
0!
0[

#27025000
1!
b1000101001 ;
1[
b1000101001 w

#27026000
b1111110110000 y

#27030000
0!
0[

#27035000
1!
b1000101010 ;
1[
b1000101010 w

#27036000
b1111110110011 y

#27040000
0!
0[

#27045000
1!
b1000101011 ;
1[
b1000101011 w

#27046000
b1111110110110 y

#27050000
0!
0[

#27055000
1!
b1000101100 ;
1[
b1000101100 w

#27056000
b1111110111001 y

#27060000
0!
0[

#27065000
1!
b1000101101 ;
1[
b1000101101 w

#27066000
b1111110111100 y

#27070000
0!
0[

#27075000
1!
b1000101110 ;
1[
b1000101110 w

#27076000
b1111110111111 y

#27080000
0!
0[

#27085000
1!
b1000101111 ;
1[
b1000101111 w

#27086000
b1111111000010 y

#27090000
0!
0[

#27095000
1!
b1000110000 ;
1[
b1000110000 w

#27096000
b1111111000101 y

#27100000
0!
0[

#27105000
1!
b1000110001 ;
1[
b1000110001 w

#27106000
b1111111001000 y

#27110000
0!
0[

#27115000
1!
b1000110010 ;
1[
b1000110010 w

#27116000
b1111111001011 y

#27120000
0!
0[

#27125000
1!
b1000110011 ;
1[
b1000110011 w

#27126000
b1111111001110 y

#27130000
0!
0[

#27135000
1!
b1000110100 ;
1[
b1000110100 w

#27136000
b1111111010001 y

#27140000
0!
0[

#27145000
1!
b1000110101 ;
1[
b1000110101 w

#27146000
b1111111010100 y

#27150000
0!
0[

#27155000
1!
b1000110110 ;
1[
b1000110110 w

#27156000
b1111111010111 y

#27160000
0!
0[

#27165000
1!
b1000110111 ;
1[
b1000110111 w

#27166000
b1111111011010 y

#27170000
0!
0[

#27175000
1!
b1000111000 ;
1[
b1000111000 w

#27176000
b1111111011101 y

#27180000
0!
0[

#27185000
1!
b1000111001 ;
1[
b1000111001 w

#27186000
b1111111100000 y

#27190000
0!
0[

#27195000
1!
b1000111010 ;
1[
b1000111010 w

#27196000
b1111111100011 y

#27200000
0!
0[

#27205000
1!
b1000111011 ;
1[
b1000111011 w

#27206000
b1111111100110 y

#27210000
0!
0[

#27215000
1!
b1000111100 ;
1[
b1000111100 w

#27216000
b1111111101001 y

#27220000
0!
0[

#27225000
1!
b1000111101 ;
1[
b1000111101 w

#27226000
b1111111101100 y

#27230000
0!
0[

#27235000
1!
b1000111110 ;
1[
b1000111110 w

#27236000
b1111111101111 y

#27240000
0!
0[

#27245000
1!
b1000111111 ;
1[
b1000111111 w

#27246000
b1111111110010 y

#27250000
0!
0[

#27255000
1!
b1001000000 ;
1[
b1001000000 w

#27256000
b1111111110101 y

#27260000
0!
0[

#27265000
1!
b1001000001 ;
1[
b1001000001 w

#27266000
b1111111111000 y

#27270000
0!
0[

#27275000
1!
b1001000010 ;
1[
b1001000010 w

#27276000
b1111111111011 y

#27280000
0!
0[

#27285000
1!
b1001000011 ;
1[
b1001000011 w

#27286000
b1111111111110 y

#27290000
0!
0[

#27295000
1!
b1001000100 ;
1[
b1001000100 w

#27296000
b10000000000001 y

#27300000
0!
0[

#27305000
1!
b1001000101 ;
1[
b1001000101 w

#27306000
b10000000000100 y

#27310000
0!
0[

#27315000
1!
b1001000110 ;
1[
b1001000110 w

#27316000
b10000000000111 y

#27320000
0!
0[

#27325000
1!
b1001000111 ;
1[
b1001000111 w

#27326000
b10000000001010 y

#27330000
0!
0[

#27335000
1!
b1001001000 ;
1[
b1001001000 w

#27336000
b10000000001101 y

#27340000
0!
0[

#27345000
1!
b1001001001 ;
1[
b1001001001 w

#27346000
b10000000010000 y

#27350000
0!
0[

#27355000
1!
b1001001010 ;
1[
b1001001010 w

#27356000
b10000000010011 y

#27360000
0!
0[

#27365000
1!
b1001001011 ;
1[
b1001001011 w

#27366000
b10000000010110 y

#27370000
0!
0[

#27375000
1!
b1001001100 ;
1[
b1001001100 w

#27376000
b10000000011001 y

#27380000
0!
0[

#27385000
1!
b1001001101 ;
1[
b1001001101 w

#27386000
b10000000011100 y

#27390000
0!
0[

#27395000
1!
b1001001110 ;
1[
b1001001110 w

#27396000
b10000000011111 y

#27400000
0!
0[

#27405000
1!
b1001001111 ;
1[
b1001001111 w

#27406000
b10000000100010 y

#27410000
0!
0[

#27415000
1!
b1001010000 ;
1[
b1001010000 w

#27416000
b10000000100101 y

#27420000
0!
0[

#27425000
1!
b1001010001 ;
1[
b1001010001 w

#27426000
b10000000101000 y

#27430000
0!
0[

#27435000
1!
b1001010010 ;
1[
b1001010010 w

#27436000
b10000000101011 y

#27440000
0!
0[

#27445000
1!
b1001010011 ;
1[
b1001010011 w

#27446000
b10000000101110 y

#27450000
0!
0[

#27455000
1!
b1001010100 ;
1[
b1001010100 w

#27456000
b10000000110001 y

#27460000
0!
0[

#27465000
1!
b1001010101 ;
1[
b1001010101 w

#27466000
b10000000110100 y

#27470000
0!
0[

#27475000
1!
b1001010110 ;
1[
b1001010110 w

#27476000
b10000000110111 y

#27480000
0!
0[

#27485000
1!
b1001010111 ;
1[
b1001010111 w

#27486000
b10000000111010 y

#27490000
0!
0[

#27495000
1!
b1001011000 ;
1[
b1001011000 w

#27496000
b10000000111101 y

#27500000
0!
0[

#27505000
1!
b1001011001 ;
1[
b1001011001 w

#27506000
b10000001000000 y

#27510000
0!
0[

#27515000
1!
b1001011010 ;
1[
b1001011010 w

#27516000
b10000001000011 y

#27520000
0!
0[

#27525000
1!
b1001011011 ;
1[
b1001011011 w

#27526000
b10000001000110 y

#27530000
0!
0[

#27535000
1!
b1001011100 ;
1[
b1001011100 w

#27536000
b10000001001001 y

#27540000
0!
0[

#27545000
1!
b1001011101 ;
1[
b1001011101 w

#27546000
b10000001001100 y

#27550000
0!
0[

#27555000
1!
b1001011110 ;
1[
b1001011110 w

#27556000
b10000001001111 y

#27560000
0!
0[

#27565000
1!
b1001011111 ;
1[
b1001011111 w

#27566000
b10000001010010 y

#27570000
0!
0[

#27575000
1!
b1001100000 ;
1[
b1001100000 w

#27576000
b10000001010101 y

#27580000
0!
0[

#27585000
1!
b1001100001 ;
1[
b1001100001 w

#27586000
b10000001011000 y

#27590000
0!
0[

#27595000
1!
b1001100010 ;
1[
b1001100010 w

#27596000
b10000001011011 y

#27600000
0!
0[

#27605000
1!
b1001100011 ;
1[
b1001100011 w

#27606000
b10000001011110 y

#27610000
0!
0[

#27615000
1!
b1001100100 ;
1[
b1001100100 w

#27616000
b10000001100001 y

#27620000
0!
0[

#27625000
1!
b1001100101 ;
1[
b1001100101 w

#27626000
b10000001100100 y

#27630000
0!
0[

#27635000
1!
b1001100110 ;
1[
b1001100110 w

#27636000
b10000001100111 y

#27640000
0!
0[

#27645000
1!
b1001100111 ;
1[
b1001100111 w

#27646000
b10000001101010 y

#27650000
0!
0[

#27655000
1!
b1001101000 ;
1[
b1001101000 w

#27656000
b10000001101101 y

#27660000
0!
0[

#27665000
1!
b1001101001 ;
1[
b1001101001 w

#27666000
b10000001110000 y

#27670000
0!
0[

#27675000
1!
b1001101010 ;
1[
b1001101010 w

#27676000
b10000001110011 y

#27680000
0!
0[

#27685000
1!
b1001101011 ;
1[
b1001101011 w

#27686000
b10000001110110 y

#27690000
0!
0[

#27695000
1!
b1001101100 ;
1[
b1001101100 w

#27696000
b10000001111001 y

#27700000
0!
0[

#27705000
1!
b1001101101 ;
1[
b1001101101 w

#27706000
b10000001111100 y

#27710000
0!
0[

#27715000
1!
b1001101110 ;
1[
b1001101110 w

#27716000
b10000001111111 y

#27720000
0!
0[

#27725000
1!
b1001101111 ;
1[
b1001101111 w

#27726000
b10000010000010 y

#27730000
0!
0[

#27735000
1!
b1001110000 ;
1[
b1001110000 w

#27736000
b10000010000101 y

#27740000
0!
0[

#27745000
1!
b1001110001 ;
1[
b1001110001 w

#27746000
b10000010001000 y

#27750000
0!
0[

#27755000
1!
b1001110010 ;
1[
b1001110010 w

#27756000
b10000010001011 y

#27760000
0!
0[

#27765000
1!
b1001110011 ;
1[
b1001110011 w

#27766000
b10000010001110 y

#27770000
0!
0[

#27775000
1!
b1001110100 ;
1[
b1001110100 w

#27776000
b10000010010001 y

#27780000
0!
0[

#27785000
1!
b1001110101 ;
1[
b1001110101 w

#27786000
b10000010010100 y

#27790000
0!
0[

#27795000
1!
b1001110110 ;
1[
b1001110110 w

#27796000
b10000010010111 y

#27800000
0!
0[

#27805000
1!
b1001110111 ;
1[
b1001110111 w

#27806000
b10000010011010 y

#27810000
0!
0[

#27815000
1!
b1001111000 ;
1[
b1001111000 w

#27816000
b10000010011101 y

#27820000
0!
0[

#27825000
1!
b1001111001 ;
1[
b1001111001 w

#27826000
b10000010100000 y

#27830000
0!
0[

#27835000
1!
b1001111010 ;
1[
b1001111010 w

#27836000
b10000010100011 y

#27840000
0!
0[

#27845000
1!
b1001111011 ;
1[
b1001111011 w

#27846000
b10000010100110 y

#27850000
0!
0[

#27855000
1!
b1001111100 ;
1[
b1001111100 w

#27856000
b10000010101001 y

#27860000
0!
0[

#27865000
1!
b1001111101 ;
1[
b1001111101 w

#27866000
b10000010101100 y

#27870000
0!
0[

#27875000
1!
b1001111110 ;
1[
b1001111110 w

#27876000
b10000010101111 y

#27880000
0!
0[

#27885000
1!
b1001111111 ;
1[
b1001111111 w

#27886000
b10000010110010 y

#27890000
0!
0[

#27895000
1!
b1010000000 ;
1[
b1010000000 w

#27896000
b10000010110101 y

#27900000
0!
0[

#27905000
1!
b1010000001 ;
1[
b1010000001 w

#27906000
b10000010111000 y

#27910000
0!
0[

#27915000
1!
b1010000010 ;
1[
b1010000010 w

#27916000
b10000010111011 y

#27920000
0!
0[

#27925000
1!
b1010000011 ;
1[
b1010000011 w

#27926000
b10000010111110 y

#27930000
0!
0[

#27935000
1!
b1010000100 ;
1[
b1010000100 w

#27936000
b10000011000001 y

#27940000
0!
0[

#27945000
1!
b1010000101 ;
1[
b1010000101 w

#27946000
b10000011000100 y

#27950000
0!
0[

#27955000
1!
b1010000110 ;
1[
b1010000110 w

#27956000
b10000011000111 y

#27960000
0!
0[

#27965000
1!
b1010000111 ;
1[
b1010000111 w

#27966000
b10000011001010 y

#27970000
0!
0[

#27975000
1!
b1010001000 ;
1[
b1010001000 w

#27976000
b10000011001101 y

#27980000
0!
0[

#27985000
1!
b1010001001 ;
1[
b1010001001 w

#27986000
b10000011010000 y

#27990000
0!
0[

#27995000
1!
b1010001010 ;
1[
b1010001010 w

#27996000
b10000011010011 y

#28000000
0!
0[

#28005000
1!
b1010001011 ;
1[
b1010001011 w

#28006000
b10000011010110 y

#28010000
0!
0[

#28015000
1!
b1010001100 ;
1[
b1010001100 w

#28016000
b10000011011001 y

#28020000
0!
0[

#28025000
1!
b1010001101 ;
1[
b1010001101 w

#28026000
b10000011011100 y

#28030000
0!
0[

#28035000
1!
b1010001110 ;
1[
b1010001110 w

#28036000
b10000011011111 y

#28040000
0!
0[

#28045000
1!
b1010001111 ;
1[
b1010001111 w

#28046000
b10000011100010 y

#28050000
0!
0[

#28055000
1!
b1010010000 ;
1[
b1010010000 w

#28056000
b10000011100101 y

#28060000
0!
0[

#28065000
1!
b1010010001 ;
1[
b1010010001 w

#28066000
b10000011101000 y

#28070000
0!
0[

#28075000
1!
b1010010010 ;
1[
b1010010010 w

#28076000
b10000011101011 y

#28080000
0!
0[

#28085000
1!
b1010010011 ;
1[
b1010010011 w

#28086000
b10000011101110 y

#28090000
0!
0[

#28095000
1!
b1010010100 ;
1[
b1010010100 w

#28096000
b10000011110001 y

#28100000
0!
0[

#28105000
1!
b1010010101 ;
1[
b1010010101 w

#28106000
b10000011110100 y

#28110000
0!
0[

#28115000
1!
b1010010110 ;
1[
b1010010110 w

#28116000
b10000011110111 y

#28120000
0!
0[

#28125000
1!
b1010010111 ;
1[
b1010010111 w

#28126000
b10000011111010 y

#28130000
0!
0[

#28135000
1!
b1010011000 ;
1[
b1010011000 w

#28136000
b10000011111101 y

#28140000
0!
0[

#28145000
1!
b1010011001 ;
1[
b1010011001 w

#28146000
b10000100000000 y

#28150000
0!
0[

#28155000
1!
b1010011010 ;
1[
b1010011010 w

#28156000
b10000100000011 y

#28160000
0!
0[

#28165000
1!
b1010011011 ;
1[
b1010011011 w

#28166000
b10000100000110 y

#28170000
0!
0[

#28175000
1!
b1010011100 ;
1[
b1010011100 w

#28176000
b10000100001001 y

#28180000
0!
0[

#28185000
1!
b1010011101 ;
1[
b1010011101 w

#28186000
b10000100001100 y

#28190000
0!
0[

#28195000
1!
b1010011110 ;
1[
b1010011110 w

#28196000
b10000100001111 y

#28200000
0!
0[

#28205000
1!
b1010011111 ;
1[
b1010011111 w

#28206000
b10000100010010 y

#28210000
0!
0[

#28215000
1!
b1010100000 ;
1[
b1010100000 w

#28216000
b10000100010101 y

#28220000
0!
0[

#28225000
1!
b1010100001 ;
1[
b1010100001 w

#28226000
b10000100011000 y

#28230000
0!
0[

#28235000
1!
b1010100010 ;
1[
b1010100010 w

#28236000
b10000100011011 y

#28240000
0!
0[

#28245000
1!
b1010100011 ;
1[
b1010100011 w

#28246000
b10000100011110 y

#28250000
0!
0[

#28255000
1!
b1010100100 ;
1[
b1010100100 w

#28256000
b10000100100001 y

#28260000
0!
0[

#28265000
1!
b1010100101 ;
1[
b1010100101 w

#28266000
b10000100100100 y

#28270000
0!
0[

#28275000
1!
b1010100110 ;
1[
b1010100110 w

#28276000
b10000100100111 y

#28280000
0!
0[

#28285000
1!
b1010100111 ;
1[
b1010100111 w

#28286000
b10000100101010 y

#28290000
0!
0[

#28295000
1!
b1010101000 ;
1[
b1010101000 w

#28296000
b10000100101101 y

#28300000
0!
0[

#28305000
1!
b1010101001 ;
1[
b1010101001 w

#28306000
b10000100110000 y

#28310000
0!
0[

#28315000
1!
b1010101010 ;
1[
b1010101010 w

#28316000
b10000100110011 y

#28320000
0!
0[

#28325000
1!
b1010101011 ;
1[
b1010101011 w

#28326000
b10000100110110 y

#28330000
0!
0[

#28335000
1!
b1010101100 ;
1[
b1010101100 w

#28336000
b10000100111001 y

#28340000
0!
0[

#28345000
1!
b1010101101 ;
1[
b1010101101 w

#28346000
b10000100111100 y

#28350000
0!
0[

#28355000
1!
b1010101110 ;
1[
b1010101110 w

#28356000
b10000100111111 y

#28360000
0!
0[

#28365000
1!
b1010101111 ;
1[
b1010101111 w

#28366000
b10000101000010 y

#28370000
0!
0[

#28375000
1!
b1010110000 ;
1[
b1010110000 w

#28376000
b10000101000101 y

#28380000
0!
0[

#28385000
1!
b1010110001 ;
1[
b1010110001 w

#28386000
b10000101001000 y

#28390000
0!
0[

#28395000
1!
b1010110010 ;
1[
b1010110010 w

#28396000
b10000101001011 y

#28400000
0!
0[

#28405000
1!
b1010110011 ;
1[
b1010110011 w

#28406000
b10000101001110 y

#28410000
0!
0[

#28415000
1!
b1010110100 ;
1[
b1010110100 w

#28416000
b10000101010001 y

#28420000
0!
0[

#28425000
1!
b1010110101 ;
1[
b1010110101 w

#28426000
b10000101010100 y

#28430000
0!
0[

#28435000
1!
b1010110110 ;
1[
b1010110110 w

#28436000
b10000101010111 y

#28440000
0!
0[

#28445000
1!
b1010110111 ;
1[
b1010110111 w

#28446000
b10000101011010 y

#28450000
0!
0[

#28455000
1!
b1010111000 ;
1[
b1010111000 w

#28456000
b10000101011101 y

#28460000
0!
0[

#28465000
1!
b1010111001 ;
1[
b1010111001 w

#28466000
b10000101100000 y

#28470000
0!
0[

#28475000
1!
b1010111010 ;
1[
b1010111010 w

#28476000
b10000101100011 y

#28480000
0!
0[

#28485000
1!
b1010111011 ;
1[
b1010111011 w

#28486000
b10000101100110 y

#28490000
0!
0[

#28495000
1!
b1010111100 ;
1[
b1010111100 w

#28496000
b10000101101001 y

#28500000
0!
0[

#28505000
1!
b1010111101 ;
1[
b1010111101 w

#28506000
b10000101101100 y

#28510000
0!
0[

#28515000
1!
b1010111110 ;
1[
b1010111110 w

#28516000
b10000101101111 y

#28520000
0!
0[

#28525000
1!
b1010111111 ;
1[
b1010111111 w

#28526000
b10000101110010 y

#28530000
0!
0[

#28535000
1!
b1011000000 ;
1[
b1011000000 w

#28536000
b10000101110101 y

#28540000
0!
0[

#28545000
1!
b1011000001 ;
1[
b1011000001 w

#28546000
b10000101111000 y

#28550000
0!
0[

#28555000
1!
b1011000010 ;
1[
b1011000010 w

#28556000
b10000101111011 y

#28560000
0!
0[

#28565000
1!
b1011000011 ;
1[
b1011000011 w

#28566000
b10000101111110 y

#28570000
0!
0[

#28575000
1!
b1011000100 ;
1[
b1011000100 w

#28576000
b10000110000001 y

#28580000
0!
0[

#28585000
1!
b1011000101 ;
1[
b1011000101 w

#28586000
b10000110000100 y

#28590000
0!
0[

#28595000
1!
b1011000110 ;
1[
b1011000110 w

#28596000
b10000110000111 y

#28600000
0!
0[

#28605000
1!
b1011000111 ;
1[
b1011000111 w

#28606000
b10000110001010 y

#28610000
0!
0[

#28615000
1!
b1011001000 ;
1[
b1011001000 w

#28616000
b10000110001101 y

#28620000
0!
0[

#28625000
1!
b1011001001 ;
1[
b1011001001 w

#28626000
b10000110010000 y

#28630000
0!
0[

#28635000
1!
b1011001010 ;
1[
b1011001010 w

#28636000
b10000110010011 y

#28640000
0!
0[

#28645000
1!
b1011001011 ;
1[
b1011001011 w

#28646000
b10000110010110 y

#28650000
0!
0[

#28655000
1!
b1011001100 ;
1[
b1011001100 w

#28656000
b10000110011001 y

#28660000
0!
0[

#28665000
1!
b1011001101 ;
1[
b1011001101 w

#28666000
b10000110011100 y

#28670000
0!
0[

#28675000
1!
b1011001110 ;
1[
b1011001110 w

#28676000
b10000110011111 y

#28680000
0!
0[

#28685000
1!
b1011001111 ;
1[
b1011001111 w

#28686000
b10000110100010 y

#28690000
0!
0[

#28695000
1!
b1011010000 ;
1[
b1011010000 w

#28696000
b10000110100101 y

#28700000
0!
0[

#28705000
1!
b1011010001 ;
1[
b1011010001 w

#28706000
b10000110101000 y

#28710000
0!
0[

#28715000
1!
b1011010010 ;
1[
b1011010010 w

#28716000
b10000110101011 y

#28720000
0!
0[

#28725000
1!
b1011010011 ;
1[
b1011010011 w

#28726000
b10000110101110 y

#28730000
0!
0[

#28735000
1!
b1011010100 ;
1[
b1011010100 w

#28736000
b10000110110001 y

#28740000
0!
0[

#28745000
1!
b1011010101 ;
1[
b1011010101 w

#28746000
b10000110110100 y

#28750000
0!
0[

#28755000
1!
b1011010110 ;
1[
b1011010110 w

#28756000
b10000110110111 y

#28760000
0!
0[

#28765000
1!
b1011010111 ;
1[
b1011010111 w

#28766000
b10000110111010 y

#28770000
0!
0[

#28775000
1!
b1011011000 ;
1[
b1011011000 w

#28776000
b10000110111101 y

#28780000
0!
0[

#28785000
1!
b1011011001 ;
1[
b1011011001 w

#28786000
b10000111000000 y

#28790000
0!
0[

#28795000
1!
b1011011010 ;
1[
b1011011010 w

#28796000
b10000111000011 y

#28800000
0!
0[

#28805000
1!
b1011011011 ;
1[
b1011011011 w

#28806000
b10000111000110 y

#28810000
0!
0[

#28815000
1!
b1011011100 ;
1[
b1011011100 w

#28816000
b10000111001001 y

#28820000
0!
0[

#28825000
1!
b1011011101 ;
1[
b1011011101 w

#28826000
b10000111001100 y

#28830000
0!
0[

#28835000
1!
b1011011110 ;
1[
b1011011110 w

#28836000
b10000111001111 y

#28840000
0!
0[

#28845000
1!
b1011011111 ;
1[
b1011011111 w

#28846000
b10000111010010 y

#28850000
0!
0[

#28855000
1!
b1011100000 ;
1[
b1011100000 w

#28856000
b10000111010101 y

#28860000
0!
0[

#28865000
1!
b1011100001 ;
1[
b1011100001 w

#28866000
b10000111011000 y

#28870000
0!
0[

#28875000
1!
b1011100010 ;
1[
b1011100010 w

#28876000
b10000111011011 y

#28880000
0!
0[

#28885000
1!
b1011100011 ;
1[
b1011100011 w

#28886000
b10000111011110 y

#28890000
0!
0[

#28895000
1!
b1011100100 ;
1[
b1011100100 w

#28896000
b10000111100001 y

#28900000
0!
0[

#28905000
1!
b1011100101 ;
1[
b1011100101 w

#28906000
b10000111100100 y

#28910000
0!
0[

#28915000
1!
b1011100110 ;
1[
b1011100110 w

#28916000
b10000111100111 y

#28920000
0!
0[

#28925000
1!
b1011100111 ;
1[
b1011100111 w

#28926000
b10000111101010 y

#28930000
0!
0[

#28935000
1!
b1011101000 ;
1[
b1011101000 w

#28936000
b10000111101101 y

#28940000
0!
0[

#28945000
1!
b1011101001 ;
1[
b1011101001 w

#28946000
b10000111110000 y

#28950000
0!
0[

#28955000
1!
b1011101010 ;
1[
b1011101010 w

#28956000
b10000111110011 y

#28960000
0!
0[

#28965000
1!
b1011101011 ;
1[
b1011101011 w

#28966000
b10000111110110 y

#28970000
0!
0[

#28975000
1!
b1011101100 ;
1[
b1011101100 w

#28976000
b10000111111001 y

#28980000
0!
0[

#28985000
1!
b1011101101 ;
1[
b1011101101 w

#28986000
b10000111111100 y

#28990000
0!
0[

#28995000
1!
b1011101110 ;
1[
b1011101110 w

#28996000
b10000111111111 y

#29000000
0!
0[

#29005000
1!
b1011101111 ;
1[
b1011101111 w

#29006000
b10001000000010 y

#29010000
0!
0[

#29015000
1!
b1011110000 ;
1[
b1011110000 w

#29016000
b10001000000101 y

#29020000
0!
0[

#29025000
1!
b1011110001 ;
1[
b1011110001 w

#29026000
b10001000001000 y

#29030000
0!
0[

#29035000
1!
b1011110010 ;
1[
b1011110010 w

#29036000
b10001000001011 y

#29040000
0!
0[

#29045000
1!
b1011110011 ;
1[
b1011110011 w

#29046000
b10001000001110 y

#29050000
0!
0[

#29055000
1!
b1011110100 ;
1[
b1011110100 w

#29056000
b10001000010001 y

#29060000
0!
0[

#29065000
1!
b1011110101 ;
1[
b1011110101 w

#29066000
b10001000010100 y

#29070000
0!
0[

#29075000
1!
b1011110110 ;
1[
b1011110110 w

#29076000
b10001000010111 y

#29080000
0!
0[

#29085000
1!
b1011110111 ;
1[
b1011110111 w

#29086000
b10001000011010 y

#29090000
0!
0[

#29095000
1!
b1011111000 ;
1[
b1011111000 w

#29096000
b10001000011101 y

#29100000
0!
0[

#29105000
1!
b1011111001 ;
1[
b1011111001 w

#29106000
b10001000100000 y

#29110000
0!
0[

#29115000
1!
b1011111010 ;
1[
b1011111010 w

#29116000
b10001000100011 y

#29120000
0!
0[

#29125000
1!
b1011111011 ;
1[
b1011111011 w

#29126000
b10001000100110 y

#29130000
0!
0[

#29135000
1!
b1011111100 ;
1[
b1011111100 w

#29136000
b10001000101001 y

#29140000
0!
0[

#29145000
1!
b1011111101 ;
1[
b1011111101 w

#29146000
b10001000101100 y

#29150000
0!
0[

#29155000
1!
b1011111110 ;
1[
b1011111110 w

#29156000
b10001000101111 y

#29160000
0!
0[

#29165000
1!
b1011111111 ;
1[
b1011111111 w

#29166000
b10001000110010 y

#29170000
0!
0[

#29175000
1!
b1100000000 ;
1[
b1100000000 w

#29176000
b10001000110101 y

#29180000
0!
0[

#29185000
1!
b1100000001 ;
1[
b1100000001 w

#29186000
b10001000111000 y

#29190000
0!
0[

#29195000
1!
b1100000010 ;
1[
b1100000010 w

#29196000
b10001000111011 y

#29200000
0!
0[

#29205000
1!
b1100000011 ;
1[
b1100000011 w

#29206000
b10001000111110 y

#29210000
0!
0[

#29215000
1!
b1100000100 ;
1[
b1100000100 w

#29216000
b10001001000001 y

#29220000
0!
0[

#29225000
1!
b1100000101 ;
1[
b1100000101 w

#29226000
b10001001000100 y

#29230000
0!
0[

#29235000
1!
b1100000110 ;
1[
b1100000110 w

#29236000
b10001001000111 y

#29240000
0!
0[

#29245000
1!
b1100000111 ;
1[
b1100000111 w

#29246000
b10001001001010 y

#29250000
0!
0[

#29255000
1!
b1100001000 ;
1[
b1100001000 w

#29256000
b10001001001101 y

#29260000
0!
0[

#29265000
1!
b1100001001 ;
1[
b1100001001 w

#29266000
b10001001010000 y

#29270000
0!
0[

#29275000
1!
b1100001010 ;
1[
b1100001010 w

#29276000
b10001001010011 y

#29280000
0!
0[

#29285000
1!
b1100001011 ;
1[
b1100001011 w

#29286000
b10001001010110 y

#29290000
0!
0[

#29295000
1!
b1100001100 ;
1[
b1100001100 w

#29296000
b10001001011001 y

#29300000
0!
0[

#29305000
1!
b1100001101 ;
1[
b1100001101 w

#29306000
b10001001011100 y

#29310000
0!
0[

#29315000
1!
b1100001110 ;
1[
b1100001110 w

#29316000
b10001001011111 y

#29320000
0!
0[

#29325000
1!
b1100001111 ;
1[
b1100001111 w

#29326000
b10001001100010 y

#29330000
0!
0[

#29335000
1!
b1100010000 ;
1[
b1100010000 w

#29336000
b10001001100101 y

#29340000
0!
0[

#29345000
1!
b1100010001 ;
1[
b1100010001 w

#29346000
b10001001101000 y

#29350000
0!
0[

#29355000
1!
b1100010010 ;
1[
b1100010010 w

#29356000
b10001001101011 y

#29360000
0!
0[

#29365000
1!
b1100010011 ;
1[
b1100010011 w

#29366000
b10001001101110 y

#29370000
0!
0[

#29375000
1!
b1100010100 ;
1[
b1100010100 w

#29376000
b10001001110001 y

#29380000
0!
0[

#29385000
1!
b1100010101 ;
1[
b1100010101 w

#29386000
b10001001110100 y

#29390000
0!
0[

#29395000
1!
b1100010110 ;
1[
b1100010110 w

#29396000
b10001001110111 y

#29400000
0!
0[

#29405000
1!
b1100010111 ;
1[
b1100010111 w

#29406000
b10001001111010 y

#29410000
0!
0[

#29415000
1!
b1100011000 ;
1[
b1100011000 w

#29416000
b10001001111101 y

#29420000
0!
0[

#29425000
1!
b1100011001 ;
1[
b1100011001 w

#29426000
b10001010000000 y

#29430000
0!
0[

#29435000
1!
b1100011010 ;
1[
b1100011010 w

#29436000
b10001010000011 y

#29440000
0!
0[

#29445000
1!
b1100011011 ;
1[
b1100011011 w

#29446000
b10001010000110 y

#29450000
0!
0[

#29455000
1!
b1100011100 ;
1[
b1100011100 w

#29456000
b10001010001001 y

#29460000
0!
0[

#29465000
1!
b1100011101 ;
1[
b1100011101 w

#29466000
b10001010001100 y

#29470000
0!
0[

#29475000
1!
b1100011110 ;
1[
b1100011110 w

#29476000
b10001010001111 y

#29480000
0!
0[

#29485000
1!
b1100011111 ;
1[
b1100011111 w

#29486000
b10001010010010 y

#29490000
0!
0[

#29495000
1!
b1100100000 ;
1[
b1100100000 w

#29496000
b10001010010101 y

#29500000
0!
0[

#29505000
1!
b1100100001 ;
1[
b1100100001 w

#29506000
b10001010011000 y

#29510000
0!
0[

#29515000
1!
b1100100010 ;
1[
b1100100010 w

#29516000
b10001010011011 y

#29520000
0!
0[

#29525000
1!
b1100100011 ;
1[
b1100100011 w

#29526000
b10001010011110 y

#29530000
0!
0[

#29535000
1!
b1100100100 ;
1[
b1100100100 w

#29536000
b10001010100001 y

#29540000
0!
0[

#29545000
1!
b1100100101 ;
1[
b1100100101 w

#29546000
b10001010100100 y

#29550000
0!
0[

#29555000
1!
b1100100110 ;
1[
b1100100110 w

#29556000
b10001010100111 y

#29560000
0!
0[

#29565000
1!
b1100100111 ;
1[
b1100100111 w

#29566000
b10001010101010 y

#29570000
0!
0[

#29575000
1!
b1100101000 ;
1[
b1100101000 w

#29576000
b10001010101101 y

#29580000
0!
0[

#29585000
1!
b1100101001 ;
1[
b1100101001 w

#29586000
b10001010110000 y

#29590000
0!
0[

#29595000
1!
b1100101010 ;
1[
b1100101010 w

#29596000
b10001010110011 y

#29600000
0!
0[

#29605000
1!
b1100101011 ;
1[
b1100101011 w

#29606000
b10001010110110 y

#29610000
0!
0[

#29615000
1!
b1100101100 ;
1[
b1100101100 w

#29616000
b10001010111001 y

#29620000
0!
0[

#29625000
1!
b1100101101 ;
1[
b1100101101 w

#29626000
b10001010111100 y

#29630000
0!
0[

#29635000
1!
b1100101110 ;
1[
b1100101110 w

#29636000
b10001010111111 y

#29640000
0!
0[

#29645000
1!
b1100101111 ;
1[
b1100101111 w

#29646000
b10001011000010 y

#29650000
0!
0[

#29655000
1!
b1100110000 ;
1[
b1100110000 w

#29656000
b10001011000101 y

#29660000
0!
0[

#29665000
1!
b1100110001 ;
1[
b1100110001 w

#29666000
b10001011001000 y

#29670000
0!
0[

#29675000
1!
b1100110010 ;
1[
b1100110010 w

#29676000
b10001011001011 y

#29680000
0!
0[

#29685000
1!
b1100110011 ;
1[
b1100110011 w

#29686000
b10001011001110 y

#29690000
0!
0[

#29695000
1!
b1100110100 ;
1[
b1100110100 w

#29696000
b10001011010001 y

#29700000
0!
0[

#29705000
1!
b1100110101 ;
1[
b1100110101 w

#29706000
b10001011010100 y

#29710000
0!
0[

#29715000
1!
b1100110110 ;
1[
b1100110110 w

#29716000
b10001011010111 y

#29720000
0!
0[

#29725000
1!
b1100110111 ;
1[
b1100110111 w

#29726000
b10001011011010 y

#29730000
0!
0[

#29735000
1!
b1100111000 ;
1[
b1100111000 w

#29736000
b10001011011101 y

#29740000
0!
0[

#29745000
1!
b1100111001 ;
1[
b1100111001 w

#29746000
b10001011100000 y

#29750000
0!
0[

#29755000
1!
b1100111010 ;
1[
b1100111010 w

#29756000
b10001011100011 y

#29760000
0!
0[

#29765000
1!
b1100111011 ;
1[
b1100111011 w

#29766000
b10001011100110 y

#29770000
0!
0[

#29775000
1!
b1100111100 ;
1[
b1100111100 w

#29776000
b10001011101001 y

#29780000
0!
0[

#29785000
1!
b1100111101 ;
1[
b1100111101 w

#29786000
b10001011101100 y

#29790000
0!
0[

#29795000
1!
b1100111110 ;
1[
b1100111110 w

#29796000
b10001011101111 y

#29800000
0!
0[

#29805000
1!
b1100111111 ;
1[
b1100111111 w

#29806000
b10001011110010 y

#29810000
0!
0[

#29815000
1!
b1101000000 ;
1[
b1101000000 w

#29816000
b10001011110101 y

#29820000
0!
0[

#29825000
1!
b1101000001 ;
1[
b1101000001 w

#29826000
b10001011111000 y

#29830000
0!
0[

#29835000
1!
b1101000010 ;
1[
b1101000010 w

#29836000
b10001011111011 y

#29840000
0!
0[

#29845000
1!
b1101000011 ;
1[
b1101000011 w

#29846000
b10001011111110 y

#29850000
0!
0[

#29855000
1!
b1101000100 ;
1[
b1101000100 w

#29856000
b10001100000001 y

#29860000
0!
0[

#29865000
1!
b1101000101 ;
1[
b1101000101 w

#29866000
b10001100000100 y

#29870000
0!
0[

#29875000
1!
b1101000110 ;
1[
b1101000110 w

#29876000
b10001100000111 y

#29880000
0!
0[

#29885000
1!
b1101000111 ;
1[
b1101000111 w

#29886000
b10001100001010 y

#29890000
0!
0[

#29895000
1!
b1101001000 ;
1[
b1101001000 w

#29896000
b10001100001101 y

#29900000
0!
0[

#29905000
1!
b1101001001 ;
1[
b1101001001 w

#29906000
b10001100010000 y

#29910000
0!
0[

#29915000
1!
b1101001010 ;
1[
b1101001010 w

#29916000
b10001100010011 y

#29920000
0!
0[

#29925000
1!
b1101001011 ;
1[
b1101001011 w

#29926000
b10001100010110 y

#29930000
0!
0[

#29935000
1!
b1101001100 ;
1[
b1101001100 w

#29936000
b10001100011001 y

#29940000
0!
0[

#29945000
1!
b1101001101 ;
1[
b1101001101 w

#29946000
b10001100011100 y

#29950000
0!
0[

#29955000
1!
b1101001110 ;
1[
b1101001110 w

#29956000
b10001100011111 y

#29960000
0!
0[

#29965000
1!
b1101001111 ;
1[
b1101001111 w

#29966000
b10001100100010 y

#29970000
0!
0[

#29975000
1!
b1101010000 ;
1[
b1101010000 w

#29976000
b10001100100101 y

#29980000
0!
0[

#29985000
1!
b1101010001 ;
1[
b1101010001 w

#29986000
b10001100101000 y

#29990000
0!
0[

#29995000
1!
b1101010010 ;
1[
b1101010010 w

#29996000
b10001100101011 y

#30000000
0!
0[

#30005000
1!
b1101010011 ;
1[
b1101010011 w

#30006000
b10001100101110 y

#30010000
0!
0[

#30015000
1!
b1101010100 ;
1[
b1101010100 w

#30016000
b10001100110001 y

#30020000
0!
0[

#30025000
1!
b1101010101 ;
1[
b1101010101 w

#30026000
b10001100110100 y

#30030000
0!
0[

#30035000
1!
b1101010110 ;
1[
b1101010110 w

#30036000
b10001100110111 y

#30040000
0!
0[

#30045000
1!
b1101010111 ;
1[
b1101010111 w

#30046000
b10001100111010 y

#30050000
0!
0[

#30055000
1!
b1101011000 ;
1[
b1101011000 w

#30056000
b10001100111101 y

#30060000
0!
0[

#30065000
1!
b1101011001 ;
1[
b1101011001 w

#30066000
b10001101000000 y

#30070000
0!
0[

#30075000
1!
b1101011010 ;
1[
b1101011010 w

#30076000
b10001101000011 y

#30080000
0!
0[

#30085000
1!
b1101011011 ;
1[
b1101011011 w

#30086000
b10001101000110 y

#30090000
0!
0[

#30095000
1!
b1101011100 ;
1[
b1101011100 w

#30096000
b10001101001001 y

#30100000
0!
0[

#30105000
1!
b1101011101 ;
1[
b1101011101 w

#30106000
b10001101001100 y

#30110000
0!
0[

#30115000
1!
b1101011110 ;
1[
b1101011110 w

#30116000
b10001101001111 y

#30120000
0!
0[

#30125000
1!
b1101011111 ;
1[
b1101011111 w

#30126000
b10001101010010 y

#30130000
0!
0[

#30135000
1!
b1101100000 ;
1[
b1101100000 w

#30136000
b10001101010101 y

#30140000
0!
0[

#30145000
1!
b1101100001 ;
1[
b1101100001 w

#30146000
b10001101011000 y

#30150000
0!
0[

#30155000
1!
b1101100010 ;
1[
b1101100010 w

#30156000
b10001101011011 y

#30160000
0!
0[

#30165000
1!
b1101100011 ;
1[
b1101100011 w

#30166000
b10001101011110 y

#30170000
0!
0[

#30175000
1!
b1101100100 ;
1[
b1101100100 w

#30176000
b10001101100001 y

#30180000
0!
0[

#30185000
1!
b1101100101 ;
1[
b1101100101 w

#30186000
b10001101100100 y

#30190000
0!
0[

#30195000
1!
b1101100110 ;
1[
b1101100110 w

#30196000
b10001101100111 y

#30200000
0!
0[

#30205000
1!
b1101100111 ;
1[
b1101100111 w

#30206000
b10001101101010 y

#30210000
0!
0[

#30215000
1!
b1101101000 ;
1[
b1101101000 w

#30216000
b10001101101101 y

#30220000
0!
0[

#30225000
1!
b1101101001 ;
1[
b1101101001 w

#30226000
b10001101110000 y

#30230000
0!
0[

#30235000
1!
b1101101010 ;
1[
b1101101010 w

#30236000
b10001101110011 y

#30240000
0!
0[

#30245000
1!
b1101101011 ;
1[
b1101101011 w

#30246000
b10001101110110 y

#30250000
0!
0[

#30255000
1!
b1101101100 ;
1[
b1101101100 w

#30256000
b10001101111001 y

#30260000
0!
0[

#30265000
1!
b1101101101 ;
1[
b1101101101 w

#30266000
b10001101111100 y

#30270000
0!
0[

#30275000
1!
b1101101110 ;
1[
b1101101110 w

#30276000
b10001101111111 y

#30280000
0!
0[

#30285000
1!
b1101101111 ;
1[
b1101101111 w

#30286000
b10001110000010 y

#30290000
0!
0[

#30295000
1!
b1101110000 ;
1[
b1101110000 w

#30296000
b10001110000101 y

#30300000
0!
0[

#30305000
1!
b1101110001 ;
1[
b1101110001 w

#30306000
b10001110001000 y

#30310000
0!
0[

#30315000
1!
b1101110010 ;
1[
b1101110010 w

#30316000
b10001110001011 y

#30320000
0!
0[

#30325000
1!
b1101110011 ;
1[
b1101110011 w

#30326000
b10001110001110 y

#30330000
0!
0[

#30335000
1!
b1101110100 ;
1[
b1101110100 w

#30336000
b10001110010001 y

#30340000
0!
0[

#30345000
1!
b1101110101 ;
1[
b1101110101 w

#30346000
b10001110010100 y

#30350000
0!
0[

#30355000
1!
b1101110110 ;
1[
b1101110110 w

#30356000
b10001110010111 y

#30360000
0!
0[

#30365000
1!
b1101110111 ;
1[
b1101110111 w

#30366000
b10001110011010 y

#30370000
0!
0[

#30375000
1!
b1101111000 ;
1[
b1101111000 w

#30376000
b10001110011101 y

#30380000
0!
0[

#30385000
1!
b1101111001 ;
1[
b1101111001 w

#30386000
b10001110100000 y

#30390000
0!
0[

#30395000
1!
b1101111010 ;
1[
b1101111010 w

#30396000
b10001110100011 y

#30400000
0!
0[

#30405000
1!
b1101111011 ;
1[
b1101111011 w

#30406000
b10001110100110 y

#30410000
0!
0[

#30415000
1!
b1101111100 ;
1[
b1101111100 w

#30416000
b10001110101001 y

#30420000
0!
0[

#30425000
1!
b1101111101 ;
1[
b1101111101 w

#30426000
b10001110101100 y

#30430000
0!
0[

#30435000
1!
b1101111110 ;
1[
b1101111110 w

#30436000
b10001110101111 y

#30440000
0!
0[

#30445000
1!
b1101111111 ;
1[
b1101111111 w

#30446000
b10001110110010 y

#30450000
0!
0[

#30455000
1!
b1110000000 ;
1[
b1110000000 w

#30456000
b10001110110101 y

#30460000
0!
0[

#30465000
1!
b1110000001 ;
1[
b1110000001 w

#30466000
b10001110111000 y

#30470000
0!
0[

#30475000
1!
b1110000010 ;
1[
b1110000010 w

#30476000
b10001110111011 y

#30480000
0!
0[

#30485000
1!
b1110000011 ;
1[
b1110000011 w

#30486000
b10001110111110 y

#30490000
0!
0[

#30495000
1!
b1110000100 ;
1[
b1110000100 w

#30496000
b10001111000001 y

#30500000
0!
0[

#30505000
1!
b1110000101 ;
1[
b1110000101 w

#30506000
b10001111000100 y

#30510000
0!
0[

#30515000
1!
b1110000110 ;
1[
b1110000110 w

#30516000
b10001111000111 y

#30520000
0!
0[

#30525000
1!
b1110000111 ;
1[
b1110000111 w

#30526000
b10001111001010 y

#30530000
0!
0[

#30535000
1!
b1110001000 ;
1[
b1110001000 w

#30536000
b10001111001101 y

#30540000
0!
0[

#30545000
1!
b1110001001 ;
1[
b1110001001 w

#30546000
b10001111010000 y

#30550000
0!
0[

#30555000
1!
b1110001010 ;
1[
b1110001010 w

#30556000
b10001111010011 y

#30560000
0!
0[

#30565000
1!
b1110001011 ;
1[
b1110001011 w

#30566000
b10001111010110 y

#30570000
0!
0[

#30575000
1!
b1110001100 ;
1[
b1110001100 w

#30576000
b10001111011001 y

#30580000
0!
0[

#30585000
1!
b1110001101 ;
1[
b1110001101 w

#30586000
b10001111011100 y

#30590000
0!
0[

#30595000
1!
b1110001110 ;
1[
b1110001110 w

#30596000
b10001111011111 y

#30600000
0!
0[

#30605000
1!
b1110001111 ;
1[
b1110001111 w

#30606000
b10001111100010 y

#30610000
0!
0[

#30615000
1!
b1110010000 ;
1[
b1110010000 w

#30616000
b10001111100101 y

#30620000
0!
0[

#30625000
1!
b1110010001 ;
1[
b1110010001 w

#30626000
b10001111101000 y

#30630000
0!
0[

#30635000
1!
b1110010010 ;
1[
b1110010010 w

#30636000
b10001111101011 y

#30640000
0!
0[

#30645000
1!
b1110010011 ;
1[
b1110010011 w

#30646000
b10001111101110 y

#30650000
0!
0[

#30655000
1!
b1110010100 ;
1[
b1110010100 w

#30656000
b10001111110001 y

#30660000
0!
0[

#30665000
1!
b1110010101 ;
1[
b1110010101 w

#30666000
b10001111110100 y

#30670000
0!
0[

#30675000
1!
b1110010110 ;
1[
b1110010110 w

#30676000
b10001111110111 y

#30680000
0!
0[

#30685000
1!
b1110010111 ;
1[
b1110010111 w

#30686000
b10001111111010 y

#30690000
0!
0[

#30695000
1!
b1110011000 ;
1[
b1110011000 w

#30696000
b10001111111101 y

#30700000
0!
0[

#30705000
1!
b1110011001 ;
1[
b1110011001 w

#30706000
b10010000000000 y

#30710000
0!
0[

#30715000
1!
b1110011010 ;
1[
b1110011010 w

#30716000
b10010000000011 y

#30720000
0!
0[

#30725000
1!
b1110011011 ;
1[
b1110011011 w

#30726000
b10010000000110 y

#30730000
0!
0[

#30735000
1!
b1110011100 ;
1[
b1110011100 w

#30736000
b10010000001001 y

#30740000
0!
0[

#30745000
1!
b1110011101 ;
1[
b1110011101 w

#30746000
b10010000001100 y

#30750000
0!
0[

#30755000
1!
b1110011110 ;
1[
b1110011110 w

#30756000
b10010000001111 y

#30760000
0!
0[

#30765000
1!
b1110011111 ;
1[
b1110011111 w

#30766000
b10010000010010 y

#30770000
0!
0[

#30775000
1!
b1110100000 ;
1[
b1110100000 w

#30776000
b10010000010101 y

#30780000
0!
0[

#30785000
1!
b1110100001 ;
1[
b1110100001 w

#30786000
b10010000011000 y

#30790000
0!
0[

#30795000
1!
b1110100010 ;
1[
b1110100010 w

#30796000
b10010000011011 y

#30800000
0!
0[

#30805000
1!
b1110100011 ;
1[
b1110100011 w

#30806000
b10010000011110 y

#30810000
0!
0[

#30815000
1!
b1110100100 ;
1[
b1110100100 w

#30816000
b10010000100001 y

#30820000
0!
0[

#30825000
1!
b1110100101 ;
1[
b1110100101 w

#30826000
b10010000100100 y

#30830000
0!
0[

#30835000
1!
b1110100110 ;
1[
b1110100110 w

#30836000
b10010000100111 y

#30840000
0!
0[

#30845000
1!
b1110100111 ;
1[
b1110100111 w

#30846000
b10010000101010 y

#30850000
0!
0[

#30855000
1!
b1110101000 ;
1[
b1110101000 w

#30856000
b10010000101101 y

#30860000
0!
0[

#30865000
1!
b1110101001 ;
1[
b1110101001 w

#30866000
b10010000110000 y

#30870000
0!
0[

#30875000
1!
b1110101010 ;
1[
b1110101010 w

#30876000
b10010000110011 y

#30880000
0!
0[

#30885000
1!
b1110101011 ;
1[
b1110101011 w

#30886000
b10010000110110 y

#30890000
0!
0[

#30895000
1!
b1110101100 ;
1[
b1110101100 w

#30896000
b10010000111001 y

#30900000
0!
0[

#30905000
1!
b1110101101 ;
1[
b1110101101 w

#30906000
b10010000111100 y

#30910000
0!
0[

#30915000
1!
b1110101110 ;
1[
b1110101110 w

#30916000
b10010000111111 y

#30920000
0!
0[

#30925000
1!
b1110101111 ;
1[
b1110101111 w

#30926000
b10010001000010 y

#30930000
0!
0[

#30935000
1!
b1110110000 ;
1[
b1110110000 w

#30936000
b10010001000101 y

#30940000
0!
0[

#30945000
1!
b1110110001 ;
1[
b1110110001 w

#30946000
b10010001001000 y

#30950000
0!
0[

#30955000
1!
b1110110010 ;
1[
b1110110010 w

#30956000
b10010001001011 y

#30960000
0!
0[

#30965000
1!
b1110110011 ;
1[
b1110110011 w

#30966000
b10010001001110 y

#30970000
0!
0[

#30975000
1!
b1110110100 ;
1[
b1110110100 w

#30976000
b10010001010001 y

#30980000
0!
0[

#30985000
1!
b1110110101 ;
1[
b1110110101 w

#30986000
b10010001010100 y

#30990000
0!
0[

#30995000
1!
b1110110110 ;
1[
b1110110110 w

#30996000
b10010001010111 y

#31000000
0!
0[

#31005000
1!
b1110110111 ;
1[
b1110110111 w

#31006000
b10010001011010 y

#31010000
0!
0[

#31015000
1!
b1110111000 ;
1[
b1110111000 w

#31016000
b10010001011101 y

#31020000
0!
0[

#31025000
1!
b1110111001 ;
1[
b1110111001 w

#31026000
b10010001100000 y

#31030000
0!
0[

#31035000
1!
b1110111010 ;
1[
b1110111010 w

#31036000
b10010001100011 y

#31040000
0!
0[

#31045000
1!
b1110111011 ;
1[
b1110111011 w

#31046000
b10010001100110 y

#31050000
0!
0[

#31055000
1!
b1110111100 ;
1[
b1110111100 w

#31056000
b10010001101001 y

#31060000
0!
0[

#31065000
1!
b1110111101 ;
1[
b1110111101 w

#31066000
b10010001101100 y

#31070000
0!
0[

#31075000
1!
b1110111110 ;
1[
b1110111110 w

#31076000
b10010001101111 y

#31080000
0!
0[

#31085000
1!
b1110111111 ;
1[
b1110111111 w

#31086000
b10010001110010 y

#31090000
0!
0[

#31095000
1!
b1111000000 ;
1[
b1111000000 w

#31096000
b10010001110101 y

#31100000
0!
0[

#31105000
1!
b1111000001 ;
1[
b1111000001 w

#31106000
b10010001111000 y

#31110000
0!
0[

#31115000
1!
b1111000010 ;
1[
b1111000010 w

#31116000
b10010001111011 y

#31120000
0!
0[

#31125000
1!
b1111000011 ;
1[
b1111000011 w

#31126000
b10010001111110 y

#31130000
0!
0[

#31135000
1!
b1111000100 ;
1[
b1111000100 w

#31136000
b10010010000001 y

#31140000
0!
0[

#31145000
1!
b1111000101 ;
1[
b1111000101 w

#31146000
b10010010000100 y

#31150000
0!
0[

#31155000
1!
b1111000110 ;
1[
b1111000110 w

#31156000
b10010010000111 y

#31160000
0!
0[

#31165000
1!
b1111000111 ;
1[
b1111000111 w

#31166000
b10010010001010 y

#31170000
0!
0[

#31175000
1!
b1111001000 ;
1[
b1111001000 w

#31176000
b10010010001101 y

#31180000
0!
0[

#31185000
1!
b1111001001 ;
1[
b1111001001 w

#31186000
b10010010010000 y

#31190000
0!
0[

#31195000
1!
b1111001010 ;
1[
b1111001010 w

#31196000
b10010010010011 y

#31200000
0!
0[

#31205000
1!
b1111001011 ;
1[
b1111001011 w

#31206000
b10010010010110 y

#31210000
0!
0[

#31215000
1!
b1111001100 ;
1[
b1111001100 w

#31216000
b10010010011001 y

#31220000
0!
0[

#31225000
1!
b1111001101 ;
1[
b1111001101 w

#31226000
b10010010011100 y

#31230000
0!
0[

#31235000
1!
b1111001110 ;
1[
b1111001110 w

#31236000
b10010010011111 y

#31240000
0!
0[

#31245000
1!
b1111001111 ;
1[
b1111001111 w

#31246000
b10010010100010 y

#31250000
0!
0[

#31255000
1!
b1111010000 ;
1[
b1111010000 w

#31256000
b10010010100101 y

#31260000
0!
0[

#31265000
1!
b1111010001 ;
1[
b1111010001 w

#31266000
b10010010101000 y

#31270000
0!
0[

#31275000
1!
b1111010010 ;
1[
b1111010010 w

#31276000
b10010010101011 y

#31280000
0!
0[

#31285000
1!
b1111010011 ;
1[
b1111010011 w

#31286000
b10010010101110 y

#31290000
0!
0[

#31295000
1!
b1111010100 ;
1[
b1111010100 w

#31296000
b10010010110001 y

#31300000
0!
0[

#31305000
1!
b1111010101 ;
1[
b1111010101 w

#31306000
b10010010110100 y

#31310000
0!
0[

#31315000
1!
b1111010110 ;
1[
b1111010110 w

#31316000
b10010010110111 y

#31320000
0!
0[

#31325000
1!
b1111010111 ;
1[
b1111010111 w

#31326000
b10010010111010 y

#31330000
0!
0[

#31335000
1!
b1111011000 ;
1[
b1111011000 w

#31336000
b10010010111101 y

#31340000
0!
0[

#31345000
1!
b1111011001 ;
1[
b1111011001 w

#31346000
b10010011000000 y

#31350000
0!
0[

#31355000
1!
b1111011010 ;
1[
b1111011010 w

#31356000
b10010011000011 y

#31360000
0!
0[

#31365000
1!
b1111011011 ;
1[
b1111011011 w

#31366000
b10010011000110 y

#31370000
0!
0[

#31375000
1!
b1111011100 ;
1[
b1111011100 w

#31376000
b10010011001001 y

#31380000
0!
0[

#31385000
1!
b1111011101 ;
1[
b1111011101 w

#31386000
b10010011001100 y

#31390000
0!
0[

#31395000
1!
b1111011110 ;
1[
b1111011110 w

#31396000
b10010011001111 y

#31400000
0!
0[

#31405000
1!
b1111011111 ;
1[
b1111011111 w

#31406000
b10010011010010 y

#31410000
0!
0[

#31415000
1!
b1111100000 ;
1[
b1111100000 w

#31416000
b10010011010101 y

#31420000
0!
0[

#31425000
1!
b1111100001 ;
1[
b1111100001 w

#31426000
b10010011011000 y

#31430000
0!
0[

#31435000
1!
b1111100010 ;
1[
b1111100010 w

#31436000
b10010011011011 y

#31440000
0!
0[

#31445000
1!
b1111100011 ;
1[
b1111100011 w

#31446000
b10010011011110 y

#31450000
0!
0[

#31455000
1!
b1111100100 ;
1[
b1111100100 w

#31456000
b10010011100001 y

#31460000
0!
0[

#31465000
1!
b1111100101 ;
1[
b1111100101 w

#31466000
b10010011100100 y

#31470000
0!
0[

#31475000
1!
b1111100110 ;
1[
b1111100110 w

#31476000
b10010011100111 y

#31480000
0!
0[

#31485000
1!
b1 :
b1111100111 ;
1[
b1 v
b1111100111 w

#31486000
b10010011101010 y

#31490000
0!
b1 R
0[
b10010011101011 y

#31495000
1!
b1 5
b0 6
b0 7
b0 ;
1[
b0 r
b1 s
b0 t
b0 w

#31496000
b1 &!
b10010011101110 y

#31500000
0!
b100 R
0[
b10010011101111 y

#31505000
1!
1[

#31506000
b10010011110010 y

#31510000
0!
0[

#31515000
1!
1[

#31516000
b10010011110101 y

#31520000
0!
0[

#31525000
1!
1[

#31526000
b10010011111000 y

#31530000
0!
0[

#31535000
1!
1[

#31536000
b10010011111011 y

#31540000
0!
b111101100110100 !!
b11 R
b1000 S
0[
b1000 j

#31545000
1!
1[

#31546000
b10010011111110 y

#31550000
0!
0[

#31555000
1!
1[

#31556000
b10010100000001 y

#31560000
0!
0[

#31565000
1!
1[

#31566000
b10010100000100 y

#31570000
0!
0[

#31575000
1!
1[

#31576000
b10010100000111 y

#31580000
0!
1'
b101 :
0[
1`
b101 v

#31585000
1!
b101 5
1[
b101 s

#31586000
b101 &!
b10010100001010 y

#31590000
0!
0'
b101011001111000 Y
0[
0`

#31595000
1!
b1 ;
1[
b1 w

#31596000
b10010100001101 y

#31600000
0!
1,
1=
0[
1c
1x

#31605000
1!
b101 6
b1 7
b0 ;
1[
b101 r
b1 t
b0 w

#31606000
b10010100010000 y

#31610000
0!
0,
0=
b110 X
0[
0c
0x

#31615000
1!
b1 ;
1[
b1 w

#31616000
b10010100010011 y

#31620000
0!
1,
b110 -
1=
0[
1c
b110 g
1x

#31625000
1!
b1010110 6
b10 7
b0 ;
1[
b1010110 r
b10 t
b0 w

#31626000
b10010100010110 y

#31630000
0!
0,
0=
b111 X
0[
0c
0x

#31635000
1!
b1 ;
1[
b1 w

#31636000
b10010100011001 y

#31640000
0!
1,
b111 -
1=
0[
1c
b111 g
1x

#31645000
1!
b10101100111 6
b11 7
b0 ;
1[
b10101100111 r
b11 t
b0 w

#31646000
b10010100011100 y

#31650000
0!
0,
0=
b1000 X
0[
0c
0x

#31655000
1!
b1 ;
1[
b1 w

#31656000
b10010100011111 y

#31660000
0!
1,
b1000 -
1=
0[
1c
b1000 g
1x

#31665000
1!
b101011001111000 6
b100 7
b0 ;
1[
b101011001111000 r
b100 t
b0 w

#31666000
b10010100100010 y

#31670000
0!
0,
0=
b1010 X
0[
0c
0x

#31675000
1!
b1 ;
1[
b1 w

#31676000
b10010100100101 y

#31680000
0!
1,
b1010 -
b110 :
0<
1=
0[
1c
b1010 g
b110 v
1x

#31685000
1!
10
b101011001111000 1
b110 5
b0 ;
1[
1l
b101011001111000 q
b110 s
b0 w

#31686000
b110 &!
1)!
b10010100101001 y
b1 {

#31690000
0!
0,
0=
0[
0c
0x
b10010100101010 y

#31695000
1!
00
1[
0l

#31696000
0)!
b10010100101101 y

#31700000
0!
0[

#31705000
1!
1[

#31706000
b10010100110000 y

#31710000
0!
0[

#31715000
1!
1[

#31716000
b10010100110011 y

#31720000
0!
1T
1V
1W
0[

#31725000
1!
1[

#31726000
b10010100110110 y

#31730000
0!
1&
1'
1(
1)
0[
1_
1`
1a
1b

#31735000
1!
1[

#31736000
b10010100111001 y

#31740000
0!
0&
0'
0(
0)
b1100 X
0[
0_
0`
0a
0b

#31745000
1!
1[

#31746000
b10010100111100 y

#31750000
0!
1,
b1100 -
1=
0[
1c
b1100 g
1x

#31755000
1!
1[

#31756000
b10010100111111 y

#31760000
0!
0,
0=
0[
0c
0x
b10010101000000 y

#31765000
1!
1[

#31766000
b10010101000011 y

#31770000
0!
b101011001111000 $
1.
1/
b1 :
0[
1d
1e
b101011001111000 h
b1 v

#31775000
1!
b1 5
b0 6
b0 7
1[
b0 r
b1 s
b0 t

#31776000
b1 &!
b10010101000110 y

#31780000
0!
0.
0/
0U
0V
0W
0[
0d
0e
b10010101000111 y

#31785000
1!
1[

#31786000
b10010101001010 y

#31790000
0!
1&
b10 :
0[
1_
b10 v

#31795000
1!
b10 5
1[
b10 s

#31796000
b10 &!
b10010101001101 y

#31800000
0!
0&
b101 X
0[
0_

#31805000
1!
b1 ;
1[
b1 w

#31806000
b10010101010000 y

#31810000
0!
1,
b101 -
1<
1=
0[
1c
b101 g
1x

#31815000
1!
b101 6
b1 7
b0 ;
1[
b101 r
b1 t
b0 w

#31816000
b10010101010011 y

#31820000
0!
0,
0=
b110 X
0[
0c
0x

#31825000
1!
b1 ;
1[
b1 w

#31826000
b10010101010110 y

#31830000
0!
1,
b110 -
1=
0[
1c
b110 g
1x

#31835000
1!
b1010110 6
b10 7
b0 ;
1[
b1010110 r
b10 t
b0 w

#31836000
b10010101011001 y

#31840000
0!
0,
0=
b111 X
0[
0c
0x

#31845000
1!
b1 ;
1[
b1 w

#31846000
b10010101011100 y

#31850000
0!
1,
b111 -
1=
0[
1c
b111 g
1x

#31855000
1!
b10101100111 6
b11 7
b0 ;
1[
b10101100111 r
b11 t
b0 w

#31856000
b10010101011111 y

#31860000
0!
0,
0=
b1000 X
0[
0c
0x

#31865000
1!
b1 ;
1[
b1 w

#31866000
b10010101100010 y

#31870000
0!
1,
b1000 -
1=
0[
1c
b1000 g
1x

#31875000
1!
b101011001111000 6
b100 7
b0 ;
1[
b101011001111000 r
b100 t
b0 w

#31876000
b10010101100101 y

#31880000
0!
0,
0=
b1010 X
0[
0c
0x

#31885000
1!
b1 ;
1[
b1 w

#31886000
b10010101101000 y

#31890000
0!
1,
b1010 -
b100 :
0<
1=
0[
1c
b1010 g
b100 v
1x

#31895000
1!
13
b100 5
b0 8
b1 :
b0 ;
1[
1n
b100 s
b0 u
b1 v
b0 w

#31896000
b100 &!
b10010101101011 y

#31900000
0!
0,
b100 :
0=
0[
0c
b100 v
0x
b10010101101100 y

#31905000
1!
b1 ;
1[
b1 w

#31906000
b10010101101111 y

#31910000
0!
1,
b1 :
1=
0[
1c
b1 v
1x

#31915000
1!
03
b1 5
b0 6
b0 7
b0 ;
1[
0n
b0 r
b1 s
b0 t
b0 w

#31916000
b1 &!
b10010101110010 y

#31920000
0!
0,
0=
b100 R
0[
0c
0x

#31925000
1!
1[

#31926000
b10010101110101 y

#31930000
0!
0[

#31935000
1!
1[

#31936000
b10010101111000 y

#31940000
0!
0[

#31945000
1!
1[

#31946000
b10010101111011 y

#31950000
0!
0[

#31955000
1!
1[

#31956000
b10010101111110 y

#31960000
0!
b111110011011000 !!
b11 R
b1001 S
0[
b1001 j

#31965000
1!
1[

#31966000
b10010110000001 y

#31970000
0!
0[

#31975000
1!
1[

#31976000
b10010110000100 y

#31980000
0!
0[

#31985000
1!
1[

#31986000
b10010110000111 y

#31990000
0!
0T
1U
0[

#31995000
1!
1[

#31996000
b10010110001010 y

#32000000
0!
1'
b101 :
0[
1`
b101 v

#32005000
1!
b101 5
1[
b101 s

#32006000
b101 &!
b10010110001101 y

#32010000
0!
0'
b1001 X
b1001000010010000 Y
0[
0`

#32015000
1!
b1 ;
1[
b1 w

#32016000
b10010110010000 y

#32020000
0!
1,
b1001 -
1<
1=
0[
1c
b1001 g
1x

#32025000
1!
b1001 6
b1 7
b0 ;
1[
b1001 r
b1 t
b0 w

#32026000
b10010110010011 y

#32030000
0!
0,
0=
b0 X
0[
0c
0x

#32035000
1!
b1 ;
1[
b1 w

#32036000
b10010110010110 y

#32040000
0!
1,
b0 -
1=
0[
1c
b0 g
1x

#32045000
1!
b10010000 6
b10 7
b0 ;
1[
b10010000 r
b10 t
b0 w

#32046000
b10010110011001 y

#32050000
0!
0,
0=
b1001 X
0[
0c
0x

#32055000
1!
b1 ;
1[
b1 w

#32056000
b10010110011100 y

#32060000
0!
1,
b1001 -
1=
0[
1c
b1001 g
1x

#32065000
1!
b100100001001 6
b11 7
b0 ;
1[
b100100001001 r
b11 t
b0 w

#32066000
b10010110011111 y

#32070000
0!
0,
0=
b0 X
0[
0c
0x

#32075000
1!
b1 ;
1[
b1 w

#32076000
b10010110100010 y

#32080000
0!
1,
b0 -
1=
0[
1c
b0 g
1x

#32085000
1!
b1001000010010000 6
b100 7
b0 ;
1[
b1001000010010000 r
b100 t
b0 w

#32086000
b10010110100101 y

#32090000
0!
0,
0=
b1010 X
0[
0c
0x

#32095000
1!
b1 ;
1[
b1 w

#32096000
b10010110101000 y

#32100000
0!
1,
b1010 -
b110 :
0<
1=
0[
1c
b1010 g
b110 v
1x

#32105000
1!
10
b1001000010010000 1
b110 5
b0 ;
1[
1l
b1001000010010000 q
b110 s
b0 w

#32106000
b110 &!
1)!
b10010110101100 y
b10 {

#32110000
0!
0,
0=
0[
0c
0x

#32115000
1!
00
1[
0l

#32116000
0)!
b10010110101111 y

#32120000
0!
1.
b1 :
0[
1d
b1 v

#32125000
1!
b1 5
b0 6
b0 7
19
1[
1p
b0 r
b1 s
b0 t

#32126000
b1 &!
b10010110110010 y

#32130000
0!
1%
0.
1T
0U
0[
1^
0d
b10010110110011 y

#32135000
1!
1[

#32136000
b10010110110110 y

#32140000
0!
1&
b10 :
0[
1_
b10 v

#32145000
1!
b10 5
19
1[
b10 s

#32146000
b10 &!
b10010110111001 y

#32150000
0!
0%
0&
0T
1U
0[
0^
0_
b10010110111010 y

#32155000
1!
b1 ;
1[
b1 w

#32156000
b10010110111101 y

#32160000
0!
1'
0[
1`

#32165000
1!
09
b10 ;
1[
0p
b10 w

#32166000
b10010111000000 y

#32170000
0!
0'
b101 X
b101011001111000 Y
0[
0`
b10010111000001 y

#32175000
1!
b11 ;
1[
b11 w

#32176000
b10010111000100 y

#32180000
0!
1,
b101 -
1<
1=
0[
1c
b101 g
1x

#32185000
1!
b101 6
b1 7
b0 ;
1[
b101 r
b1 t
b0 w

#32186000
b10010111000111 y

#32190000
0!
0,
0=
b110 X
0[
0c
0x

#32195000
1!
b1 ;
1[
b1 w

#32196000
b10010111001010 y

#32200000
0!
1,
b110 -
1=
0[
1c
b110 g
1x

#32205000
1!
b1010110 6
b10 7
b0 ;
1[
b1010110 r
b10 t
b0 w

#32206000
b10010111001101 y

#32210000
0!
0,
0=
b111 X
0[
0c
0x

#32215000
1!
b1 ;
1[
b1 w

#32216000
b10010111010000 y

#32220000
0!
1,
b111 -
1=
0[
1c
b111 g
1x

#32225000
1!
b10101100111 6
b11 7
b0 ;
1[
b10101100111 r
b11 t
b0 w

#32226000
b10010111010011 y

#32230000
0!
0,
0=
b1000 X
0[
0c
0x

#32235000
1!
b1 ;
1[
b1 w

#32236000
b10010111010110 y

#32240000
0!
1,
b1000 -
1=
0[
1c
b1000 g
1x

#32245000
1!
b101011001111000 6
b100 7
b0 ;
1[
b101011001111000 r
b100 t
b0 w

#32246000
b10010111011001 y

#32250000
0!
0,
0=
b1010 X
0[
0c
0x

#32255000
1!
b1 ;
1[
b1 w

#32256000
b10010111011100 y

#32260000
0!
1,
b1010 -
b100 :
0<
1=
0[
1c
b1010 g
b100 v
1x

#32265000
1!
13
b100 5
b1 :
b0 ;
1[
1n
b100 s
b1 v
b0 w

#32266000
b100 &!
b10010111011111 y

#32270000
0!
0,
b100 :
0=
0[
0c
b100 v
0x
b10010111100000 y

#32275000
1!
b1 ;
1[
b1 w

#32276000
b10010111100011 y

#32280000
0!
1,
b1 :
1=
0[
1c
b1 v
1x

#32285000
1!
03
b1 5
b0 6
b0 7
b0 ;
1[
0n
b0 r
b1 s
b0 t
b0 w

#32286000
b1 &!
b10010111100110 y

#32290000
0!
0,
0=
b100 R
0[
0c
0x

#32295000
1!
1[

#32296000
b10010111101001 y

#32300000
0!
0[

#32305000
1!
1[

#32306000
b10010111101100 y

#32310000
0!
0[

#32315000
1!
1[

#32316000
b10010111101111 y

#32320000
0!
0[

#32325000
1!
1[

#32326000
b10010111110010 y

#32330000
0!
0[

#32335000
1!
1[

#32336000
b10010111110101 y

#32340000
0!
1"
0#
b1001000110100 $
b11 R
0[
1\
0]
b1001000110100 h

#32345000
1!
b1001000110100 1
b0 5
b0 :
1[
b1001000110100 q
b0 s
b0 v

#32346000
b0 &!
1'!

#32350000
0!
0[

#32355000
1!
1[

#32360000
0!
0[

#32365000
1!
1[

#32370000
0!
0"
b10 R
0[
0\

#32375000
1!
1[

#32376000
0'!
b10010111111000 y

#32380000
0!
0[

#32385000
1!
1[

#32386000
b10010111111011 y

#32390000
0!
1#
b1 :
0[
1]
b1 v

#32395000
1!
b1 5
1[
b1 s

#32396000
b1 &!
b10010111111110 y

#32400000
0!
0[

#32405000
1!
1[

#32406000
b10011000000001 y

#32410000
0!
b111111010011010 !!
b11 R
b1010 S
0[
b1010 j
b10011000000010 y

#32415000
1!
1[

#32416000
b10011000000101 y

#32420000
0!
0[

#32425000
1!
1[

#32426000
b10011000001000 y

#32430000
0!
0[

#32435000
1!
1[

#32436000
b10011000001011 y

#32440000
0!
1T
0U
0[

#32445000
1!
1[

#32446000
b10011000001110 y

#32450000
0!
1&
b10 :
0[
1_
b10 v

#32455000
1!
b10 5
1[
b10 s

#32456000
b10 &!
b10011000010001 y

#32460000
0!
b1 "!
0&
b1 X
b1000100010001 Y
0[
0_

#32465000
1!
b1 ;
1[
b1 w

#32466000
b10011000010100 y

#32470000
0!
1,
b1 -
1<
1=
0[
1c
b1 g
1x

#32475000
1!
b1 6
b1 7
b0 ;
1[
b1 r
b1 t
b0 w

#32476000
b10011000010111 y

#32480000
0!
0,
0=
0[
0c
0x

#32485000
1!
b1 ;
1[
b1 w

#32486000
b10011000011010 y

#32490000
0!
1,
1=
0[
1c
1x

#32495000
1!
b10001 6
b10 7
b0 ;
1[
b10001 r
b10 t
b0 w

#32496000
b10011000011101 y

#32500000
0!
0,
0=
0[
0c
0x

#32505000
1!
b1 ;
1[
b1 w

#32506000
b10011000100000 y

#32510000
0!
1,
1=
0[
1c
1x

#32515000
1!
b100010001 6
b11 7
b0 ;
1[
b100010001 r
b11 t
b0 w

#32516000
b10011000100011 y

#32520000
0!
0,
0=
0[
0c
0x

#32525000
1!
b1 ;
1[
b1 w

#32526000
b10011000100110 y

#32530000
0!
1,
1=
0[
1c
1x

#32535000
1!
b1000100010001 6
b100 7
b0 ;
1[
b1000100010001 r
b100 t
b0 w

#32536000
b10011000101001 y

#32540000
0!
0,
0=
b1010 X
0[
0c
0x

#32545000
1!
b1 ;
1[
b1 w

#32546000
b10011000101100 y

#32550000
0!
1,
b1010 -
b11 :
0<
1=
0[
1c
b1010 g
b11 v
1x

#32555000
1!
b11 5
b1 8
b0 ;
1[
b11 s
b1 u
b0 w

#32556000
b11 &!
b10011000101111 y

#32560000
0!
0,
0=
b1100 X
0[
0c
0x
b10011000110000 y

#32565000
1!
b1 ;
1[
b1 w

#32566000
b10011000110011 y

#32570000
0!
1,
b1100 -
1=
0[
1c
b1100 g
1x

#32575000
1!
b10 ;
1[
b10 w

#32576000
b10011000110110 y

#32580000
0!
0,
0=
0[
0c
0x
b10011000110111 y

#32585000
1!
b11 ;
1[
b11 w

#32586000
b10011000111010 y

#32590000
0!
0[

#32595000
1!
b100 ;
1[
b100 w

#32596000
b10011000111101 y

#32600000
0!
0[

#32605000
1!
b101 ;
1[
b101 w

#32606000
b10011001000000 y

#32610000
0!
0[

#32615000
1!
b110 ;
1[
b110 w

#32616000
b10011001000011 y

#32620000
0!
0[

#32625000
1!
b111 ;
1[
b111 w

#32626000
b10011001000110 y

#32630000
0!
0[

#32635000
1!
b1000 ;
1[
b1000 w

#32636000
b10011001001001 y

#32640000
0!
0[

#32645000
1!
b1001 ;
1[
b1001 w

#32646000
b10011001001100 y

#32650000
0!
0[

#32655000
1!
b1010 ;
1[
b1010 w

#32656000
b10011001001111 y

#32660000
0!
0[

#32665000
1!
b1011 ;
1[
b1011 w

#32666000
b10011001010010 y

#32670000
0!
0[

#32675000
1!
b1100 ;
1[
b1100 w

#32676000
b10011001010101 y

#32680000
0!
0[

#32685000
1!
b1101 ;
1[
b1101 w

#32686000
b10011001011000 y

#32690000
0!
0[

#32695000
1!
b1110 ;
1[
b1110 w

#32696000
b10011001011011 y

#32700000
0!
0[

#32705000
1!
b1111 ;
1[
b1111 w

#32706000
b10011001011110 y

#32710000
0!
0[

#32715000
1!
b10000 ;
1[
b10000 w

#32716000
b10011001100001 y

#32720000
0!
0[

#32725000
1!
b10001 ;
1[
b10001 w

#32726000
b10011001100100 y

#32730000
0!
0[

#32735000
1!
b10010 ;
1[
b10010 w

#32736000
b10011001100111 y

#32740000
0!
0[

#32745000
1!
b10 :
b10011 ;
1[
b10 v
b10011 w

#32746000
b10011001101010 y

#32750000
0!
0[

#32755000
1!
b10 5
b0 6
b0 7
b0 ;
1[
b0 r
b10 s
b0 t
b0 w

#32756000
b10 &!
b10011001101101 y

#32760000
0!
b10 "!
b1 X
0[
b10011001101110 y

#32765000
1!
b1 ;
1[
b1 w

#32766000
b10011001110001 y

#32770000
0!
1,
b1 -
1<
1=
0[
1c
b1 g
1x

#32775000
1!
b1 6
b1 7
b0 ;
1[
b1 r
b1 t
b0 w

#32776000
b10011001110100 y

#32780000
0!
0,
0=
0[
0c
0x

#32785000
1!
b1 ;
1[
b1 w

#32786000
b10011001110111 y

#32790000
0!
1,
1=
0[
1c
1x

#32795000
1!
b10001 6
b10 7
b0 ;
1[
b10001 r
b10 t
b0 w

#32796000
b10011001111010 y

#32800000
0!
0,
0=
0[
0c
0x

#32805000
1!
b1 ;
1[
b1 w

#32806000
b10011001111101 y

#32810000
0!
1,
1=
0[
1c
1x

#32815000
1!
b100010001 6
b11 7
b0 ;
1[
b100010001 r
b11 t
b0 w

#32816000
b10011010000000 y

#32820000
0!
0,
0=
0[
0c
0x

#32825000
1!
b1 ;
1[
b1 w

#32826000
b10011010000011 y

#32830000
0!
1,
1=
0[
1c
1x

#32835000
1!
b1000100010001 6
b100 7
b0 ;
1[
b1000100010001 r
b100 t
b0 w

#32836000
b10011010000110 y

#32840000
0!
0,
0=
b1010 X
0[
0c
0x

#32845000
1!
b1 ;
1[
b1 w

#32846000
b10011010001001 y

#32850000
0!
1,
b1010 -
b11 :
0<
1=
0[
1c
b1010 g
b11 v
1x

#32855000
1!
b11 5
b10 8
b0 ;
1[
b11 s
b10 u
b0 w

#32856000
b11 &!
b10011010001100 y

#32860000
0!
0,
0=
b1100 X
0[
0c
0x
b10011010001101 y

#32865000
1!
b1 ;
1[
b1 w

#32866000
b10011010010000 y

#32870000
0!
1,
b1100 -
1=
0[
1c
b1100 g
1x

#32875000
1!
b10 ;
1[
b10 w

#32876000
b10011010010011 y

#32880000
0!
0,
0=
0[
0c
0x
b10011010010100 y

#32885000
1!
b11 ;
1[
b11 w

#32886000
b10011010010111 y

#32890000
0!
0[

#32895000
1!
b100 ;
1[
b100 w

#32896000
b10011010011010 y

#32900000
0!
0[

#32905000
1!
b101 ;
1[
b101 w

#32906000
b10011010011101 y

#32910000
0!
0[

#32915000
1!
b110 ;
1[
b110 w

#32916000
b10011010100000 y

#32920000
0!
0[

#32925000
1!
b111 ;
1[
b111 w

#32926000
b10011010100011 y

#32930000
0!
0[

#32935000
1!
b1000 ;
1[
b1000 w

#32936000
b10011010100110 y

#32940000
0!
0[

#32945000
1!
b1001 ;
1[
b1001 w

#32946000
b10011010101001 y

#32950000
0!
0[

#32955000
1!
b1010 ;
1[
b1010 w

#32956000
b10011010101100 y

#32960000
0!
0[

#32965000
1!
b1011 ;
1[
b1011 w

#32966000
b10011010101111 y

#32970000
0!
0[

#32975000
1!
b1100 ;
1[
b1100 w

#32976000
b10011010110010 y

#32980000
0!
0[

#32985000
1!
b1101 ;
1[
b1101 w

#32986000
b10011010110101 y

#32990000
0!
0[

#32995000
1!
b1110 ;
1[
b1110 w

#32996000
b10011010111000 y

#33000000
0!
0[

#33005000
1!
b1111 ;
1[
b1111 w

#33006000
b10011010111011 y

#33010000
0!
0[

#33015000
1!
b10000 ;
1[
b10000 w

#33016000
b10011010111110 y

#33020000
0!
0[

#33025000
1!
b10001 ;
1[
b10001 w

#33026000
b10011011000001 y

#33030000
0!
0[

#33035000
1!
b10010 ;
1[
b10010 w

#33036000
b10011011000100 y

#33040000
0!
0[

#33045000
1!
b10 :
b10011 ;
1[
b10 v
b10011 w

#33046000
b10011011000111 y

#33050000
0!
0[

#33055000
1!
b10 5
b0 6
b0 7
b0 ;
1[
b0 r
b10 s
b0 t
b0 w

#33056000
b10 &!
b10011011001010 y

#33060000
0!
b11 "!
b1 X
0[
b10011011001011 y

#33065000
1!
b1 ;
1[
b1 w

#33066000
b10011011001110 y

#33070000
0!
1,
b1 -
1<
1=
0[
1c
b1 g
1x

#33075000
1!
b1 6
b1 7
b0 ;
1[
b1 r
b1 t
b0 w

#33076000
b10011011010001 y

#33080000
0!
0,
0=
0[
0c
0x

#33085000
1!
b1 ;
1[
b1 w

#33086000
b10011011010100 y

#33090000
0!
1,
1=
0[
1c
1x

#33095000
1!
b10001 6
b10 7
b0 ;
1[
b10001 r
b10 t
b0 w

#33096000
b10011011010111 y

#33100000
0!
0,
0=
0[
0c
0x

#33105000
1!
b1 ;
1[
b1 w

#33106000
b10011011011010 y

#33110000
0!
1,
1=
0[
1c
1x

#33115000
1!
b100010001 6
b11 7
b0 ;
1[
b100010001 r
b11 t
b0 w

#33116000
b10011011011101 y

#33120000
0!
0,
0=
0[
0c
0x

#33125000
1!
b1 ;
1[
b1 w

#33126000
b10011011100000 y

#33130000
0!
1,
1=
0[
1c
1x

#33135000
1!
b1000100010001 6
b100 7
b0 ;
1[
b1000100010001 r
b100 t
b0 w

#33136000
b10011011100011 y

#33140000
0!
0,
0=
b1010 X
0[
0c
0x

#33145000
1!
b1 ;
1[
b1 w

#33146000
b10011011100110 y

#33150000
0!
1,
b1010 -
b11 :
0<
1=
0[
1c
b1010 g
b11 v
1x

#33155000
1!
b11 5
b11 8
b0 ;
1[
b11 s
b11 u
b0 w

#33156000
b11 &!
b10011011101001 y

#33160000
0!
0,
0=
b1100 X
0[
0c
0x
b10011011101010 y

#33165000
1!
b1 ;
1[
b1 w

#33166000
b10011011101101 y

#33170000
0!
1,
b1100 -
1=
0[
1c
b1100 g
1x

#33175000
1!
b10 ;
1[
b10 w

#33176000
b10011011110000 y

#33180000
0!
0,
0=
0[
0c
0x
b10011011110001 y

#33185000
1!
b11 ;
1[
b11 w

#33186000
b10011011110100 y

#33190000
0!
0[

#33195000
1!
b100 ;
1[
b100 w

#33196000
b10011011110111 y

#33200000
0!
0[

#33205000
1!
b101 ;
1[
b101 w

#33206000
b10011011111010 y

#33210000
0!
0[

#33215000
1!
b110 ;
1[
b110 w

#33216000
b10011011111101 y

#33220000
0!
0[

#33225000
1!
b111 ;
1[
b111 w

#33226000
b10011100000000 y

#33230000
0!
0[

#33235000
1!
b1000 ;
1[
b1000 w

#33236000
b10011100000011 y

#33240000
0!
0[

#33245000
1!
b1001 ;
1[
b1001 w

#33246000
b10011100000110 y

#33250000
0!
0[

#33255000
1!
b1010 ;
1[
b1010 w

#33256000
b10011100001001 y

#33260000
0!
0[

#33265000
1!
b1011 ;
1[
b1011 w

#33266000
b10011100001100 y

#33270000
0!
0[

#33275000
1!
b1100 ;
1[
b1100 w

#33276000
b10011100001111 y

#33280000
0!
0[

#33285000
1!
b1101 ;
1[
b1101 w

#33286000
b10011100010010 y

#33290000
0!
0[

#33295000
1!
b1110 ;
1[
b1110 w

#33296000
b10011100010101 y

#33300000
0!
0[

#33305000
1!
b1111 ;
1[
b1111 w

#33306000
b10011100011000 y

#33310000
0!
0[

#33315000
1!
b10000 ;
1[
b10000 w

#33316000
b10011100011011 y

#33320000
0!
0[

#33325000
1!
b10001 ;
1[
b10001 w

#33326000
b10011100011110 y

#33330000
0!
0[

#33335000
1!
b10010 ;
1[
b10010 w

#33336000
b10011100100001 y

#33340000
0!
0[

#33345000
1!
b10 :
b10011 ;
1[
b10 v
b10011 w

#33346000
b10011100100100 y

#33350000
0!
0[

#33355000
1!
b10 5
b0 6
b0 7
b0 ;
1[
b0 r
b10 s
b0 t
b0 w

#33356000
b10 &!
b10011100100111 y

#33360000
0!
b100 "!
b100 R
0[
b10011100101000 y

#33365000
1!
b1 ;
1[
b1 w

#33366000
b10011100101011 y

#33370000
0!
0[

#33375000
1!
b10 ;
1[
b10 w

#33376000
b10011100101110 y

#33380000
0!
0[

#33385000
1!
b11 ;
1[
b11 w

#33386000
b10011100110001 y

#33390000
0!
0[

#33395000
1!
b100 ;
1[
b100 w

#33396000
b10011100110100 y

#33400000
0!
b1000001001111000 !!
b11 R
b1011 S
0[
b1011 j

#33405000
1!
b101 ;
1[
b101 w

#33406000
b10011100110111 y

#33410000
0!
0[

#33415000
1!
b110 ;
1[
b110 w

#33416000
b10011100111010 y

#33420000
0!
0[

#33425000
1!
b111 ;
1[
b111 w

#33426000
b10011100111101 y

#33430000
0!
b1 X
0[

#33435000
1!
b1000 ;
1[
b1000 w

#33436000
b10011101000000 y

#33440000
0!
1,
b1 -
1<
1=
0[
1c
b1 g
1x

#33445000
1!
b1 6
b1 7
b0 ;
1[
b1 r
b1 t
b0 w

#33446000
b10011101000011 y

#33450000
0!
0,
0=
0[
0c
0x

#33455000
1!
b1 ;
1[
b1 w

#33456000
b10011101000110 y

#33460000
0!
1,
1=
0[
1c
1x

#33465000
1!
b10001 6
b10 7
b0 ;
1[
b10001 r
b10 t
b0 w

#33466000
b10011101001001 y

#33470000
0!
0,
0=
0[
0c
0x

#33475000
1!
b1 ;
1[
b1 w

#33476000
b10011101001100 y

#33480000
0!
1,
1=
0[
1c
1x

#33485000
1!
b100010001 6
b11 7
b0 ;
1[
b100010001 r
b11 t
b0 w

#33486000
b10011101001111 y

#33490000
0!
0,
0=
0[
0c
0x

#33495000
1!
b1 ;
1[
b1 w

#33496000
b10011101010010 y

#33500000
0!
1,
1=
0[
1c
1x

#33505000
1!
b1000100010001 6
b100 7
b0 ;
1[
b1000100010001 r
b100 t
b0 w

#33506000
b10011101010101 y

#33510000
0!
0,
0=
b1010 X
0[
0c
0x

#33515000
1!
b1 ;
1[
b1 w

#33516000
b10011101011000 y

#33520000
0!
1,
b1010 -
b111 :
0<
1=
0[
1c
b1010 g
b111 v
1x

#33525000
1!
12
14
b111 5
b100 8
b0 ;
1[
1m
1o
b111 s
b100 u
b0 w

#33526000
b111 &!
1(!
b10011101011100 y
b1 z

#33530000
0!
0,
0=
0[
0c
0x
b10011101011101 y

#33535000
1!
02
1[
0m

#33536000
0(!
b10011101100000 y

#33540000
0!
0[

#33545000
1!
1[

#33546000
b10011101100011 y

#33550000
0!
0[

#33555000
1!
1[

#33556000
b10011101100110 y

#33560000
0!
1U
1W
0[

#33565000
1!
1[

#33566000
b10011101101001 y

#33570000
0!
1&
1'
1)
0[
1_
1`
1b

#33575000
1!
1[

#33576000
b10011101101100 y

#33580000
0!
0&
0'
0)
0[
0_
0`
0b

#33585000
1!
1[

#33586000
b10011101101111 y

#33590000
0!
1,
1=
0[
1c
1x

#33595000
1!
1[

#33596000
b10011101110010 y

#33600000
0!
0,
0=
b1100 X
0[
0c
0x

#33605000
1!
1[

#33606000
b10011101110101 y

#33610000
0!
1,
b1100 -
1=
0[
1c
b1100 g
1x

#33615000
1!
1[

#33616000
b10011101111000 y

#33620000
0!
0,
0=
b10 X
0[
0c
0x

#33625000
1!
1[

#33626000
b10011101111011 y

#33630000
0!
1,
b10 -
1<
1=
0[
1c
b10 g
1x

#33635000
1!
1[

#33636000
b10011101111110 y

#33640000
0!
0,
0=
b110 R
0[
0c
0x

#33645000
1!
1[

#33646000
b10011110000001 y

#33650000
0!
0[

#33655000
1!
1[

#33656000
b10011110000100 y

#33660000
0!
0[

#33665000
1!
1[

#33666000
b10011110000111 y

#33670000
0!
0[

#33675000
1!
1[

#33676000
b10011110001010 y

#33680000
0!
0[

#33685000
1!
1[

#33686000
b10011110001101 y

#33690000
0!
0[

#33695000
1!
1[

#33696000
b10011110010000 y

#33700000
0!
b100 R
0[
b10011110010001 y

#33705000
1!
1[

#33706000
b10011110010100 y

#33710000
0!
0[

#33715000
1!
1[

#33716000
b10011110010111 y

#33720000
0!
0[

#33725000
1!
1[

#33726000
b10011110011010 y

#33730000
0!
0[

#33735000
1!
1[

#33736000
b10011110011101 y

#33740000
0!
b1000001111001100 !!
b11 R
b1100 S
0[
b1100 j

#33745000
1!
1[

#33746000
b10011110100000 y

#33750000
0!
0[

#33755000
1!
1[

#33756000
b10011110100011 y

#33760000
0!
0[

#33765000
1!
1[

#33766000
b10011110100110 y

#33770000
0!
1V
0[

#33775000
1!
1[

#33776000
b10011110101001 y

#33780000
0!
1&
1'
1(
1)
b10 :
0[
1_
1`
1a
1b
b10 v

#33785000
1!
04
b10 5
b0 6
b0 7
b0 8
1[
0o
b0 r
b10 s
b0 t
b0 u

#33786000
b10 &!
b10011110101100 y

#33790000
0!
0&
0'
0(
0)
b1 X
0[
0_
0`
0a
0b
b10011110101101 y

#33795000
1!
b1 ;
1[
b1 w

#33796000
b10011110110000 y

#33800000
0!
1,
b1 -
1=
0[
1c
b1 g
1x

#33805000
1!
b1 6
b1 7
b0 ;
1[
b1 r
b1 t
b0 w

#33806000
b10011110110011 y

#33810000
0!
0,
0=
0[
0c
0x

#33815000
1!
b1 ;
1[
b1 w

#33816000
b10011110110110 y

#33820000
0!
1,
1=
0[
1c
1x

#33825000
1!
b10001 6
b10 7
b0 ;
1[
b10001 r
b10 t
b0 w

#33826000
b10011110111001 y

#33830000
0!
0,
0=
0[
0c
0x

#33835000
1!
b1 ;
1[
b1 w

#33836000
b10011110111100 y

#33840000
0!
1,
1=
0[
1c
1x

#33845000
1!
b100010001 6
b11 7
b0 ;
1[
b100010001 r
b11 t
b0 w

#33846000
b10011110111111 y

#33850000
0!
0,
0=
0[
0c
0x

#33855000
1!
b1 ;
1[
b1 w

#33856000
b10011111000010 y

#33860000
0!
1,
1=
0[
1c
1x

#33865000
1!
b1000100010001 6
b100 7
b0 ;
1[
b1000100010001 r
b100 t
b0 w

#33866000
b10011111000101 y

#33870000
0!
0,
0=
b1010 X
0[
0c
0x

#33875000
1!
b1 ;
1[
b1 w

#33876000
b10011111001000 y

#33880000
0!
1,
b1010 -
b11 :
0<
1=
0[
1c
b1010 g
b11 v
1x

#33885000
1!
b11 5
b1 8
b0 ;
1[
b11 s
b1 u
b0 w

#33886000
b11 &!
b10011111001011 y

#33890000
0!
0,
0=
0[
0c
0x
b10011111001100 y

#33895000
1!
b1 ;
1[
b1 w

#33896000
b10011111001111 y

#33900000
0!
0[

#33905000
1!
b10 ;
1[
b10 w

#33906000
b10011111010010 y

#33910000
0!
0[

#33915000
1!
b11 ;
1[
b11 w

#33916000
b10011111010101 y

#33920000
0!
0[

#33925000
1!
b100 ;
1[
b100 w

#33926000
b10011111011000 y

#33930000
0!
0[

#33935000
1!
b101 ;
1[
b101 w

#33936000
b10011111011011 y

#33940000
0!
0[

#33945000
1!
b110 ;
1[
b110 w

#33946000
b10011111011110 y

#33950000
0!
0[

#33955000
1!
b111 ;
1[
b111 w

#33956000
b10011111100001 y

#33960000
0!
0[

#33965000
1!
b1000 ;
1[
b1000 w

#33966000
b10011111100100 y

#33970000
0!
0[

#33975000
1!
b1001 ;
1[
b1001 w

#33976000
b10011111100111 y

#33980000
0!
0[

#33985000
1!
b1010 ;
1[
b1010 w

#33986000
b10011111101010 y

#33990000
0!
0[

#33995000
1!
b1011 ;
1[
b1011 w

#33996000
b10011111101101 y

#34000000
0!
0[

#34005000
1!
b1100 ;
1[
b1100 w

#34006000
b10011111110000 y

#34010000
0!
0[

#34015000
1!
b1101 ;
1[
b1101 w

#34016000
b10011111110011 y

#34020000
0!
0[

#34025000
1!
b1110 ;
1[
b1110 w

#34026000
b10011111110110 y

#34030000
0!
0[

#34035000
1!
b1111 ;
1[
b1111 w

#34036000
b10011111111001 y

#34040000
0!
0[

#34045000
1!
b10000 ;
1[
b10000 w

#34046000
b10011111111100 y

#34050000
0!
0[

#34055000
1!
b10001 ;
1[
b10001 w

#34056000
b10011111111111 y

#34060000
0!
0[

#34065000
1!
b10010 ;
1[
b10010 w

#34066000
b10100000000010 y

#34070000
0!
0[

#34075000
1!
b10 :
b10011 ;
1[
b10 v
b10011 w

#34076000
b10100000000101 y

#34080000
0!
0[

#34085000
1!
b10 5
b0 6
b0 7
b0 ;
1[
b0 r
b10 s
b0 t
b0 w

#34086000
b10 &!
b10100000001000 y

#34090000
0!
b1 X
b1001000110100 Y
0[
b10100000001001 y

#34095000
1!
b1 ;
1[
b1 w

#34096000
b10100000001100 y

#34100000
0!
1,
b1 -
1<
1=
0[
1c
b1 g
1x

#34105000
1!
b1 6
b1 7
b0 ;
1[
b1 r
b1 t
b0 w

#34106000
b10100000001111 y

#34110000
0!
0,
0=
b10 X
0[
0c
0x

#34115000
1!
b1 ;
1[
b1 w

#34116000
b10100000010010 y

#34120000
0!
1,
b10 -
1=
0[
1c
b10 g
1x

#34125000
1!
b10010 6
b10 7
b0 ;
1[
b10010 r
b10 t
b0 w

#34126000
b10100000010101 y

#34130000
0!
0,
0=
b11 X
0[
0c
0x

#34135000
1!
b1 ;
1[
b1 w

#34136000
b10100000011000 y

#34140000
0!
1,
b11 -
1=
0[
1c
b11 g
1x

#34145000
1!
b100100011 6
b11 7
b0 ;
1[
b100100011 r
b11 t
b0 w

#34146000
b10100000011011 y

#34150000
0!
0,
0=
b100 X
0[
0c
0x

#34155000
1!
b1 ;
1[
b1 w

#34156000
b10100000011110 y

#34160000
0!
1,
b100 -
1=
0[
1c
b100 g
1x

#34165000
1!
b1001000110100 6
b100 7
b0 ;
1[
b1001000110100 r
b100 t
b0 w

#34166000
b10100000100001 y

#34170000
0!
0,
0=
b1010 X
0[
0c
0x

#34175000
1!
b1 ;
1[
b1 w

#34176000
b10100000100100 y

#34180000
0!
1,
b1010 -
b100 :
0<
1=
0[
1c
b1010 g
b100 v
1x

#34185000
1!
13
b100 5
b0 8
b1 :
b0 ;
1[
1n
b100 s
b0 u
b1 v
b0 w

#34186000
b100 &!
b10100000100111 y

#34190000
0!
0,
b100 :
0=
b100 R
0[
0c
b100 v
0x
b10100000101000 y

#34195000
1!
b1 ;
1[
b1 w

#34196000
b10100000101011 y

#34200000
0!
0[

#34205000
1!
b10 ;
1[
b10 w

#34206000
b10100000101110 y

#34210000
0!
0[

#34215000
1!
b11 ;
1[
b11 w

#34216000
b10100000110001 y

#34220000
0!
0[

#34225000
1!
b100 ;
1[
b100 w

#34226000
b10100000110100 y

#34230000
0!
b1000010110110110 !!
b11 R
b1101 S
0[
b1101 j

#34235000
1!
b101 ;
1[
b101 w

#34236000
b10100000110111 y

#34240000
0!
0[

#34245000
1!
b110 ;
1[
b110 w

#34246000
b10100000111010 y

#34250000
0!
0[

#34255000
1!
b111 ;
1[
b111 w

#34256000
b10100000111101 y

#34260000
0!
0T
0V
0W
0[

#34265000
1!
b1000 ;
1[
b1000 w

#34266000
b10100001000000 y

#34270000
0!
1'
b101 :
0[
1`
b101 v

#34275000
1!
03
b101 5
b0 6
b0 7
b0 ;
1[
0n
b0 r
b101 s
b0 t
b0 w

#34276000
b101 &!
b10100001000011 y

#34280000
0!
0'
b1 X
0[
0`
b10100001000100 y

#34285000
1!
b1 ;
1[
b1 w

#34286000
b10100001000111 y

#34290000
0!
1,
b1 -
1<
1=
0[
1c
b1 g
1x

#34295000
1!
b1 6
b1 7
b0 ;
1[
b1 r
b1 t
b0 w

#34296000
b10100001001010 y

#34300000
0!
0,
0=
b10 X
0[
0c
0x

#34305000
1!
b1 ;
1[
b1 w

#34306000
b10100001001101 y

#34310000
0!
1,
b10 -
1=
0[
1c
b10 g
1x

#34315000
1!
b10010 6
b10 7
b0 ;
1[
b10010 r
b10 t
b0 w

#34316000
b10100001010000 y

#34320000
0!
0,
0=
b11 X
0[
0c
0x

#34325000
1!
b1 ;
1[
b1 w

#34326000
b10100001010011 y

#34330000
0!
1,
b11 -
1=
0[
1c
b11 g
1x

#34335000
1!
b100100011 6
b11 7
b0 ;
1[
b100100011 r
b11 t
b0 w

#34336000
b10100001010110 y

#34340000
0!
0,
0=
b100 X
0[
0c
0x

#34345000
1!
b1 ;
1[
b1 w

#34346000
b10100001011001 y

#34350000
0!
1,
b100 -
1=
0[
1c
b100 g
1x

#34355000
1!
b1001000110100 6
b100 7
b0 ;
1[
b1001000110100 r
b100 t
b0 w

#34356000
b10100001011100 y

#34360000
0!
0,
0=
b1010 X
0[
0c
0x

#34365000
1!
b1 ;
1[
b1 w

#34366000
b10100001011111 y

#34370000
0!
1,
b1010 -
b110 :
0<
1=
0[
1c
b1010 g
b110 v
1x

#34375000
1!
10
b110 5
b0 ;
1[
1l
b110 s
b0 w

#34376000
b110 &!
1)!
b10100001100011 y
b11 {

#34380000
0!
0,
0=
0[
0c
0x

#34385000
1!
00
1[
0l

#34386000
0)!
b10100001100110 y

#34390000
0!
0[

#34395000
1!
1[

#34396000
b10100001101001 y

#34400000
0!
0[

#34405000
1!
1[

#34406000
b10100001101100 y

#34410000
0!
0[

#34415000
1!
1[

#34416000
b10100001101111 y

#34420000
0!
1.
1/
b1 :
0[
1d
1e
b1 v

#34425000
1!
b1 5
b0 6
b0 7
1[
b0 r
b1 s
b0 t

#34426000
b1 &!
b10100001110010 y

#34430000
0!
0.
0/
b100 R
0[
0d
0e
b10100001110011 y

#34435000
1!
1[

#34436000
b10100001110110 y

#34440000
0!
0[

#34445000
1!
1[

#34446000
b10100001111001 y

#34450000
0!
0[

#34455000
1!
1[

#34456000
b10100001111100 y

#34460000
0!
0[

#34465000
1!
1[

#34466000
b10100001111111 y

#34470000
0!
b1000011010100110 !!
b11 R
b1110 S
0[
b1110 j

#34475000
1!
1[

#34476000
b10100010000010 y

#34480000
0!
0[

#34485000
1!
1[

#34486000
b10100010000101 y

#34490000
0!
0[

#34495000
1!
1[

#34496000
b10100010001000 y

#34500000
0!
1T
0U
0[

#34505000
1!
1[

#34506000
b10100010001011 y

#34510000
0!
1&
b10 :
0[
1_
b10 v

#34515000
1!
b10 5
1[
b10 s

#34516000
b10 &!
b10100010001110 y

#34520000
0!
0&
b1 X
0[
0_

#34525000
1!
b1 ;
1[
b1 w

#34526000
b10100010010001 y

#34530000
0!
1,
b1 -
1<
1=
0[
1c
b1 g
1x

#34535000
1!
b1 6
b1 7
b0 ;
1[
b1 r
b1 t
b0 w

#34536000
b10100010010100 y

#34540000
0!
0,
0=
b10 X
0[
0c
0x

#34545000
1!
b1 ;
1[
b1 w

#34546000
b10100010010111 y

#34550000
0!
1,
b10 -
1=
0[
1c
b10 g
1x

#34555000
1!
b10010 6
b10 7
b0 ;
1[
b10010 r
b10 t
b0 w

#34556000
b10100010011010 y

#34560000
0!
0,
0=
b11 X
0[
0c
0x

#34565000
1!
b1 ;
1[
b1 w

#34566000
b10100010011101 y

#34570000
0!
1,
b11 -
1=
0[
1c
b11 g
1x

#34575000
1!
b100100011 6
b11 7
b0 ;
1[
b100100011 r
b11 t
b0 w

#34576000
b10100010100000 y

#34580000
0!
0,
0=
b100 X
0[
0c
0x

#34585000
1!
b1 ;
1[
b1 w

#34586000
b10100010100011 y

#34590000
0!
1,
b100 -
1=
0[
1c
b100 g
1x

#34595000
1!
b1001000110100 6
b100 7
b0 ;
1[
b1001000110100 r
b100 t
b0 w

#34596000
b10100010100110 y

#34600000
0!
0,
0=
b1010 X
0[
0c
0x

#34605000
1!
b1 ;
1[
b1 w

#34606000
b10100010101001 y

#34610000
0!
1,
b1010 -
b100 :
0<
1=
0[
1c
b1010 g
b100 v
1x

#34615000
1!
13
b100 5
b1 :
b0 ;
1[
1n
b100 s
b1 v
b0 w

#34616000
b100 &!
b10100010101100 y

#34620000
0!
0,
b100 :
0=
b11111001111 Z
0[
0c
b100 v
0x
b10100010101101 y

#34625000
1!
b1 ;
1[
b1 w

#34626000
b10100010110000 y

#34630000
0!
0[

#34635000
1!
b10 ;
1[
b10 w

#34636000
b10100010110011 y

#34640000
0!
0[

#34645000
1!
b11 ;
1[
b11 w

#34646000
b10100010110110 y

#34650000
0!
0[

#34655000
1!
b100 ;
1[
b100 w

#34656000
b10100010111001 y

#34660000
0!
0[

#34665000
1!
b101 ;
1[
b101 w

#34666000
b10100010111100 y

#34670000
0!
0[

#34675000
1!
b110 ;
1[
b110 w

#34676000
b10100010111111 y

#34680000
0!
0[

#34685000
1!
b111 ;
1[
b111 w

#34686000
b10100011000010 y

#34690000
0!
0[

#34695000
1!
b1000 ;
1[
b1000 w

#34696000
b10100011000101 y

#34700000
0!
0[

#34705000
1!
b1001 ;
1[
b1001 w

#34706000
b10100011001000 y

#34710000
0!
0[

#34715000
1!
b1010 ;
1[
b1010 w

#34716000
b10100011001011 y

#34720000
0!
0[

#34725000
1!
b1011 ;
1[
b1011 w

#34726000
b10100011001110 y

#34730000
0!
0[

#34735000
1!
b1100 ;
1[
b1100 w

#34736000
b10100011010001 y

#34740000
0!
0[

#34745000
1!
b1101 ;
1[
b1101 w

#34746000
b10100011010100 y

#34750000
0!
0[

#34755000
1!
b1110 ;
1[
b1110 w

#34756000
b10100011010111 y

#34760000
0!
0[

#34765000
1!
b1111 ;
1[
b1111 w

#34766000
b10100011011010 y

#34770000
0!
0[

#34775000
1!
b10000 ;
1[
b10000 w

#34776000
b10100011011101 y

#34780000
0!
0[

#34785000
1!
b10001 ;
1[
b10001 w

#34786000
b10100011100000 y

#34790000
0!
0[

#34795000
1!
b10010 ;
1[
b10010 w

#34796000
b10100011100011 y

#34800000
0!
0[

#34805000
1!
b10011 ;
1[
b10011 w

#34806000
b10100011100110 y

#34810000
0!
0[

#34815000
1!
b10100 ;
1[
b10100 w

#34816000
b10100011101001 y

#34820000
0!
0[

#34825000
1!
b10101 ;
1[
b10101 w

#34826000
b10100011101100 y

#34830000
0!
0[

#34835000
1!
b10110 ;
1[
b10110 w

#34836000
b10100011101111 y

#34840000
0!
0[

#34845000
1!
b10111 ;
1[
b10111 w

#34846000
b10100011110010 y

#34850000
0!
0[

#34855000
1!
b11000 ;
1[
b11000 w

#34856000
b10100011110101 y

#34860000
0!
0[

#34865000
1!
b11001 ;
1[
b11001 w

#34866000
b10100011111000 y

#34870000
0!
0[

#34875000
1!
b11010 ;
1[
b11010 w

#34876000
b10100011111011 y

#34880000
0!
0[

#34885000
1!
b11011 ;
1[
b11011 w

#34886000
b10100011111110 y

#34890000
0!
0[

#34895000
1!
b11100 ;
1[
b11100 w

#34896000
b10100100000001 y

#34900000
0!
0[

#34905000
1!
b11101 ;
1[
b11101 w

#34906000
b10100100000100 y

#34910000
0!
0[

#34915000
1!
b11110 ;
1[
b11110 w

#34916000
b10100100000111 y

#34920000
0!
0[

#34925000
1!
b11111 ;
1[
b11111 w

#34926000
b10100100001010 y

#34930000
0!
0[

#34935000
1!
b100000 ;
1[
b100000 w

#34936000
b10100100001101 y

#34940000
0!
0[

#34945000
1!
b100001 ;
1[
b100001 w

#34946000
b10100100010000 y

#34950000
0!
0[

#34955000
1!
b100010 ;
1[
b100010 w

#34956000
b10100100010011 y

#34960000
0!
0[

#34965000
1!
b100011 ;
1[
b100011 w

#34966000
b10100100010110 y

#34970000
0!
0[

#34975000
1!
b100100 ;
1[
b100100 w

#34976000
b10100100011001 y

#34980000
0!
0[

#34985000
1!
b100101 ;
1[
b100101 w

#34986000
b10100100011100 y

#34990000
0!
0[

#34995000
1!
b100110 ;
1[
b100110 w

#34996000
b10100100011111 y

#35000000
0!
0[

#35005000
1!
b100111 ;
1[
b100111 w

#35006000
b10100100100010 y

#35010000
0!
0[

#35015000
1!
b101000 ;
1[
b101000 w

#35016000
b10100100100101 y

#35020000
0!
0[

#35025000
1!
b101001 ;
1[
b101001 w

#35026000
b10100100101000 y

#35030000
0!
0[

#35035000
1!
b101010 ;
1[
b101010 w

#35036000
b10100100101011 y

#35040000
0!
0[

#35045000
1!
b101011 ;
1[
b101011 w

#35046000
b10100100101110 y

#35050000
0!
0[

#35055000
1!
b101100 ;
1[
b101100 w

#35056000
b10100100110001 y

#35060000
0!
0[

#35065000
1!
b101101 ;
1[
b101101 w

#35066000
b10100100110100 y

#35070000
0!
0[

#35075000
1!
b101110 ;
1[
b101110 w

#35076000
b10100100110111 y

#35080000
0!
0[

#35085000
1!
b101111 ;
1[
b101111 w

#35086000
b10100100111010 y

#35090000
0!
0[

#35095000
1!
b110000 ;
1[
b110000 w

#35096000
b10100100111101 y

#35100000
0!
0[

#35105000
1!
b110001 ;
1[
b110001 w

#35106000
b10100101000000 y

#35110000
0!
0[

#35115000
1!
b110010 ;
1[
b110010 w

#35116000
b10100101000011 y

#35120000
0!
0[

#35125000
1!
b110011 ;
1[
b110011 w

#35126000
b10100101000110 y

#35130000
0!
0[

#35135000
1!
b110100 ;
1[
b110100 w

#35136000
b10100101001001 y

#35140000
0!
0[

#35145000
1!
b110101 ;
1[
b110101 w

#35146000
b10100101001100 y

#35150000
0!
0[

#35155000
1!
b110110 ;
1[
b110110 w

#35156000
b10100101001111 y

#35160000
0!
0[

#35165000
1!
b110111 ;
1[
b110111 w

#35166000
b10100101010010 y

#35170000
0!
0[

#35175000
1!
b111000 ;
1[
b111000 w

#35176000
b10100101010101 y

#35180000
0!
0[

#35185000
1!
b111001 ;
1[
b111001 w

#35186000
b10100101011000 y

#35190000
0!
0[

#35195000
1!
b111010 ;
1[
b111010 w

#35196000
b10100101011011 y

#35200000
0!
0[

#35205000
1!
b111011 ;
1[
b111011 w

#35206000
b10100101011110 y

#35210000
0!
0[

#35215000
1!
b111100 ;
1[
b111100 w

#35216000
b10100101100001 y

#35220000
0!
0[

#35225000
1!
b111101 ;
1[
b111101 w

#35226000
b10100101100100 y

#35230000
0!
0[

#35235000
1!
b111110 ;
1[
b111110 w

#35236000
b10100101100111 y

#35240000
0!
0[

#35245000
1!
b111111 ;
1[
b111111 w

#35246000
b10100101101010 y

#35250000
0!
0[

#35255000
1!
b1000000 ;
1[
b1000000 w

#35256000
b10100101101101 y

#35260000
0!
0[

#35265000
1!
b1000001 ;
1[
b1000001 w

#35266000
b10100101110000 y

#35270000
0!
0[

#35275000
1!
b1000010 ;
1[
b1000010 w

#35276000
b10100101110011 y

#35280000
0!
0[

#35285000
1!
b1000011 ;
1[
b1000011 w

#35286000
b10100101110110 y

#35290000
0!
0[

#35295000
1!
b1000100 ;
1[
b1000100 w

#35296000
b10100101111001 y

#35300000
0!
0[

#35305000
1!
b1000101 ;
1[
b1000101 w

#35306000
b10100101111100 y

#35310000
0!
0[

#35315000
1!
b1000110 ;
1[
b1000110 w

#35316000
b10100101111111 y

#35320000
0!
0[

#35325000
1!
b1000111 ;
1[
b1000111 w

#35326000
b10100110000010 y

#35330000
0!
0[

#35335000
1!
b1001000 ;
1[
b1001000 w

#35336000
b10100110000101 y

#35340000
0!
0[

#35345000
1!
b1001001 ;
1[
b1001001 w

#35346000
b10100110001000 y

#35350000
0!
0[

#35355000
1!
b1001010 ;
1[
b1001010 w

#35356000
b10100110001011 y

#35360000
0!
0[

#35365000
1!
b1001011 ;
1[
b1001011 w

#35366000
b10100110001110 y

#35370000
0!
0[

#35375000
1!
b1001100 ;
1[
b1001100 w

#35376000
b10100110010001 y

#35380000
0!
0[

#35385000
1!
b1001101 ;
1[
b1001101 w

#35386000
b10100110010100 y

#35390000
0!
0[

#35395000
1!
b1001110 ;
1[
b1001110 w

#35396000
b10100110010111 y

#35400000
0!
0[

#35405000
1!
b1001111 ;
1[
b1001111 w

#35406000
b10100110011010 y

#35410000
0!
0[

#35415000
1!
b1010000 ;
1[
b1010000 w

#35416000
b10100110011101 y

#35420000
0!
0[

#35425000
1!
b1010001 ;
1[
b1010001 w

#35426000
b10100110100000 y

#35430000
0!
0[

#35435000
1!
b1010010 ;
1[
b1010010 w

#35436000
b10100110100011 y

#35440000
0!
0[

#35445000
1!
b1010011 ;
1[
b1010011 w

#35446000
b10100110100110 y

#35450000
0!
0[

#35455000
1!
b1010100 ;
1[
b1010100 w

#35456000
b10100110101001 y

#35460000
0!
0[

#35465000
1!
b1010101 ;
1[
b1010101 w

#35466000
b10100110101100 y

#35470000
0!
0[

#35475000
1!
b1010110 ;
1[
b1010110 w

#35476000
b10100110101111 y

#35480000
0!
0[

#35485000
1!
b1010111 ;
1[
b1010111 w

#35486000
b10100110110010 y

#35490000
0!
0[

#35495000
1!
b1011000 ;
1[
b1011000 w

#35496000
b10100110110101 y

#35500000
0!
0[

#35505000
1!
b1011001 ;
1[
b1011001 w

#35506000
b10100110111000 y

#35510000
0!
0[

#35515000
1!
b1011010 ;
1[
b1011010 w

#35516000
b10100110111011 y

#35520000
0!
0[

#35525000
1!
b1011011 ;
1[
b1011011 w

#35526000
b10100110111110 y

#35530000
0!
0[

#35535000
1!
b1011100 ;
1[
b1011100 w

#35536000
b10100111000001 y

#35540000
0!
0[

#35545000
1!
b1011101 ;
1[
b1011101 w

#35546000
b10100111000100 y

#35550000
0!
0[

#35555000
1!
b1011110 ;
1[
b1011110 w

#35556000
b10100111000111 y

#35560000
0!
0[

#35565000
1!
b1011111 ;
1[
b1011111 w

#35566000
b10100111001010 y

#35570000
0!
0[

#35575000
1!
b1100000 ;
1[
b1100000 w

#35576000
b10100111001101 y

#35580000
0!
0[

#35585000
1!
b1100001 ;
1[
b1100001 w

#35586000
b10100111010000 y

#35590000
0!
0[

#35595000
1!
b1100010 ;
1[
b1100010 w

#35596000
b10100111010011 y

#35600000
0!
0[

#35605000
1!
b1100011 ;
1[
b1100011 w

#35606000
b10100111010110 y

#35610000
0!
0[

#35615000
1!
b1100100 ;
1[
b1100100 w

#35616000
b10100111011001 y

#35620000
0!
0[

#35625000
1!
b1100101 ;
1[
b1100101 w

#35626000
b10100111011100 y

#35630000
0!
0[

#35635000
1!
b1100110 ;
1[
b1100110 w

#35636000
b10100111011111 y

#35640000
0!
0[

#35645000
1!
b1100111 ;
1[
b1100111 w

#35646000
b10100111100010 y

#35650000
0!
0[

#35655000
1!
b1101000 ;
1[
b1101000 w

#35656000
b10100111100101 y

#35660000
0!
0[

#35665000
1!
b1101001 ;
1[
b1101001 w

#35666000
b10100111101000 y

#35670000
0!
0[

#35675000
1!
b1101010 ;
1[
b1101010 w

#35676000
b10100111101011 y

#35680000
0!
0[

#35685000
1!
b1101011 ;
1[
b1101011 w

#35686000
b10100111101110 y

#35690000
0!
0[

#35695000
1!
b1101100 ;
1[
b1101100 w

#35696000
b10100111110001 y

#35700000
0!
0[

#35705000
1!
b1101101 ;
1[
b1101101 w

#35706000
b10100111110100 y

#35710000
0!
0[

#35715000
1!
b1101110 ;
1[
b1101110 w

#35716000
b10100111110111 y

#35720000
0!
0[

#35725000
1!
b1101111 ;
1[
b1101111 w

#35726000
b10100111111010 y

#35730000
0!
0[

#35735000
1!
b1110000 ;
1[
b1110000 w

#35736000
b10100111111101 y

#35740000
0!
0[

#35745000
1!
b1110001 ;
1[
b1110001 w

#35746000
b10101000000000 y

#35750000
0!
0[

#35755000
1!
b1110010 ;
1[
b1110010 w

#35756000
b10101000000011 y

#35760000
0!
0[

#35765000
1!
b1110011 ;
1[
b1110011 w

#35766000
b10101000000110 y

#35770000
0!
0[

#35775000
1!
b1110100 ;
1[
b1110100 w

#35776000
b10101000001001 y

#35780000
0!
0[

#35785000
1!
b1110101 ;
1[
b1110101 w

#35786000
b10101000001100 y

#35790000
0!
0[

#35795000
1!
b1110110 ;
1[
b1110110 w

#35796000
b10101000001111 y

#35800000
0!
0[

#35805000
1!
b1110111 ;
1[
b1110111 w

#35806000
b10101000010010 y

#35810000
0!
0[

#35815000
1!
b1111000 ;
1[
b1111000 w

#35816000
b10101000010101 y

#35820000
0!
0[

#35825000
1!
b1111001 ;
1[
b1111001 w

#35826000
b10101000011000 y

#35830000
0!
0[

#35835000
1!
b1111010 ;
1[
b1111010 w

#35836000
b10101000011011 y

#35840000
0!
0[

#35845000
1!
b1111011 ;
1[
b1111011 w

#35846000
b10101000011110 y

#35850000
0!
0[

#35855000
1!
b1111100 ;
1[
b1111100 w

#35856000
b10101000100001 y

#35860000
0!
0[

#35865000
1!
b1111101 ;
1[
b1111101 w

#35866000
b10101000100100 y

#35870000
0!
0[

#35875000
1!
b1111110 ;
1[
b1111110 w

#35876000
b10101000100111 y

#35880000
0!
0[

#35885000
1!
b1111111 ;
1[
b1111111 w

#35886000
b10101000101010 y

#35890000
0!
0[

#35895000
1!
b10000000 ;
1[
b10000000 w

#35896000
b10101000101101 y

#35900000
0!
0[

#35905000
1!
b10000001 ;
1[
b10000001 w

#35906000
b10101000110000 y

#35910000
0!
0[

#35915000
1!
b10000010 ;
1[
b10000010 w

#35916000
b10101000110011 y

#35920000
0!
0[

#35925000
1!
b10000011 ;
1[
b10000011 w

#35926000
b10101000110110 y

#35930000
0!
0[

#35935000
1!
b10000100 ;
1[
b10000100 w

#35936000
b10101000111001 y

#35940000
0!
0[

#35945000
1!
b10000101 ;
1[
b10000101 w

#35946000
b10101000111100 y

#35950000
0!
0[

#35955000
1!
b10000110 ;
1[
b10000110 w

#35956000
b10101000111111 y

#35960000
0!
0[

#35965000
1!
b10000111 ;
1[
b10000111 w

#35966000
b10101001000010 y

#35970000
0!
0[

#35975000
1!
b10001000 ;
1[
b10001000 w

#35976000
b10101001000101 y

#35980000
0!
0[

#35985000
1!
b10001001 ;
1[
b10001001 w

#35986000
b10101001001000 y

#35990000
0!
0[

#35995000
1!
b10001010 ;
1[
b10001010 w

#35996000
b10101001001011 y

#36000000
0!
0[

#36005000
1!
b10001011 ;
1[
b10001011 w

#36006000
b10101001001110 y

#36010000
0!
0[

#36015000
1!
b10001100 ;
1[
b10001100 w

#36016000
b10101001010001 y

#36020000
0!
0[

#36025000
1!
b10001101 ;
1[
b10001101 w

#36026000
b10101001010100 y

#36030000
0!
0[

#36035000
1!
b10001110 ;
1[
b10001110 w

#36036000
b10101001010111 y

#36040000
0!
0[

#36045000
1!
b10001111 ;
1[
b10001111 w

#36046000
b10101001011010 y

#36050000
0!
0[

#36055000
1!
b10010000 ;
1[
b10010000 w

#36056000
b10101001011101 y

#36060000
0!
0[

#36065000
1!
b10010001 ;
1[
b10010001 w

#36066000
b10101001100000 y

#36070000
0!
0[

#36075000
1!
b10010010 ;
1[
b10010010 w

#36076000
b10101001100011 y

#36080000
0!
0[

#36085000
1!
b10010011 ;
1[
b10010011 w

#36086000
b10101001100110 y

#36090000
0!
0[

#36095000
1!
b10010100 ;
1[
b10010100 w

#36096000
b10101001101001 y

#36100000
0!
0[

#36105000
1!
b10010101 ;
1[
b10010101 w

#36106000
b10101001101100 y

#36110000
0!
0[

#36115000
1!
b10010110 ;
1[
b10010110 w

#36116000
b10101001101111 y

#36120000
0!
0[

#36125000
1!
b10010111 ;
1[
b10010111 w

#36126000
b10101001110010 y

#36130000
0!
0[

#36135000
1!
b10011000 ;
1[
b10011000 w

#36136000
b10101001110101 y

#36140000
0!
0[

#36145000
1!
b10011001 ;
1[
b10011001 w

#36146000
b10101001111000 y

#36150000
0!
0[

#36155000
1!
b10011010 ;
1[
b10011010 w

#36156000
b10101001111011 y

#36160000
0!
0[

#36165000
1!
b10011011 ;
1[
b10011011 w

#36166000
b10101001111110 y

#36170000
0!
0[

#36175000
1!
b10011100 ;
1[
b10011100 w

#36176000
b10101010000001 y

#36180000
0!
0[

#36185000
1!
b10011101 ;
1[
b10011101 w

#36186000
b10101010000100 y

#36190000
0!
0[

#36195000
1!
b10011110 ;
1[
b10011110 w

#36196000
b10101010000111 y

#36200000
0!
0[

#36205000
1!
b10011111 ;
1[
b10011111 w

#36206000
b10101010001010 y

#36210000
0!
0[

#36215000
1!
b10100000 ;
1[
b10100000 w

#36216000
b10101010001101 y

#36220000
0!
0[

#36225000
1!
b10100001 ;
1[
b10100001 w

#36226000
b10101010010000 y

#36230000
0!
0[

#36235000
1!
b10100010 ;
1[
b10100010 w

#36236000
b10101010010011 y

#36240000
0!
0[

#36245000
1!
b10100011 ;
1[
b10100011 w

#36246000
b10101010010110 y

#36250000
0!
0[

#36255000
1!
b10100100 ;
1[
b10100100 w

#36256000
b10101010011001 y

#36260000
0!
0[

#36265000
1!
b10100101 ;
1[
b10100101 w

#36266000
b10101010011100 y

#36270000
0!
0[

#36275000
1!
b10100110 ;
1[
b10100110 w

#36276000
b10101010011111 y

#36280000
0!
0[

#36285000
1!
b10100111 ;
1[
b10100111 w

#36286000
b10101010100010 y

#36290000
0!
0[

#36295000
1!
b10101000 ;
1[
b10101000 w

#36296000
b10101010100101 y

#36300000
0!
0[

#36305000
1!
b10101001 ;
1[
b10101001 w

#36306000
b10101010101000 y

#36310000
0!
0[

#36315000
1!
b10101010 ;
1[
b10101010 w

#36316000
b10101010101011 y

#36320000
0!
0[

#36325000
1!
b10101011 ;
1[
b10101011 w

#36326000
b10101010101110 y

#36330000
0!
0[

#36335000
1!
b10101100 ;
1[
b10101100 w

#36336000
b10101010110001 y

#36340000
0!
0[

#36345000
1!
b10101101 ;
1[
b10101101 w

#36346000
b10101010110100 y

#36350000
0!
0[

#36355000
1!
b10101110 ;
1[
b10101110 w

#36356000
b10101010110111 y

#36360000
0!
0[

#36365000
1!
b10101111 ;
1[
b10101111 w

#36366000
b10101010111010 y

#36370000
0!
0[

#36375000
1!
b10110000 ;
1[
b10110000 w

#36376000
b10101010111101 y

#36380000
0!
0[

#36385000
1!
b10110001 ;
1[
b10110001 w

#36386000
b10101011000000 y

#36390000
0!
0[

#36395000
1!
b10110010 ;
1[
b10110010 w

#36396000
b10101011000011 y

#36400000
0!
0[

#36405000
1!
b10110011 ;
1[
b10110011 w

#36406000
b10101011000110 y

#36410000
0!
0[

#36415000
1!
b10110100 ;
1[
b10110100 w

#36416000
b10101011001001 y

#36420000
0!
0[

#36425000
1!
b10110101 ;
1[
b10110101 w

#36426000
b10101011001100 y

#36430000
0!
0[

#36435000
1!
b10110110 ;
1[
b10110110 w

#36436000
b10101011001111 y

#36440000
0!
0[

#36445000
1!
b10110111 ;
1[
b10110111 w

#36446000
b10101011010010 y

#36450000
0!
0[

#36455000
1!
b10111000 ;
1[
b10111000 w

#36456000
b10101011010101 y

#36460000
0!
0[

#36465000
1!
b10111001 ;
1[
b10111001 w

#36466000
b10101011011000 y

#36470000
0!
0[

#36475000
1!
b10111010 ;
1[
b10111010 w

#36476000
b10101011011011 y

#36480000
0!
0[

#36485000
1!
b10111011 ;
1[
b10111011 w

#36486000
b10101011011110 y

#36490000
0!
0[

#36495000
1!
b10111100 ;
1[
b10111100 w

#36496000
b10101011100001 y

#36500000
0!
0[

#36505000
1!
b10111101 ;
1[
b10111101 w

#36506000
b10101011100100 y

#36510000
0!
0[

#36515000
1!
b10111110 ;
1[
b10111110 w

#36516000
b10101011100111 y

#36520000
0!
0[

#36525000
1!
b10111111 ;
1[
b10111111 w

#36526000
b10101011101010 y

#36530000
0!
0[

#36535000
1!
b11000000 ;
1[
b11000000 w

#36536000
b10101011101101 y

#36540000
0!
0[

#36545000
1!
b11000001 ;
1[
b11000001 w

#36546000
b10101011110000 y

#36550000
0!
0[

#36555000
1!
b11000010 ;
1[
b11000010 w

#36556000
b10101011110011 y

#36560000
0!
0[

#36565000
1!
b11000011 ;
1[
b11000011 w

#36566000
b10101011110110 y

#36570000
0!
0[

#36575000
1!
b11000100 ;
1[
b11000100 w

#36576000
b10101011111001 y

#36580000
0!
0[

#36585000
1!
b11000101 ;
1[
b11000101 w

#36586000
b10101011111100 y

#36590000
0!
0[

#36595000
1!
b11000110 ;
1[
b11000110 w

#36596000
b10101011111111 y

#36600000
0!
0[

#36605000
1!
b11000111 ;
1[
b11000111 w

#36606000
b10101100000010 y

#36610000
0!
0[

#36615000
1!
b11001000 ;
1[
b11001000 w

#36616000
b10101100000101 y

#36620000
0!
0[

#36625000
1!
b11001001 ;
1[
b11001001 w

#36626000
b10101100001000 y

#36630000
0!
0[

#36635000
1!
b11001010 ;
1[
b11001010 w

#36636000
b10101100001011 y

#36640000
0!
0[

#36645000
1!
b11001011 ;
1[
b11001011 w

#36646000
b10101100001110 y

#36650000
0!
0[

#36655000
1!
b11001100 ;
1[
b11001100 w

#36656000
b10101100010001 y

#36660000
0!
0[

#36665000
1!
b11001101 ;
1[
b11001101 w

#36666000
b10101100010100 y

#36670000
0!
0[

#36675000
1!
b11001110 ;
1[
b11001110 w

#36676000
b10101100010111 y

#36680000
0!
0[

#36685000
1!
b11001111 ;
1[
b11001111 w

#36686000
b10101100011010 y

#36690000
0!
0[

#36695000
1!
b11010000 ;
1[
b11010000 w

#36696000
b10101100011101 y

#36700000
0!
0[

#36705000
1!
b11010001 ;
1[
b11010001 w

#36706000
b10101100100000 y

#36710000
0!
0[

#36715000
1!
b11010010 ;
1[
b11010010 w

#36716000
b10101100100011 y

#36720000
0!
0[

#36725000
1!
b11010011 ;
1[
b11010011 w

#36726000
b10101100100110 y

#36730000
0!
0[

#36735000
1!
b11010100 ;
1[
b11010100 w

#36736000
b10101100101001 y

#36740000
0!
0[

#36745000
1!
b11010101 ;
1[
b11010101 w

#36746000
b10101100101100 y

#36750000
0!
0[

#36755000
1!
b11010110 ;
1[
b11010110 w

#36756000
b10101100101111 y

#36760000
0!
0[

#36765000
1!
b11010111 ;
1[
b11010111 w

#36766000
b10101100110010 y

#36770000
0!
0[

#36775000
1!
b11011000 ;
1[
b11011000 w

#36776000
b10101100110101 y

#36780000
0!
0[

#36785000
1!
b11011001 ;
1[
b11011001 w

#36786000
b10101100111000 y

#36790000
0!
0[

#36795000
1!
b11011010 ;
1[
b11011010 w

#36796000
b10101100111011 y

#36800000
0!
0[

#36805000
1!
b11011011 ;
1[
b11011011 w

#36806000
b10101100111110 y

#36810000
0!
0[

#36815000
1!
b11011100 ;
1[
b11011100 w

#36816000
b10101101000001 y

#36820000
0!
0[

#36825000
1!
b11011101 ;
1[
b11011101 w

#36826000
b10101101000100 y

#36830000
0!
0[

#36835000
1!
b11011110 ;
1[
b11011110 w

#36836000
b10101101000111 y

#36840000
0!
0[

#36845000
1!
b11011111 ;
1[
b11011111 w

#36846000
b10101101001010 y

#36850000
0!
0[

#36855000
1!
b11100000 ;
1[
b11100000 w

#36856000
b10101101001101 y

#36860000
0!
0[

#36865000
1!
b11100001 ;
1[
b11100001 w

#36866000
b10101101010000 y

#36870000
0!
0[

#36875000
1!
b11100010 ;
1[
b11100010 w

#36876000
b10101101010011 y

#36880000
0!
0[

#36885000
1!
b11100011 ;
1[
b11100011 w

#36886000
b10101101010110 y

#36890000
0!
0[

#36895000
1!
b11100100 ;
1[
b11100100 w

#36896000
b10101101011001 y

#36900000
0!
0[

#36905000
1!
b11100101 ;
1[
b11100101 w

#36906000
b10101101011100 y

#36910000
0!
0[

#36915000
1!
b11100110 ;
1[
b11100110 w

#36916000
b10101101011111 y

#36920000
0!
0[

#36925000
1!
b11100111 ;
1[
b11100111 w

#36926000
b10101101100010 y

#36930000
0!
0[

#36935000
1!
b11101000 ;
1[
b11101000 w

#36936000
b10101101100101 y

#36940000
0!
0[

#36945000
1!
b11101001 ;
1[
b11101001 w

#36946000
b10101101101000 y

#36950000
0!
0[

#36955000
1!
b11101010 ;
1[
b11101010 w

#36956000
b10101101101011 y

#36960000
0!
0[

#36965000
1!
b11101011 ;
1[
b11101011 w

#36966000
b10101101101110 y

#36970000
0!
0[

#36975000
1!
b11101100 ;
1[
b11101100 w

#36976000
b10101101110001 y

#36980000
0!
0[

#36985000
1!
b11101101 ;
1[
b11101101 w

#36986000
b10101101110100 y

#36990000
0!
0[

#36995000
1!
b11101110 ;
1[
b11101110 w

#36996000
b10101101110111 y

#37000000
0!
0[

#37005000
1!
b11101111 ;
1[
b11101111 w

#37006000
b10101101111010 y

#37010000
0!
0[

#37015000
1!
b11110000 ;
1[
b11110000 w

#37016000
b10101101111101 y

#37020000
0!
0[

#37025000
1!
b11110001 ;
1[
b11110001 w

#37026000
b10101110000000 y

#37030000
0!
0[

#37035000
1!
b11110010 ;
1[
b11110010 w

#37036000
b10101110000011 y

#37040000
0!
0[

#37045000
1!
b11110011 ;
1[
b11110011 w

#37046000
b10101110000110 y

#37050000
0!
0[

#37055000
1!
b11110100 ;
1[
b11110100 w

#37056000
b10101110001001 y

#37060000
0!
0[

#37065000
1!
b11110101 ;
1[
b11110101 w

#37066000
b10101110001100 y

#37070000
0!
0[

#37075000
1!
b11110110 ;
1[
b11110110 w

#37076000
b10101110001111 y

#37080000
0!
0[

#37085000
1!
b11110111 ;
1[
b11110111 w

#37086000
b10101110010010 y

#37090000
0!
0[

#37095000
1!
b11111000 ;
1[
b11111000 w

#37096000
b10101110010101 y

#37100000
0!
0[

#37105000
1!
b11111001 ;
1[
b11111001 w

#37106000
b10101110011000 y

#37110000
0!
0[

#37115000
1!
b11111010 ;
1[
b11111010 w

#37116000
b10101110011011 y

#37120000
0!
0[

#37125000
1!
b11111011 ;
1[
b11111011 w

#37126000
b10101110011110 y

#37130000
0!
0[

#37135000
1!
b11111100 ;
1[
b11111100 w

#37136000
b10101110100001 y

#37140000
0!
0[

#37145000
1!
b11111101 ;
1[
b11111101 w

#37146000
b10101110100100 y

#37150000
0!
0[

#37155000
1!
b11111110 ;
1[
b11111110 w

#37156000
b10101110100111 y

#37160000
0!
0[

#37165000
1!
b11111111 ;
1[
b11111111 w

#37166000
b10101110101010 y

#37170000
0!
0[

#37175000
1!
b100000000 ;
1[
b100000000 w

#37176000
b10101110101101 y

#37180000
0!
0[

#37185000
1!
b100000001 ;
1[
b100000001 w

#37186000
b10101110110000 y

#37190000
0!
0[

#37195000
1!
b100000010 ;
1[
b100000010 w

#37196000
b10101110110011 y

#37200000
0!
0[

#37205000
1!
b100000011 ;
1[
b100000011 w

#37206000
b10101110110110 y

#37210000
0!
0[

#37215000
1!
b100000100 ;
1[
b100000100 w

#37216000
b10101110111001 y

#37220000
0!
0[

#37225000
1!
b100000101 ;
1[
b100000101 w

#37226000
b10101110111100 y

#37230000
0!
0[

#37235000
1!
b100000110 ;
1[
b100000110 w

#37236000
b10101110111111 y

#37240000
0!
0[

#37245000
1!
b100000111 ;
1[
b100000111 w

#37246000
b10101111000010 y

#37250000
0!
0[

#37255000
1!
b100001000 ;
1[
b100001000 w

#37256000
b10101111000101 y

#37260000
0!
0[

#37265000
1!
b100001001 ;
1[
b100001001 w

#37266000
b10101111001000 y

#37270000
0!
0[

#37275000
1!
b100001010 ;
1[
b100001010 w

#37276000
b10101111001011 y

#37280000
0!
0[

#37285000
1!
b100001011 ;
1[
b100001011 w

#37286000
b10101111001110 y

#37290000
0!
0[

#37295000
1!
b100001100 ;
1[
b100001100 w

#37296000
b10101111010001 y

#37300000
0!
0[

#37305000
1!
b100001101 ;
1[
b100001101 w

#37306000
b10101111010100 y

#37310000
0!
0[

#37315000
1!
b100001110 ;
1[
b100001110 w

#37316000
b10101111010111 y

#37320000
0!
0[

#37325000
1!
b100001111 ;
1[
b100001111 w

#37326000
b10101111011010 y

#37330000
0!
0[

#37335000
1!
b100010000 ;
1[
b100010000 w

#37336000
b10101111011101 y

#37340000
0!
0[

#37345000
1!
b100010001 ;
1[
b100010001 w

#37346000
b10101111100000 y

#37350000
0!
0[

#37355000
1!
b100010010 ;
1[
b100010010 w

#37356000
b10101111100011 y

#37360000
0!
0[

#37365000
1!
b100010011 ;
1[
b100010011 w

#37366000
b10101111100110 y

#37370000
0!
0[

#37375000
1!
b100010100 ;
1[
b100010100 w

#37376000
b10101111101001 y

#37380000
0!
0[

#37385000
1!
b100010101 ;
1[
b100010101 w

#37386000
b10101111101100 y

#37390000
0!
0[

#37395000
1!
b100010110 ;
1[
b100010110 w

#37396000
b10101111101111 y

#37400000
0!
0[

#37405000
1!
b100010111 ;
1[
b100010111 w

#37406000
b10101111110010 y

#37410000
0!
0[

#37415000
1!
b100011000 ;
1[
b100011000 w

#37416000
b10101111110101 y

#37420000
0!
0[

#37425000
1!
b100011001 ;
1[
b100011001 w

#37426000
b10101111111000 y

#37430000
0!
0[

#37435000
1!
b100011010 ;
1[
b100011010 w

#37436000
b10101111111011 y

#37440000
0!
0[

#37445000
1!
b100011011 ;
1[
b100011011 w

#37446000
b10101111111110 y

#37450000
0!
0[

#37455000
1!
b100011100 ;
1[
b100011100 w

#37456000
b10110000000001 y

#37460000
0!
0[

#37465000
1!
b100011101 ;
1[
b100011101 w

#37466000
b10110000000100 y

#37470000
0!
0[

#37475000
1!
b100011110 ;
1[
b100011110 w

#37476000
b10110000000111 y

#37480000
0!
0[

#37485000
1!
b100011111 ;
1[
b100011111 w

#37486000
b10110000001010 y

#37490000
0!
0[

#37495000
1!
b100100000 ;
1[
b100100000 w

#37496000
b10110000001101 y

#37500000
0!
0[

#37505000
1!
b100100001 ;
1[
b100100001 w

#37506000
b10110000010000 y

#37510000
0!
0[

#37515000
1!
b100100010 ;
1[
b100100010 w

#37516000
b10110000010011 y

#37520000
0!
0[

#37525000
1!
b100100011 ;
1[
b100100011 w

#37526000
b10110000010110 y

#37530000
0!
0[

#37535000
1!
b100100100 ;
1[
b100100100 w

#37536000
b10110000011001 y

#37540000
0!
0[

#37545000
1!
b100100101 ;
1[
b100100101 w

#37546000
b10110000011100 y

#37550000
0!
0[

#37555000
1!
b100100110 ;
1[
b100100110 w

#37556000
b10110000011111 y

#37560000
0!
0[

#37565000
1!
b100100111 ;
1[
b100100111 w

#37566000
b10110000100010 y

#37570000
0!
0[

#37575000
1!
b100101000 ;
1[
b100101000 w

#37576000
b10110000100101 y

#37580000
0!
0[

#37585000
1!
b100101001 ;
1[
b100101001 w

#37586000
b10110000101000 y

#37590000
0!
0[

#37595000
1!
b100101010 ;
1[
b100101010 w

#37596000
b10110000101011 y

#37600000
0!
0[

#37605000
1!
b100101011 ;
1[
b100101011 w

#37606000
b10110000101110 y

#37610000
0!
0[

#37615000
1!
b100101100 ;
1[
b100101100 w

#37616000
b10110000110001 y

#37620000
0!
0[

#37625000
1!
b100101101 ;
1[
b100101101 w

#37626000
b10110000110100 y

#37630000
0!
0[

#37635000
1!
b100101110 ;
1[
b100101110 w

#37636000
b10110000110111 y

#37640000
0!
0[

#37645000
1!
b100101111 ;
1[
b100101111 w

#37646000
b10110000111010 y

#37650000
0!
0[

#37655000
1!
b100110000 ;
1[
b100110000 w

#37656000
b10110000111101 y

#37660000
0!
0[

#37665000
1!
b100110001 ;
1[
b100110001 w

#37666000
b10110001000000 y

#37670000
0!
0[

#37675000
1!
b100110010 ;
1[
b100110010 w

#37676000
b10110001000011 y

#37680000
0!
0[

#37685000
1!
b100110011 ;
1[
b100110011 w

#37686000
b10110001000110 y

#37690000
0!
0[

#37695000
1!
b100110100 ;
1[
b100110100 w

#37696000
b10110001001001 y

#37700000
0!
0[

#37705000
1!
b100110101 ;
1[
b100110101 w

#37706000
b10110001001100 y

#37710000
0!
0[

#37715000
1!
b100110110 ;
1[
b100110110 w

#37716000
b10110001001111 y

#37720000
0!
0[

#37725000
1!
b100110111 ;
1[
b100110111 w

#37726000
b10110001010010 y

#37730000
0!
0[

#37735000
1!
b100111000 ;
1[
b100111000 w

#37736000
b10110001010101 y

#37740000
0!
0[

#37745000
1!
b100111001 ;
1[
b100111001 w

#37746000
b10110001011000 y

#37750000
0!
0[

#37755000
1!
b100111010 ;
1[
b100111010 w

#37756000
b10110001011011 y

#37760000
0!
0[

#37765000
1!
b100111011 ;
1[
b100111011 w

#37766000
b10110001011110 y

#37770000
0!
0[

#37775000
1!
b100111100 ;
1[
b100111100 w

#37776000
b10110001100001 y

#37780000
0!
0[

#37785000
1!
b100111101 ;
1[
b100111101 w

#37786000
b10110001100100 y

#37790000
0!
0[

#37795000
1!
b100111110 ;
1[
b100111110 w

#37796000
b10110001100111 y

#37800000
0!
0[

#37805000
1!
b100111111 ;
1[
b100111111 w

#37806000
b10110001101010 y

#37810000
0!
0[

#37815000
1!
b101000000 ;
1[
b101000000 w

#37816000
b10110001101101 y

#37820000
0!
0[

#37825000
1!
b101000001 ;
1[
b101000001 w

#37826000
b10110001110000 y

#37830000
0!
0[

#37835000
1!
b101000010 ;
1[
b101000010 w

#37836000
b10110001110011 y

#37840000
0!
0[

#37845000
1!
b101000011 ;
1[
b101000011 w

#37846000
b10110001110110 y

#37850000
0!
0[

#37855000
1!
b101000100 ;
1[
b101000100 w

#37856000
b10110001111001 y

#37860000
0!
0[

#37865000
1!
b101000101 ;
1[
b101000101 w

#37866000
b10110001111100 y

#37870000
0!
0[

#37875000
1!
b101000110 ;
1[
b101000110 w

#37876000
b10110001111111 y

#37880000
0!
0[

#37885000
1!
b101000111 ;
1[
b101000111 w

#37886000
b10110010000010 y

#37890000
0!
0[

#37895000
1!
b101001000 ;
1[
b101001000 w

#37896000
b10110010000101 y

#37900000
0!
0[

#37905000
1!
b101001001 ;
1[
b101001001 w

#37906000
b10110010001000 y

#37910000
0!
0[

#37915000
1!
b101001010 ;
1[
b101001010 w

#37916000
b10110010001011 y

#37920000
0!
0[

#37925000
1!
b101001011 ;
1[
b101001011 w

#37926000
b10110010001110 y

#37930000
0!
0[

#37935000
1!
b101001100 ;
1[
b101001100 w

#37936000
b10110010010001 y

#37940000
0!
0[

#37945000
1!
b101001101 ;
1[
b101001101 w

#37946000
b10110010010100 y

#37950000
0!
0[

#37955000
1!
b101001110 ;
1[
b101001110 w

#37956000
b10110010010111 y

#37960000
0!
0[

#37965000
1!
b101001111 ;
1[
b101001111 w

#37966000
b10110010011010 y

#37970000
0!
0[

#37975000
1!
b101010000 ;
1[
b101010000 w

#37976000
b10110010011101 y

#37980000
0!
0[

#37985000
1!
b101010001 ;
1[
b101010001 w

#37986000
b10110010100000 y

#37990000
0!
0[

#37995000
1!
b101010010 ;
1[
b101010010 w

#37996000
b10110010100011 y

#38000000
0!
0[

#38005000
1!
b101010011 ;
1[
b101010011 w

#38006000
b10110010100110 y

#38010000
0!
0[

#38015000
1!
b101010100 ;
1[
b101010100 w

#38016000
b10110010101001 y

#38020000
0!
0[

#38025000
1!
b101010101 ;
1[
b101010101 w

#38026000
b10110010101100 y

#38030000
0!
0[

#38035000
1!
b101010110 ;
1[
b101010110 w

#38036000
b10110010101111 y

#38040000
0!
0[

#38045000
1!
b101010111 ;
1[
b101010111 w

#38046000
b10110010110010 y

#38050000
0!
0[

#38055000
1!
b101011000 ;
1[
b101011000 w

#38056000
b10110010110101 y

#38060000
0!
0[

#38065000
1!
b101011001 ;
1[
b101011001 w

#38066000
b10110010111000 y

#38070000
0!
0[

#38075000
1!
b101011010 ;
1[
b101011010 w

#38076000
b10110010111011 y

#38080000
0!
0[

#38085000
1!
b101011011 ;
1[
b101011011 w

#38086000
b10110010111110 y

#38090000
0!
0[

#38095000
1!
b101011100 ;
1[
b101011100 w

#38096000
b10110011000001 y

#38100000
0!
0[

#38105000
1!
b101011101 ;
1[
b101011101 w

#38106000
b10110011000100 y

#38110000
0!
0[

#38115000
1!
b101011110 ;
1[
b101011110 w

#38116000
b10110011000111 y

#38120000
0!
0[

#38125000
1!
b101011111 ;
1[
b101011111 w

#38126000
b10110011001010 y

#38130000
0!
0[

#38135000
1!
b101100000 ;
1[
b101100000 w

#38136000
b10110011001101 y

#38140000
0!
0[

#38145000
1!
b101100001 ;
1[
b101100001 w

#38146000
b10110011010000 y

#38150000
0!
0[

#38155000
1!
b101100010 ;
1[
b101100010 w

#38156000
b10110011010011 y

#38160000
0!
0[

#38165000
1!
b101100011 ;
1[
b101100011 w

#38166000
b10110011010110 y

#38170000
0!
0[

#38175000
1!
b101100100 ;
1[
b101100100 w

#38176000
b10110011011001 y

#38180000
0!
0[

#38185000
1!
b101100101 ;
1[
b101100101 w

#38186000
b10110011011100 y

#38190000
0!
0[

#38195000
1!
b101100110 ;
1[
b101100110 w

#38196000
b10110011011111 y

#38200000
0!
0[

#38205000
1!
b101100111 ;
1[
b101100111 w

#38206000
b10110011100010 y

#38210000
0!
0[

#38215000
1!
b101101000 ;
1[
b101101000 w

#38216000
b10110011100101 y

#38220000
0!
0[

#38225000
1!
b101101001 ;
1[
b101101001 w

#38226000
b10110011101000 y

#38230000
0!
0[

#38235000
1!
b101101010 ;
1[
b101101010 w

#38236000
b10110011101011 y

#38240000
0!
0[

#38245000
1!
b101101011 ;
1[
b101101011 w

#38246000
b10110011101110 y

#38250000
0!
0[

#38255000
1!
b101101100 ;
1[
b101101100 w

#38256000
b10110011110001 y

#38260000
0!
0[

#38265000
1!
b101101101 ;
1[
b101101101 w

#38266000
b10110011110100 y

#38270000
0!
0[

#38275000
1!
b101101110 ;
1[
b101101110 w

#38276000
b10110011110111 y

#38280000
0!
0[

#38285000
1!
b101101111 ;
1[
b101101111 w

#38286000
b10110011111010 y

#38290000
0!
0[

#38295000
1!
b101110000 ;
1[
b101110000 w

#38296000
b10110011111101 y

#38300000
0!
0[

#38305000
1!
b101110001 ;
1[
b101110001 w

#38306000
b10110100000000 y

#38310000
0!
0[

#38315000
1!
b101110010 ;
1[
b101110010 w

#38316000
b10110100000011 y

#38320000
0!
0[

#38325000
1!
b101110011 ;
1[
b101110011 w

#38326000
b10110100000110 y

#38330000
0!
0[

#38335000
1!
b101110100 ;
1[
b101110100 w

#38336000
b10110100001001 y

#38340000
0!
0[

#38345000
1!
b101110101 ;
1[
b101110101 w

#38346000
b10110100001100 y

#38350000
0!
0[

#38355000
1!
b101110110 ;
1[
b101110110 w

#38356000
b10110100001111 y

#38360000
0!
0[

#38365000
1!
b101110111 ;
1[
b101110111 w

#38366000
b10110100010010 y

#38370000
0!
0[

#38375000
1!
b101111000 ;
1[
b101111000 w

#38376000
b10110100010101 y

#38380000
0!
0[

#38385000
1!
b101111001 ;
1[
b101111001 w

#38386000
b10110100011000 y

#38390000
0!
0[

#38395000
1!
b101111010 ;
1[
b101111010 w

#38396000
b10110100011011 y

#38400000
0!
0[

#38405000
1!
b101111011 ;
1[
b101111011 w

#38406000
b10110100011110 y

#38410000
0!
0[

#38415000
1!
b101111100 ;
1[
b101111100 w

#38416000
b10110100100001 y

#38420000
0!
0[

#38425000
1!
b101111101 ;
1[
b101111101 w

#38426000
b10110100100100 y

#38430000
0!
0[

#38435000
1!
b101111110 ;
1[
b101111110 w

#38436000
b10110100100111 y

#38440000
0!
0[

#38445000
1!
b101111111 ;
1[
b101111111 w

#38446000
b10110100101010 y

#38450000
0!
0[

#38455000
1!
b110000000 ;
1[
b110000000 w

#38456000
b10110100101101 y

#38460000
0!
0[

#38465000
1!
b110000001 ;
1[
b110000001 w

#38466000
b10110100110000 y

#38470000
0!
0[

#38475000
1!
b110000010 ;
1[
b110000010 w

#38476000
b10110100110011 y

#38480000
0!
0[

#38485000
1!
b110000011 ;
1[
b110000011 w

#38486000
b10110100110110 y

#38490000
0!
0[

#38495000
1!
b110000100 ;
1[
b110000100 w

#38496000
b10110100111001 y

#38500000
0!
0[

#38505000
1!
b110000101 ;
1[
b110000101 w

#38506000
b10110100111100 y

#38510000
0!
0[

#38515000
1!
b110000110 ;
1[
b110000110 w

#38516000
b10110100111111 y

#38520000
0!
0[

#38525000
1!
b110000111 ;
1[
b110000111 w

#38526000
b10110101000010 y

#38530000
0!
0[

#38535000
1!
b110001000 ;
1[
b110001000 w

#38536000
b10110101000101 y

#38540000
0!
0[

#38545000
1!
b110001001 ;
1[
b110001001 w

#38546000
b10110101001000 y

#38550000
0!
0[

#38555000
1!
b110001010 ;
1[
b110001010 w

#38556000
b10110101001011 y

#38560000
0!
0[

#38565000
1!
b110001011 ;
1[
b110001011 w

#38566000
b10110101001110 y

#38570000
0!
0[

#38575000
1!
b110001100 ;
1[
b110001100 w

#38576000
b10110101010001 y

#38580000
0!
0[

#38585000
1!
b110001101 ;
1[
b110001101 w

#38586000
b10110101010100 y

#38590000
0!
0[

#38595000
1!
b110001110 ;
1[
b110001110 w

#38596000
b10110101010111 y

#38600000
0!
0[

#38605000
1!
b110001111 ;
1[
b110001111 w

#38606000
b10110101011010 y

#38610000
0!
0[

#38615000
1!
b110010000 ;
1[
b110010000 w

#38616000
b10110101011101 y

#38620000
0!
0[

#38625000
1!
b110010001 ;
1[
b110010001 w

#38626000
b10110101100000 y

#38630000
0!
0[

#38635000
1!
b110010010 ;
1[
b110010010 w

#38636000
b10110101100011 y

#38640000
0!
0[

#38645000
1!
b110010011 ;
1[
b110010011 w

#38646000
b10110101100110 y

#38650000
0!
0[

#38655000
1!
b110010100 ;
1[
b110010100 w

#38656000
b10110101101001 y

#38660000
0!
0[

#38665000
1!
b110010101 ;
1[
b110010101 w

#38666000
b10110101101100 y

#38670000
0!
0[

#38675000
1!
b110010110 ;
1[
b110010110 w

#38676000
b10110101101111 y

#38680000
0!
0[

#38685000
1!
b110010111 ;
1[
b110010111 w

#38686000
b10110101110010 y

#38690000
0!
0[

#38695000
1!
b110011000 ;
1[
b110011000 w

#38696000
b10110101110101 y

#38700000
0!
0[

#38705000
1!
b110011001 ;
1[
b110011001 w

#38706000
b10110101111000 y

#38710000
0!
0[

#38715000
1!
b110011010 ;
1[
b110011010 w

#38716000
b10110101111011 y

#38720000
0!
0[

#38725000
1!
b110011011 ;
1[
b110011011 w

#38726000
b10110101111110 y

#38730000
0!
0[

#38735000
1!
b110011100 ;
1[
b110011100 w

#38736000
b10110110000001 y

#38740000
0!
0[

#38745000
1!
b110011101 ;
1[
b110011101 w

#38746000
b10110110000100 y

#38750000
0!
0[

#38755000
1!
b110011110 ;
1[
b110011110 w

#38756000
b10110110000111 y

#38760000
0!
0[

#38765000
1!
b110011111 ;
1[
b110011111 w

#38766000
b10110110001010 y

#38770000
0!
0[

#38775000
1!
b110100000 ;
1[
b110100000 w

#38776000
b10110110001101 y

#38780000
0!
0[

#38785000
1!
b110100001 ;
1[
b110100001 w

#38786000
b10110110010000 y

#38790000
0!
0[

#38795000
1!
b110100010 ;
1[
b110100010 w

#38796000
b10110110010011 y

#38800000
0!
0[

#38805000
1!
b110100011 ;
1[
b110100011 w

#38806000
b10110110010110 y

#38810000
0!
0[

#38815000
1!
b110100100 ;
1[
b110100100 w

#38816000
b10110110011001 y

#38820000
0!
0[

#38825000
1!
b110100101 ;
1[
b110100101 w

#38826000
b10110110011100 y

#38830000
0!
0[

#38835000
1!
b110100110 ;
1[
b110100110 w

#38836000
b10110110011111 y

#38840000
0!
0[

#38845000
1!
b110100111 ;
1[
b110100111 w

#38846000
b10110110100010 y

#38850000
0!
0[

#38855000
1!
b110101000 ;
1[
b110101000 w

#38856000
b10110110100101 y

#38860000
0!
0[

#38865000
1!
b110101001 ;
1[
b110101001 w

#38866000
b10110110101000 y

#38870000
0!
0[

#38875000
1!
b110101010 ;
1[
b110101010 w

#38876000
b10110110101011 y

#38880000
0!
0[

#38885000
1!
b110101011 ;
1[
b110101011 w

#38886000
b10110110101110 y

#38890000
0!
0[

#38895000
1!
b110101100 ;
1[
b110101100 w

#38896000
b10110110110001 y

#38900000
0!
0[

#38905000
1!
b110101101 ;
1[
b110101101 w

#38906000
b10110110110100 y

#38910000
0!
0[

#38915000
1!
b110101110 ;
1[
b110101110 w

#38916000
b10110110110111 y

#38920000
0!
0[

#38925000
1!
b110101111 ;
1[
b110101111 w

#38926000
b10110110111010 y

#38930000
0!
0[

#38935000
1!
b110110000 ;
1[
b110110000 w

#38936000
b10110110111101 y

#38940000
0!
0[

#38945000
1!
b110110001 ;
1[
b110110001 w

#38946000
b10110111000000 y

#38950000
0!
0[

#38955000
1!
b110110010 ;
1[
b110110010 w

#38956000
b10110111000011 y

#38960000
0!
0[

#38965000
1!
b110110011 ;
1[
b110110011 w

#38966000
b10110111000110 y

#38970000
0!
0[

#38975000
1!
b110110100 ;
1[
b110110100 w

#38976000
b10110111001001 y

#38980000
0!
0[

#38985000
1!
b110110101 ;
1[
b110110101 w

#38986000
b10110111001100 y

#38990000
0!
0[

#38995000
1!
b110110110 ;
1[
b110110110 w

#38996000
b10110111001111 y

#39000000
0!
0[

#39005000
1!
b110110111 ;
1[
b110110111 w

#39006000
b10110111010010 y

#39010000
0!
0[

#39015000
1!
b110111000 ;
1[
b110111000 w

#39016000
b10110111010101 y

#39020000
0!
0[

#39025000
1!
b110111001 ;
1[
b110111001 w

#39026000
b10110111011000 y

#39030000
0!
0[

#39035000
1!
b110111010 ;
1[
b110111010 w

#39036000
b10110111011011 y

#39040000
0!
0[

#39045000
1!
b110111011 ;
1[
b110111011 w

#39046000
b10110111011110 y

#39050000
0!
0[

#39055000
1!
b110111100 ;
1[
b110111100 w

#39056000
b10110111100001 y

#39060000
0!
0[

#39065000
1!
b110111101 ;
1[
b110111101 w

#39066000
b10110111100100 y

#39070000
0!
0[

#39075000
1!
b110111110 ;
1[
b110111110 w

#39076000
b10110111100111 y

#39080000
0!
0[

#39085000
1!
b110111111 ;
1[
b110111111 w

#39086000
b10110111101010 y

#39090000
0!
0[

#39095000
1!
b111000000 ;
1[
b111000000 w

#39096000
b10110111101101 y

#39100000
0!
0[

#39105000
1!
b111000001 ;
1[
b111000001 w

#39106000
b10110111110000 y

#39110000
0!
0[

#39115000
1!
b111000010 ;
1[
b111000010 w

#39116000
b10110111110011 y

#39120000
0!
0[

#39125000
1!
b111000011 ;
1[
b111000011 w

#39126000
b10110111110110 y

#39130000
0!
0[

#39135000
1!
b111000100 ;
1[
b111000100 w

#39136000
b10110111111001 y

#39140000
0!
0[

#39145000
1!
b111000101 ;
1[
b111000101 w

#39146000
b10110111111100 y

#39150000
0!
0[

#39155000
1!
b111000110 ;
1[
b111000110 w

#39156000
b10110111111111 y

#39160000
0!
0[

#39165000
1!
b111000111 ;
1[
b111000111 w

#39166000
b10111000000010 y

#39170000
0!
0[

#39175000
1!
b111001000 ;
1[
b111001000 w

#39176000
b10111000000101 y

#39180000
0!
0[

#39185000
1!
b111001001 ;
1[
b111001001 w

#39186000
b10111000001000 y

#39190000
0!
0[

#39195000
1!
b111001010 ;
1[
b111001010 w

#39196000
b10111000001011 y

#39200000
0!
0[

#39205000
1!
b111001011 ;
1[
b111001011 w

#39206000
b10111000001110 y

#39210000
0!
0[

#39215000
1!
b111001100 ;
1[
b111001100 w

#39216000
b10111000010001 y

#39220000
0!
0[

#39225000
1!
b111001101 ;
1[
b111001101 w

#39226000
b10111000010100 y

#39230000
0!
0[

#39235000
1!
b111001110 ;
1[
b111001110 w

#39236000
b10111000010111 y

#39240000
0!
0[

#39245000
1!
b111001111 ;
1[
b111001111 w

#39246000
b10111000011010 y

#39250000
0!
0[

#39255000
1!
b111010000 ;
1[
b111010000 w

#39256000
b10111000011101 y

#39260000
0!
0[

#39265000
1!
b111010001 ;
1[
b111010001 w

#39266000
b10111000100000 y

#39270000
0!
0[

#39275000
1!
b111010010 ;
1[
b111010010 w

#39276000
b10111000100011 y

#39280000
0!
0[

#39285000
1!
b111010011 ;
1[
b111010011 w

#39286000
b10111000100110 y

#39290000
0!
0[

#39295000
1!
b111010100 ;
1[
b111010100 w

#39296000
b10111000101001 y

#39300000
0!
0[

#39305000
1!
b111010101 ;
1[
b111010101 w

#39306000
b10111000101100 y

#39310000
0!
0[

#39315000
1!
b111010110 ;
1[
b111010110 w

#39316000
b10111000101111 y

#39320000
0!
0[

#39325000
1!
b111010111 ;
1[
b111010111 w

#39326000
b10111000110010 y

#39330000
0!
0[

#39335000
1!
b111011000 ;
1[
b111011000 w

#39336000
b10111000110101 y

#39340000
0!
0[

#39345000
1!
b111011001 ;
1[
b111011001 w

#39346000
b10111000111000 y

#39350000
0!
0[

#39355000
1!
b111011010 ;
1[
b111011010 w

#39356000
b10111000111011 y

#39360000
0!
0[

#39365000
1!
b111011011 ;
1[
b111011011 w

#39366000
b10111000111110 y

#39370000
0!
0[

#39375000
1!
b111011100 ;
1[
b111011100 w

#39376000
b10111001000001 y

#39380000
0!
0[

#39385000
1!
b111011101 ;
1[
b111011101 w

#39386000
b10111001000100 y

#39390000
0!
0[

#39395000
1!
b111011110 ;
1[
b111011110 w

#39396000
b10111001000111 y

#39400000
0!
0[

#39405000
1!
b111011111 ;
1[
b111011111 w

#39406000
b10111001001010 y

#39410000
0!
0[

#39415000
1!
b111100000 ;
1[
b111100000 w

#39416000
b10111001001101 y

#39420000
0!
0[

#39425000
1!
b111100001 ;
1[
b111100001 w

#39426000
b10111001010000 y

#39430000
0!
0[

#39435000
1!
b111100010 ;
1[
b111100010 w

#39436000
b10111001010011 y

#39440000
0!
0[

#39445000
1!
b111100011 ;
1[
b111100011 w

#39446000
b10111001010110 y

#39450000
0!
0[

#39455000
1!
b111100100 ;
1[
b111100100 w

#39456000
b10111001011001 y

#39460000
0!
0[

#39465000
1!
b111100101 ;
1[
b111100101 w

#39466000
b10111001011100 y

#39470000
0!
0[

#39475000
1!
b111100110 ;
1[
b111100110 w

#39476000
b10111001011111 y

#39480000
0!
0[

#39485000
1!
b111100111 ;
1[
b111100111 w

#39486000
b10111001100010 y

#39490000
0!
0[

#39495000
1!
b111101000 ;
1[
b111101000 w

#39496000
b10111001100101 y

#39500000
0!
0[

#39505000
1!
b111101001 ;
1[
b111101001 w

#39506000
b10111001101000 y

#39510000
0!
0[

#39515000
1!
b111101010 ;
1[
b111101010 w

#39516000
b10111001101011 y

#39520000
0!
0[

#39525000
1!
b111101011 ;
1[
b111101011 w

#39526000
b10111001101110 y

#39530000
0!
0[

#39535000
1!
b111101100 ;
1[
b111101100 w

#39536000
b10111001110001 y

#39540000
0!
0[

#39545000
1!
b111101101 ;
1[
b111101101 w

#39546000
b10111001110100 y

#39550000
0!
0[

#39555000
1!
b111101110 ;
1[
b111101110 w

#39556000
b10111001110111 y

#39560000
0!
0[

#39565000
1!
b111101111 ;
1[
b111101111 w

#39566000
b10111001111010 y

#39570000
0!
0[

#39575000
1!
b111110000 ;
1[
b111110000 w

#39576000
b10111001111101 y

#39580000
0!
0[

#39585000
1!
b111110001 ;
1[
b111110001 w

#39586000
b10111010000000 y

#39590000
0!
0[

#39595000
1!
b111110010 ;
1[
b111110010 w

#39596000
b10111010000011 y

#39600000
0!
0[

#39605000
1!
b111110011 ;
1[
b111110011 w

#39606000
b10111010000110 y

#39610000
0!
0[

#39615000
1!
b111110100 ;
1[
b111110100 w

#39616000
b10111010001001 y

#39620000
0!
0[

#39625000
1!
b111110101 ;
1[
b111110101 w

#39626000
b10111010001100 y

#39630000
0!
0[

#39635000
1!
b111110110 ;
1[
b111110110 w

#39636000
b10111010001111 y

#39640000
0!
0[

#39645000
1!
b111110111 ;
1[
b111110111 w

#39646000
b10111010010010 y

#39650000
0!
0[

#39655000
1!
b111111000 ;
1[
b111111000 w

#39656000
b10111010010101 y

#39660000
0!
0[

#39665000
1!
b111111001 ;
1[
b111111001 w

#39666000
b10111010011000 y

#39670000
0!
0[

#39675000
1!
b111111010 ;
1[
b111111010 w

#39676000
b10111010011011 y

#39680000
0!
0[

#39685000
1!
b111111011 ;
1[
b111111011 w

#39686000
b10111010011110 y

#39690000
0!
0[

#39695000
1!
b111111100 ;
1[
b111111100 w

#39696000
b10111010100001 y

#39700000
0!
0[

#39705000
1!
b111111101 ;
1[
b111111101 w

#39706000
b10111010100100 y

#39710000
0!
0[

#39715000
1!
b111111110 ;
1[
b111111110 w

#39716000
b10111010100111 y

#39720000
0!
0[

#39725000
1!
b111111111 ;
1[
b111111111 w

#39726000
b10111010101010 y

#39730000
0!
0[

#39735000
1!
b1000000000 ;
1[
b1000000000 w

#39736000
b10111010101101 y

#39740000
0!
0[

#39745000
1!
b1000000001 ;
1[
b1000000001 w

#39746000
b10111010110000 y

#39750000
0!
0[

#39755000
1!
b1000000010 ;
1[
b1000000010 w

#39756000
b10111010110011 y

#39760000
0!
0[

#39765000
1!
b1000000011 ;
1[
b1000000011 w

#39766000
b10111010110110 y

#39770000
0!
0[

#39775000
1!
b1000000100 ;
1[
b1000000100 w

#39776000
b10111010111001 y

#39780000
0!
0[

#39785000
1!
b1000000101 ;
1[
b1000000101 w

#39786000
b10111010111100 y

#39790000
0!
0[

#39795000
1!
b1000000110 ;
1[
b1000000110 w

#39796000
b10111010111111 y

#39800000
0!
0[

#39805000
1!
b1000000111 ;
1[
b1000000111 w

#39806000
b10111011000010 y

#39810000
0!
0[

#39815000
1!
b1000001000 ;
1[
b1000001000 w

#39816000
b10111011000101 y

#39820000
0!
0[

#39825000
1!
b1000001001 ;
1[
b1000001001 w

#39826000
b10111011001000 y

#39830000
0!
0[

#39835000
1!
b1000001010 ;
1[
b1000001010 w

#39836000
b10111011001011 y

#39840000
0!
0[

#39845000
1!
b1000001011 ;
1[
b1000001011 w

#39846000
b10111011001110 y

#39850000
0!
0[

#39855000
1!
b1000001100 ;
1[
b1000001100 w

#39856000
b10111011010001 y

#39860000
0!
0[

#39865000
1!
b1000001101 ;
1[
b1000001101 w

#39866000
b10111011010100 y

#39870000
0!
0[

#39875000
1!
b1000001110 ;
1[
b1000001110 w

#39876000
b10111011010111 y

#39880000
0!
0[

#39885000
1!
b1000001111 ;
1[
b1000001111 w

#39886000
b10111011011010 y

#39890000
0!
0[

#39895000
1!
b1000010000 ;
1[
b1000010000 w

#39896000
b10111011011101 y

#39900000
0!
0[

#39905000
1!
b1000010001 ;
1[
b1000010001 w

#39906000
b10111011100000 y

#39910000
0!
0[

#39915000
1!
b1000010010 ;
1[
b1000010010 w

#39916000
b10111011100011 y

#39920000
0!
0[

#39925000
1!
b1000010011 ;
1[
b1000010011 w

#39926000
b10111011100110 y

#39930000
0!
0[

#39935000
1!
b1000010100 ;
1[
b1000010100 w

#39936000
b10111011101001 y

#39940000
0!
0[

#39945000
1!
b1000010101 ;
1[
b1000010101 w

#39946000
b10111011101100 y

#39950000
0!
0[

#39955000
1!
b1000010110 ;
1[
b1000010110 w

#39956000
b10111011101111 y

#39960000
0!
0[

#39965000
1!
b1000010111 ;
1[
b1000010111 w

#39966000
b10111011110010 y

#39970000
0!
0[

#39975000
1!
b1000011000 ;
1[
b1000011000 w

#39976000
b10111011110101 y

#39980000
0!
0[

#39985000
1!
b1000011001 ;
1[
b1000011001 w

#39986000
b10111011111000 y

#39990000
0!
0[

#39995000
1!
b1000011010 ;
1[
b1000011010 w

#39996000
b10111011111011 y

#40000000
0!
0[

#40005000
1!
b1000011011 ;
1[
b1000011011 w

#40006000
b10111011111110 y

#40010000
0!
0[

#40015000
1!
b1000011100 ;
1[
b1000011100 w

#40016000
b10111100000001 y

#40020000
0!
0[

#40025000
1!
b1000011101 ;
1[
b1000011101 w

#40026000
b10111100000100 y

#40030000
0!
0[

#40035000
1!
b1000011110 ;
1[
b1000011110 w

#40036000
b10111100000111 y

#40040000
0!
0[

#40045000
1!
b1000011111 ;
1[
b1000011111 w

#40046000
b10111100001010 y

#40050000
0!
0[

#40055000
1!
b1000100000 ;
1[
b1000100000 w

#40056000
b10111100001101 y

#40060000
0!
0[

#40065000
1!
b1000100001 ;
1[
b1000100001 w

#40066000
b10111100010000 y

#40070000
0!
0[

#40075000
1!
b1000100010 ;
1[
b1000100010 w

#40076000
b10111100010011 y

#40080000
0!
0[

#40085000
1!
b1000100011 ;
1[
b1000100011 w

#40086000
b10111100010110 y

#40090000
0!
0[

#40095000
1!
b1000100100 ;
1[
b1000100100 w

#40096000
b10111100011001 y

#40100000
0!
0[

#40105000
1!
b1000100101 ;
1[
b1000100101 w

#40106000
b10111100011100 y

#40110000
0!
0[

#40115000
1!
b1000100110 ;
1[
b1000100110 w

#40116000
b10111100011111 y

#40120000
0!
0[

#40125000
1!
b1000100111 ;
1[
b1000100111 w

#40126000
b10111100100010 y

#40130000
0!
0[

#40135000
1!
b1000101000 ;
1[
b1000101000 w

#40136000
b10111100100101 y

#40140000
0!
0[

#40145000
1!
b1000101001 ;
1[
b1000101001 w

#40146000
b10111100101000 y

#40150000
0!
0[

#40155000
1!
b1000101010 ;
1[
b1000101010 w

#40156000
b10111100101011 y

#40160000
0!
0[

#40165000
1!
b1000101011 ;
1[
b1000101011 w

#40166000
b10111100101110 y

#40170000
0!
0[

#40175000
1!
b1000101100 ;
1[
b1000101100 w

#40176000
b10111100110001 y

#40180000
0!
0[

#40185000
1!
b1000101101 ;
1[
b1000101101 w

#40186000
b10111100110100 y

#40190000
0!
0[

#40195000
1!
b1000101110 ;
1[
b1000101110 w

#40196000
b10111100110111 y

#40200000
0!
0[

#40205000
1!
b1000101111 ;
1[
b1000101111 w

#40206000
b10111100111010 y

#40210000
0!
0[

#40215000
1!
b1000110000 ;
1[
b1000110000 w

#40216000
b10111100111101 y

#40220000
0!
0[

#40225000
1!
b1000110001 ;
1[
b1000110001 w

#40226000
b10111101000000 y

#40230000
0!
0[

#40235000
1!
b1000110010 ;
1[
b1000110010 w

#40236000
b10111101000011 y

#40240000
0!
0[

#40245000
1!
b1000110011 ;
1[
b1000110011 w

#40246000
b10111101000110 y

#40250000
0!
0[

#40255000
1!
b1000110100 ;
1[
b1000110100 w

#40256000
b10111101001001 y

#40260000
0!
0[

#40265000
1!
b1000110101 ;
1[
b1000110101 w

#40266000
b10111101001100 y

#40270000
0!
0[

#40275000
1!
b1000110110 ;
1[
b1000110110 w

#40276000
b10111101001111 y

#40280000
0!
0[

#40285000
1!
b1000110111 ;
1[
b1000110111 w

#40286000
b10111101010010 y

#40290000
0!
0[

#40295000
1!
b1000111000 ;
1[
b1000111000 w

#40296000
b10111101010101 y

#40300000
0!
0[

#40305000
1!
b1000111001 ;
1[
b1000111001 w

#40306000
b10111101011000 y

#40310000
0!
0[

#40315000
1!
b1000111010 ;
1[
b1000111010 w

#40316000
b10111101011011 y

#40320000
0!
0[

#40325000
1!
b1000111011 ;
1[
b1000111011 w

#40326000
b10111101011110 y

#40330000
0!
0[

#40335000
1!
b1000111100 ;
1[
b1000111100 w

#40336000
b10111101100001 y

#40340000
0!
0[

#40345000
1!
b1000111101 ;
1[
b1000111101 w

#40346000
b10111101100100 y

#40350000
0!
0[

#40355000
1!
b1000111110 ;
1[
b1000111110 w

#40356000
b10111101100111 y

#40360000
0!
0[

#40365000
1!
b1000111111 ;
1[
b1000111111 w

#40366000
b10111101101010 y

#40370000
0!
0[

#40375000
1!
b1001000000 ;
1[
b1001000000 w

#40376000
b10111101101101 y

#40380000
0!
0[

#40385000
1!
b1001000001 ;
1[
b1001000001 w

#40386000
b10111101110000 y

#40390000
0!
0[

#40395000
1!
b1001000010 ;
1[
b1001000010 w

#40396000
b10111101110011 y

#40400000
0!
0[

#40405000
1!
b1001000011 ;
1[
b1001000011 w

#40406000
b10111101110110 y

#40410000
0!
0[

#40415000
1!
b1001000100 ;
1[
b1001000100 w

#40416000
b10111101111001 y

#40420000
0!
0[

#40425000
1!
b1001000101 ;
1[
b1001000101 w

#40426000
b10111101111100 y

#40430000
0!
0[

#40435000
1!
b1001000110 ;
1[
b1001000110 w

#40436000
b10111101111111 y

#40440000
0!
0[

#40445000
1!
b1001000111 ;
1[
b1001000111 w

#40446000
b10111110000010 y

#40450000
0!
0[

#40455000
1!
b1001001000 ;
1[
b1001001000 w

#40456000
b10111110000101 y

#40460000
0!
0[

#40465000
1!
b1001001001 ;
1[
b1001001001 w

#40466000
b10111110001000 y

#40470000
0!
0[

#40475000
1!
b1001001010 ;
1[
b1001001010 w

#40476000
b10111110001011 y

#40480000
0!
0[

#40485000
1!
b1001001011 ;
1[
b1001001011 w

#40486000
b10111110001110 y

#40490000
0!
0[

#40495000
1!
b1001001100 ;
1[
b1001001100 w

#40496000
b10111110010001 y

#40500000
0!
0[

#40505000
1!
b1001001101 ;
1[
b1001001101 w

#40506000
b10111110010100 y

#40510000
0!
0[

#40515000
1!
b1001001110 ;
1[
b1001001110 w

#40516000
b10111110010111 y

#40520000
0!
0[

#40525000
1!
b1001001111 ;
1[
b1001001111 w

#40526000
b10111110011010 y

#40530000
0!
0[

#40535000
1!
b1001010000 ;
1[
b1001010000 w

#40536000
b10111110011101 y

#40540000
0!
0[

#40545000
1!
b1001010001 ;
1[
b1001010001 w

#40546000
b10111110100000 y

#40550000
0!
0[

#40555000
1!
b1001010010 ;
1[
b1001010010 w

#40556000
b10111110100011 y

#40560000
0!
0[

#40565000
1!
b1001010011 ;
1[
b1001010011 w

#40566000
b10111110100110 y

#40570000
0!
0[

#40575000
1!
b1001010100 ;
1[
b1001010100 w

#40576000
b10111110101001 y

#40580000
0!
0[

#40585000
1!
b1001010101 ;
1[
b1001010101 w

#40586000
b10111110101100 y

#40590000
0!
0[

#40595000
1!
b1001010110 ;
1[
b1001010110 w

#40596000
b10111110101111 y

#40600000
0!
0[

#40605000
1!
b1001010111 ;
1[
b1001010111 w

#40606000
b10111110110010 y

#40610000
0!
0[

#40615000
1!
b1001011000 ;
1[
b1001011000 w

#40616000
b10111110110101 y

#40620000
0!
0[

#40625000
1!
b1001011001 ;
1[
b1001011001 w

#40626000
b10111110111000 y

#40630000
0!
0[

#40635000
1!
b1001011010 ;
1[
b1001011010 w

#40636000
b10111110111011 y

#40640000
0!
0[

#40645000
1!
b1001011011 ;
1[
b1001011011 w

#40646000
b10111110111110 y

#40650000
0!
0[

#40655000
1!
b1001011100 ;
1[
b1001011100 w

#40656000
b10111111000001 y

#40660000
0!
0[

#40665000
1!
b1001011101 ;
1[
b1001011101 w

#40666000
b10111111000100 y

#40670000
0!
0[

#40675000
1!
b1001011110 ;
1[
b1001011110 w

#40676000
b10111111000111 y

#40680000
0!
0[

#40685000
1!
b1001011111 ;
1[
b1001011111 w

#40686000
b10111111001010 y

#40690000
0!
0[

#40695000
1!
b1001100000 ;
1[
b1001100000 w

#40696000
b10111111001101 y

#40700000
0!
0[

#40705000
1!
b1001100001 ;
1[
b1001100001 w

#40706000
b10111111010000 y

#40710000
0!
0[

#40715000
1!
b1001100010 ;
1[
b1001100010 w

#40716000
b10111111010011 y

#40720000
0!
0[

#40725000
1!
b1001100011 ;
1[
b1001100011 w

#40726000
b10111111010110 y

#40730000
0!
0[

#40735000
1!
b1001100100 ;
1[
b1001100100 w

#40736000
b10111111011001 y

#40740000
0!
0[

#40745000
1!
b1001100101 ;
1[
b1001100101 w

#40746000
b10111111011100 y

#40750000
0!
0[

#40755000
1!
b1001100110 ;
1[
b1001100110 w

#40756000
b10111111011111 y

#40760000
0!
0[

#40765000
1!
b1001100111 ;
1[
b1001100111 w

#40766000
b10111111100010 y

#40770000
0!
0[

#40775000
1!
b1001101000 ;
1[
b1001101000 w

#40776000
b10111111100101 y

#40780000
0!
0[

#40785000
1!
b1001101001 ;
1[
b1001101001 w

#40786000
b10111111101000 y

#40790000
0!
0[

#40795000
1!
b1001101010 ;
1[
b1001101010 w

#40796000
b10111111101011 y

#40800000
0!
0[

#40805000
1!
b1001101011 ;
1[
b1001101011 w

#40806000
b10111111101110 y

#40810000
0!
0[

#40815000
1!
b1001101100 ;
1[
b1001101100 w

#40816000
b10111111110001 y

#40820000
0!
0[

#40825000
1!
b1001101101 ;
1[
b1001101101 w

#40826000
b10111111110100 y

#40830000
0!
0[

#40835000
1!
b1001101110 ;
1[
b1001101110 w

#40836000
b10111111110111 y

#40840000
0!
0[

#40845000
1!
b1001101111 ;
1[
b1001101111 w

#40846000
b10111111111010 y

#40850000
0!
0[

#40855000
1!
b1001110000 ;
1[
b1001110000 w

#40856000
b10111111111101 y

#40860000
0!
0[

#40865000
1!
b1001110001 ;
1[
b1001110001 w

#40866000
b11000000000000 y

#40870000
0!
0[

#40875000
1!
b1001110010 ;
1[
b1001110010 w

#40876000
b11000000000011 y

#40880000
0!
0[

#40885000
1!
b1001110011 ;
1[
b1001110011 w

#40886000
b11000000000110 y

#40890000
0!
0[

#40895000
1!
b1001110100 ;
1[
b1001110100 w

#40896000
b11000000001001 y

#40900000
0!
0[

#40905000
1!
b1001110101 ;
1[
b1001110101 w

#40906000
b11000000001100 y

#40910000
0!
0[

#40915000
1!
b1001110110 ;
1[
b1001110110 w

#40916000
b11000000001111 y

#40920000
0!
0[

#40925000
1!
b1001110111 ;
1[
b1001110111 w

#40926000
b11000000010010 y

#40930000
0!
0[

#40935000
1!
b1001111000 ;
1[
b1001111000 w

#40936000
b11000000010101 y

#40940000
0!
0[

#40945000
1!
b1001111001 ;
1[
b1001111001 w

#40946000
b11000000011000 y

#40950000
0!
0[

#40955000
1!
b1001111010 ;
1[
b1001111010 w

#40956000
b11000000011011 y

#40960000
0!
0[

#40965000
1!
b1001111011 ;
1[
b1001111011 w

#40966000
b11000000011110 y

#40970000
0!
0[

#40975000
1!
b1001111100 ;
1[
b1001111100 w

#40976000
b11000000100001 y

#40980000
0!
0[

#40985000
1!
b1001111101 ;
1[
b1001111101 w

#40986000
b11000000100100 y

#40990000
0!
0[

#40995000
1!
b1001111110 ;
1[
b1001111110 w

#40996000
b11000000100111 y

#41000000
0!
0[

#41005000
1!
b1001111111 ;
1[
b1001111111 w

#41006000
b11000000101010 y

#41010000
0!
0[

#41015000
1!
b1010000000 ;
1[
b1010000000 w

#41016000
b11000000101101 y

#41020000
0!
0[

#41025000
1!
b1010000001 ;
1[
b1010000001 w

#41026000
b11000000110000 y

#41030000
0!
0[

#41035000
1!
b1010000010 ;
1[
b1010000010 w

#41036000
b11000000110011 y

#41040000
0!
0[

#41045000
1!
b1010000011 ;
1[
b1010000011 w

#41046000
b11000000110110 y

#41050000
0!
0[

#41055000
1!
b1010000100 ;
1[
b1010000100 w

#41056000
b11000000111001 y

#41060000
0!
0[

#41065000
1!
b1010000101 ;
1[
b1010000101 w

#41066000
b11000000111100 y

#41070000
0!
0[

#41075000
1!
b1010000110 ;
1[
b1010000110 w

#41076000
b11000000111111 y

#41080000
0!
0[

#41085000
1!
b1010000111 ;
1[
b1010000111 w

#41086000
b11000001000010 y

#41090000
0!
0[

#41095000
1!
b1010001000 ;
1[
b1010001000 w

#41096000
b11000001000101 y

#41100000
0!
0[

#41105000
1!
b1010001001 ;
1[
b1010001001 w

#41106000
b11000001001000 y

#41110000
0!
0[

#41115000
1!
b1010001010 ;
1[
b1010001010 w

#41116000
b11000001001011 y

#41120000
0!
0[

#41125000
1!
b1010001011 ;
1[
b1010001011 w

#41126000
b11000001001110 y

#41130000
0!
0[

#41135000
1!
b1010001100 ;
1[
b1010001100 w

#41136000
b11000001010001 y

#41140000
0!
0[

#41145000
1!
b1010001101 ;
1[
b1010001101 w

#41146000
b11000001010100 y

#41150000
0!
0[

#41155000
1!
b1010001110 ;
1[
b1010001110 w

#41156000
b11000001010111 y

#41160000
0!
0[

#41165000
1!
b1010001111 ;
1[
b1010001111 w

#41166000
b11000001011010 y

#41170000
0!
0[

#41175000
1!
b1010010000 ;
1[
b1010010000 w

#41176000
b11000001011101 y

#41180000
0!
0[

#41185000
1!
b1010010001 ;
1[
b1010010001 w

#41186000
b11000001100000 y

#41190000
0!
0[

#41195000
1!
b1010010010 ;
1[
b1010010010 w

#41196000
b11000001100011 y

#41200000
0!
0[

#41205000
1!
b1010010011 ;
1[
b1010010011 w

#41206000
b11000001100110 y

#41210000
0!
0[

#41215000
1!
b1010010100 ;
1[
b1010010100 w

#41216000
b11000001101001 y

#41220000
0!
0[

#41225000
1!
b1010010101 ;
1[
b1010010101 w

#41226000
b11000001101100 y

#41230000
0!
0[

#41235000
1!
b1010010110 ;
1[
b1010010110 w

#41236000
b11000001101111 y

#41240000
0!
0[

#41245000
1!
b1010010111 ;
1[
b1010010111 w

#41246000
b11000001110010 y

#41250000
0!
0[

#41255000
1!
b1010011000 ;
1[
b1010011000 w

#41256000
b11000001110101 y

#41260000
0!
0[

#41265000
1!
b1010011001 ;
1[
b1010011001 w

#41266000
b11000001111000 y

#41270000
0!
0[

#41275000
1!
b1010011010 ;
1[
b1010011010 w

#41276000
b11000001111011 y

#41280000
0!
0[

#41285000
1!
b1010011011 ;
1[
b1010011011 w

#41286000
b11000001111110 y

#41290000
0!
0[

#41295000
1!
b1010011100 ;
1[
b1010011100 w

#41296000
b11000010000001 y

#41300000
0!
0[

#41305000
1!
b1010011101 ;
1[
b1010011101 w

#41306000
b11000010000100 y

#41310000
0!
0[

#41315000
1!
b1010011110 ;
1[
b1010011110 w

#41316000
b11000010000111 y

#41320000
0!
0[

#41325000
1!
b1010011111 ;
1[
b1010011111 w

#41326000
b11000010001010 y

#41330000
0!
0[

#41335000
1!
b1010100000 ;
1[
b1010100000 w

#41336000
b11000010001101 y

#41340000
0!
0[

#41345000
1!
b1010100001 ;
1[
b1010100001 w

#41346000
b11000010010000 y

#41350000
0!
0[

#41355000
1!
b1010100010 ;
1[
b1010100010 w

#41356000
b11000010010011 y

#41360000
0!
0[

#41365000
1!
b1010100011 ;
1[
b1010100011 w

#41366000
b11000010010110 y

#41370000
0!
0[

#41375000
1!
b1010100100 ;
1[
b1010100100 w

#41376000
b11000010011001 y

#41380000
0!
0[

#41385000
1!
b1010100101 ;
1[
b1010100101 w

#41386000
b11000010011100 y

#41390000
0!
0[

#41395000
1!
b1010100110 ;
1[
b1010100110 w

#41396000
b11000010011111 y

#41400000
0!
0[

#41405000
1!
b1010100111 ;
1[
b1010100111 w

#41406000
b11000010100010 y

#41410000
0!
0[

#41415000
1!
b1010101000 ;
1[
b1010101000 w

#41416000
b11000010100101 y

#41420000
0!
0[

#41425000
1!
b1010101001 ;
1[
b1010101001 w

#41426000
b11000010101000 y

#41430000
0!
0[

#41435000
1!
b1010101010 ;
1[
b1010101010 w

#41436000
b11000010101011 y

#41440000
0!
0[

#41445000
1!
b1010101011 ;
1[
b1010101011 w

#41446000
b11000010101110 y

#41450000
0!
0[

#41455000
1!
b1010101100 ;
1[
b1010101100 w

#41456000
b11000010110001 y

#41460000
0!
0[

#41465000
1!
b1010101101 ;
1[
b1010101101 w

#41466000
b11000010110100 y

#41470000
0!
0[

#41475000
1!
b1010101110 ;
1[
b1010101110 w

#41476000
b11000010110111 y

#41480000
0!
0[

#41485000
1!
b1010101111 ;
1[
b1010101111 w

#41486000
b11000010111010 y

#41490000
0!
0[

#41495000
1!
b1010110000 ;
1[
b1010110000 w

#41496000
b11000010111101 y

#41500000
0!
0[

#41505000
1!
b1010110001 ;
1[
b1010110001 w

#41506000
b11000011000000 y

#41510000
0!
0[

#41515000
1!
b1010110010 ;
1[
b1010110010 w

#41516000
b11000011000011 y

#41520000
0!
0[

#41525000
1!
b1010110011 ;
1[
b1010110011 w

#41526000
b11000011000110 y

#41530000
0!
0[

#41535000
1!
b1010110100 ;
1[
b1010110100 w

#41536000
b11000011001001 y

#41540000
0!
0[

#41545000
1!
b1010110101 ;
1[
b1010110101 w

#41546000
b11000011001100 y

#41550000
0!
0[

#41555000
1!
b1010110110 ;
1[
b1010110110 w

#41556000
b11000011001111 y

#41560000
0!
0[

#41565000
1!
b1010110111 ;
1[
b1010110111 w

#41566000
b11000011010010 y

#41570000
0!
0[

#41575000
1!
b1010111000 ;
1[
b1010111000 w

#41576000
b11000011010101 y

#41580000
0!
0[

#41585000
1!
b1010111001 ;
1[
b1010111001 w

#41586000
b11000011011000 y

#41590000
0!
0[

#41595000
1!
b1010111010 ;
1[
b1010111010 w

#41596000
b11000011011011 y

#41600000
0!
0[

#41605000
1!
b1010111011 ;
1[
b1010111011 w

#41606000
b11000011011110 y

#41610000
0!
0[

#41615000
1!
b1010111100 ;
1[
b1010111100 w

#41616000
b11000011100001 y

#41620000
0!
0[

#41625000
1!
b1010111101 ;
1[
b1010111101 w

#41626000
b11000011100100 y

#41630000
0!
0[

#41635000
1!
b1010111110 ;
1[
b1010111110 w

#41636000
b11000011100111 y

#41640000
0!
0[

#41645000
1!
b1010111111 ;
1[
b1010111111 w

#41646000
b11000011101010 y

#41650000
0!
0[

#41655000
1!
b1011000000 ;
1[
b1011000000 w

#41656000
b11000011101101 y

#41660000
0!
0[

#41665000
1!
b1011000001 ;
1[
b1011000001 w

#41666000
b11000011110000 y

#41670000
0!
0[

#41675000
1!
b1011000010 ;
1[
b1011000010 w

#41676000
b11000011110011 y

#41680000
0!
0[

#41685000
1!
b1011000011 ;
1[
b1011000011 w

#41686000
b11000011110110 y

#41690000
0!
0[

#41695000
1!
b1011000100 ;
1[
b1011000100 w

#41696000
b11000011111001 y

#41700000
0!
0[

#41705000
1!
b1011000101 ;
1[
b1011000101 w

#41706000
b11000011111100 y

#41710000
0!
0[

#41715000
1!
b1011000110 ;
1[
b1011000110 w

#41716000
b11000011111111 y

#41720000
0!
0[

#41725000
1!
b1011000111 ;
1[
b1011000111 w

#41726000
b11000100000010 y

#41730000
0!
0[

#41735000
1!
b1011001000 ;
1[
b1011001000 w

#41736000
b11000100000101 y

#41740000
0!
0[

#41745000
1!
b1011001001 ;
1[
b1011001001 w

#41746000
b11000100001000 y

#41750000
0!
0[

#41755000
1!
b1011001010 ;
1[
b1011001010 w

#41756000
b11000100001011 y

#41760000
0!
0[

#41765000
1!
b1011001011 ;
1[
b1011001011 w

#41766000
b11000100001110 y

#41770000
0!
0[

#41775000
1!
b1011001100 ;
1[
b1011001100 w

#41776000
b11000100010001 y

#41780000
0!
0[

#41785000
1!
b1011001101 ;
1[
b1011001101 w

#41786000
b11000100010100 y

#41790000
0!
0[

#41795000
1!
b1011001110 ;
1[
b1011001110 w

#41796000
b11000100010111 y

#41800000
0!
0[

#41805000
1!
b1011001111 ;
1[
b1011001111 w

#41806000
b11000100011010 y

#41810000
0!
0[

#41815000
1!
b1011010000 ;
1[
b1011010000 w

#41816000
b11000100011101 y

#41820000
0!
0[

#41825000
1!
b1011010001 ;
1[
b1011010001 w

#41826000
b11000100100000 y

#41830000
0!
0[

#41835000
1!
b1011010010 ;
1[
b1011010010 w

#41836000
b11000100100011 y

#41840000
0!
0[

#41845000
1!
b1011010011 ;
1[
b1011010011 w

#41846000
b11000100100110 y

#41850000
0!
0[

#41855000
1!
b1011010100 ;
1[
b1011010100 w

#41856000
b11000100101001 y

#41860000
0!
0[

#41865000
1!
b1011010101 ;
1[
b1011010101 w

#41866000
b11000100101100 y

#41870000
0!
0[

#41875000
1!
b1011010110 ;
1[
b1011010110 w

#41876000
b11000100101111 y

#41880000
0!
0[

#41885000
1!
b1011010111 ;
1[
b1011010111 w

#41886000
b11000100110010 y

#41890000
0!
0[

#41895000
1!
b1011011000 ;
1[
b1011011000 w

#41896000
b11000100110101 y

#41900000
0!
0[

#41905000
1!
b1011011001 ;
1[
b1011011001 w

#41906000
b11000100111000 y

#41910000
0!
0[

#41915000
1!
b1011011010 ;
1[
b1011011010 w

#41916000
b11000100111011 y

#41920000
0!
0[

#41925000
1!
b1011011011 ;
1[
b1011011011 w

#41926000
b11000100111110 y

#41930000
0!
0[

#41935000
1!
b1011011100 ;
1[
b1011011100 w

#41936000
b11000101000001 y

#41940000
0!
0[

#41945000
1!
b1011011101 ;
1[
b1011011101 w

#41946000
b11000101000100 y

#41950000
0!
0[

#41955000
1!
b1011011110 ;
1[
b1011011110 w

#41956000
b11000101000111 y

#41960000
0!
0[

#41965000
1!
b1011011111 ;
1[
b1011011111 w

#41966000
b11000101001010 y

#41970000
0!
0[

#41975000
1!
b1011100000 ;
1[
b1011100000 w

#41976000
b11000101001101 y

#41980000
0!
0[

#41985000
1!
b1011100001 ;
1[
b1011100001 w

#41986000
b11000101010000 y

#41990000
0!
0[

#41995000
1!
b1011100010 ;
1[
b1011100010 w

#41996000
b11000101010011 y

#42000000
0!
0[

#42005000
1!
b1011100011 ;
1[
b1011100011 w

#42006000
b11000101010110 y

#42010000
0!
0[

#42015000
1!
b1011100100 ;
1[
b1011100100 w

#42016000
b11000101011001 y

#42020000
0!
0[

#42025000
1!
b1011100101 ;
1[
b1011100101 w

#42026000
b11000101011100 y

#42030000
0!
0[

#42035000
1!
b1011100110 ;
1[
b1011100110 w

#42036000
b11000101011111 y

#42040000
0!
0[

#42045000
1!
b1011100111 ;
1[
b1011100111 w

#42046000
b11000101100010 y

#42050000
0!
0[

#42055000
1!
b1011101000 ;
1[
b1011101000 w

#42056000
b11000101100101 y

#42060000
0!
0[

#42065000
1!
b1011101001 ;
1[
b1011101001 w

#42066000
b11000101101000 y

#42070000
0!
0[

#42075000
1!
b1011101010 ;
1[
b1011101010 w

#42076000
b11000101101011 y

#42080000
0!
0[

#42085000
1!
b1011101011 ;
1[
b1011101011 w

#42086000
b11000101101110 y

#42090000
0!
0[

#42095000
1!
b1011101100 ;
1[
b1011101100 w

#42096000
b11000101110001 y

#42100000
0!
0[

#42105000
1!
b1011101101 ;
1[
b1011101101 w

#42106000
b11000101110100 y

#42110000
0!
0[

#42115000
1!
b1011101110 ;
1[
b1011101110 w

#42116000
b11000101110111 y

#42120000
0!
0[

#42125000
1!
b1011101111 ;
1[
b1011101111 w

#42126000
b11000101111010 y

#42130000
0!
0[

#42135000
1!
b1011110000 ;
1[
b1011110000 w

#42136000
b11000101111101 y

#42140000
0!
0[

#42145000
1!
b1011110001 ;
1[
b1011110001 w

#42146000
b11000110000000 y

#42150000
0!
0[

#42155000
1!
b1011110010 ;
1[
b1011110010 w

#42156000
b11000110000011 y

#42160000
0!
0[

#42165000
1!
b1011110011 ;
1[
b1011110011 w

#42166000
b11000110000110 y

#42170000
0!
0[

#42175000
1!
b1011110100 ;
1[
b1011110100 w

#42176000
b11000110001001 y

#42180000
0!
0[

#42185000
1!
b1011110101 ;
1[
b1011110101 w

#42186000
b11000110001100 y

#42190000
0!
0[

#42195000
1!
b1011110110 ;
1[
b1011110110 w

#42196000
b11000110001111 y

#42200000
0!
0[

#42205000
1!
b1011110111 ;
1[
b1011110111 w

#42206000
b11000110010010 y

#42210000
0!
0[

#42215000
1!
b1011111000 ;
1[
b1011111000 w

#42216000
b11000110010101 y

#42220000
0!
0[

#42225000
1!
b1011111001 ;
1[
b1011111001 w

#42226000
b11000110011000 y

#42230000
0!
0[

#42235000
1!
b1011111010 ;
1[
b1011111010 w

#42236000
b11000110011011 y

#42240000
0!
0[

#42245000
1!
b1011111011 ;
1[
b1011111011 w

#42246000
b11000110011110 y

#42250000
0!
0[

#42255000
1!
b1011111100 ;
1[
b1011111100 w

#42256000
b11000110100001 y

#42260000
0!
0[

#42265000
1!
b1011111101 ;
1[
b1011111101 w

#42266000
b11000110100100 y

#42270000
0!
0[

#42275000
1!
b1011111110 ;
1[
b1011111110 w

#42276000
b11000110100111 y

#42280000
0!
0[

#42285000
1!
b1011111111 ;
1[
b1011111111 w

#42286000
b11000110101010 y

#42290000
0!
0[

#42295000
1!
b1100000000 ;
1[
b1100000000 w

#42296000
b11000110101101 y

#42300000
0!
0[

#42305000
1!
b1100000001 ;
1[
b1100000001 w

#42306000
b11000110110000 y

#42310000
0!
0[

#42315000
1!
b1100000010 ;
1[
b1100000010 w

#42316000
b11000110110011 y

#42320000
0!
0[

#42325000
1!
b1100000011 ;
1[
b1100000011 w

#42326000
b11000110110110 y

#42330000
0!
0[

#42335000
1!
b1100000100 ;
1[
b1100000100 w

#42336000
b11000110111001 y

#42340000
0!
0[

#42345000
1!
b1100000101 ;
1[
b1100000101 w

#42346000
b11000110111100 y

#42350000
0!
0[

#42355000
1!
b1100000110 ;
1[
b1100000110 w

#42356000
b11000110111111 y

#42360000
0!
0[

#42365000
1!
b1100000111 ;
1[
b1100000111 w

#42366000
b11000111000010 y

#42370000
0!
0[

#42375000
1!
b1100001000 ;
1[
b1100001000 w

#42376000
b11000111000101 y

#42380000
0!
0[

#42385000
1!
b1100001001 ;
1[
b1100001001 w

#42386000
b11000111001000 y

#42390000
0!
0[

#42395000
1!
b1100001010 ;
1[
b1100001010 w

#42396000
b11000111001011 y

#42400000
0!
0[

#42405000
1!
b1100001011 ;
1[
b1100001011 w

#42406000
b11000111001110 y

#42410000
0!
0[

#42415000
1!
b1100001100 ;
1[
b1100001100 w

#42416000
b11000111010001 y

#42420000
0!
0[

#42425000
1!
b1100001101 ;
1[
b1100001101 w

#42426000
b11000111010100 y

#42430000
0!
0[

#42435000
1!
b1100001110 ;
1[
b1100001110 w

#42436000
b11000111010111 y

#42440000
0!
0[

#42445000
1!
b1100001111 ;
1[
b1100001111 w

#42446000
b11000111011010 y

#42450000
0!
0[

#42455000
1!
b1100010000 ;
1[
b1100010000 w

#42456000
b11000111011101 y

#42460000
0!
0[

#42465000
1!
b1100010001 ;
1[
b1100010001 w

#42466000
b11000111100000 y

#42470000
0!
0[

#42475000
1!
b1100010010 ;
1[
b1100010010 w

#42476000
b11000111100011 y

#42480000
0!
0[

#42485000
1!
b1100010011 ;
1[
b1100010011 w

#42486000
b11000111100110 y

#42490000
0!
0[

#42495000
1!
b1100010100 ;
1[
b1100010100 w

#42496000
b11000111101001 y

#42500000
0!
0[

#42505000
1!
b1100010101 ;
1[
b1100010101 w

#42506000
b11000111101100 y

#42510000
0!
0[

#42515000
1!
b1100010110 ;
1[
b1100010110 w

#42516000
b11000111101111 y

#42520000
0!
0[

#42525000
1!
b1100010111 ;
1[
b1100010111 w

#42526000
b11000111110010 y

#42530000
0!
0[

#42535000
1!
b1100011000 ;
1[
b1100011000 w

#42536000
b11000111110101 y

#42540000
0!
0[

#42545000
1!
b1100011001 ;
1[
b1100011001 w

#42546000
b11000111111000 y

#42550000
0!
0[

#42555000
1!
b1100011010 ;
1[
b1100011010 w

#42556000
b11000111111011 y

#42560000
0!
0[

#42565000
1!
b1100011011 ;
1[
b1100011011 w

#42566000
b11000111111110 y

#42570000
0!
0[

#42575000
1!
b1100011100 ;
1[
b1100011100 w

#42576000
b11001000000001 y

#42580000
0!
0[

#42585000
1!
b1100011101 ;
1[
b1100011101 w

#42586000
b11001000000100 y

#42590000
0!
0[

#42595000
1!
b1100011110 ;
1[
b1100011110 w

#42596000
b11001000000111 y

#42600000
0!
0[

#42605000
1!
b1100011111 ;
1[
b1100011111 w

#42606000
b11001000001010 y

#42610000
0!
0[

#42615000
1!
b1100100000 ;
1[
b1100100000 w

#42616000
b11001000001101 y

#42620000
0!
0[

#42625000
1!
b1100100001 ;
1[
b1100100001 w

#42626000
b11001000010000 y

#42630000
0!
0[

#42635000
1!
b1100100010 ;
1[
b1100100010 w

#42636000
b11001000010011 y

#42640000
0!
0[

#42645000
1!
b1100100011 ;
1[
b1100100011 w

#42646000
b11001000010110 y

#42650000
0!
0[

#42655000
1!
b1100100100 ;
1[
b1100100100 w

#42656000
b11001000011001 y

#42660000
0!
0[

#42665000
1!
b1100100101 ;
1[
b1100100101 w

#42666000
b11001000011100 y

#42670000
0!
0[

#42675000
1!
b1100100110 ;
1[
b1100100110 w

#42676000
b11001000011111 y

#42680000
0!
0[

#42685000
1!
b1100100111 ;
1[
b1100100111 w

#42686000
b11001000100010 y

#42690000
0!
0[

#42695000
1!
b1100101000 ;
1[
b1100101000 w

#42696000
b11001000100101 y

#42700000
0!
0[

#42705000
1!
b1100101001 ;
1[
b1100101001 w

#42706000
b11001000101000 y

#42710000
0!
0[

#42715000
1!
b1100101010 ;
1[
b1100101010 w

#42716000
b11001000101011 y

#42720000
0!
0[

#42725000
1!
b1100101011 ;
1[
b1100101011 w

#42726000
b11001000101110 y

#42730000
0!
0[

#42735000
1!
b1100101100 ;
1[
b1100101100 w

#42736000
b11001000110001 y

#42740000
0!
0[

#42745000
1!
b1100101101 ;
1[
b1100101101 w

#42746000
b11001000110100 y

#42750000
0!
0[

#42755000
1!
b1100101110 ;
1[
b1100101110 w

#42756000
b11001000110111 y

#42760000
0!
0[

#42765000
1!
b1100101111 ;
1[
b1100101111 w

#42766000
b11001000111010 y

#42770000
0!
0[

#42775000
1!
b1100110000 ;
1[
b1100110000 w

#42776000
b11001000111101 y

#42780000
0!
0[

#42785000
1!
b1100110001 ;
1[
b1100110001 w

#42786000
b11001001000000 y

#42790000
0!
0[

#42795000
1!
b1100110010 ;
1[
b1100110010 w

#42796000
b11001001000011 y

#42800000
0!
0[

#42805000
1!
b1100110011 ;
1[
b1100110011 w

#42806000
b11001001000110 y

#42810000
0!
0[

#42815000
1!
b1100110100 ;
1[
b1100110100 w

#42816000
b11001001001001 y

#42820000
0!
0[

#42825000
1!
b1100110101 ;
1[
b1100110101 w

#42826000
b11001001001100 y

#42830000
0!
0[

#42835000
1!
b1100110110 ;
1[
b1100110110 w

#42836000
b11001001001111 y

#42840000
0!
0[

#42845000
1!
b1100110111 ;
1[
b1100110111 w

#42846000
b11001001010010 y

#42850000
0!
0[

#42855000
1!
b1100111000 ;
1[
b1100111000 w

#42856000
b11001001010101 y

#42860000
0!
0[

#42865000
1!
b1100111001 ;
1[
b1100111001 w

#42866000
b11001001011000 y

#42870000
0!
0[

#42875000
1!
b1100111010 ;
1[
b1100111010 w

#42876000
b11001001011011 y

#42880000
0!
0[

#42885000
1!
b1100111011 ;
1[
b1100111011 w

#42886000
b11001001011110 y

#42890000
0!
0[

#42895000
1!
b1100111100 ;
1[
b1100111100 w

#42896000
b11001001100001 y

#42900000
0!
0[

#42905000
1!
b1100111101 ;
1[
b1100111101 w

#42906000
b11001001100100 y

#42910000
0!
0[

#42915000
1!
b1100111110 ;
1[
b1100111110 w

#42916000
b11001001100111 y

#42920000
0!
0[

#42925000
1!
b1100111111 ;
1[
b1100111111 w

#42926000
b11001001101010 y

#42930000
0!
0[

#42935000
1!
b1101000000 ;
1[
b1101000000 w

#42936000
b11001001101101 y

#42940000
0!
0[

#42945000
1!
b1101000001 ;
1[
b1101000001 w

#42946000
b11001001110000 y

#42950000
0!
0[

#42955000
1!
b1101000010 ;
1[
b1101000010 w

#42956000
b11001001110011 y

#42960000
0!
0[

#42965000
1!
b1101000011 ;
1[
b1101000011 w

#42966000
b11001001110110 y

#42970000
0!
0[

#42975000
1!
b1101000100 ;
1[
b1101000100 w

#42976000
b11001001111001 y

#42980000
0!
0[

#42985000
1!
b1101000101 ;
1[
b1101000101 w

#42986000
b11001001111100 y

#42990000
0!
0[

#42995000
1!
b1101000110 ;
1[
b1101000110 w

#42996000
b11001001111111 y

#43000000
0!
0[

#43005000
1!
b1101000111 ;
1[
b1101000111 w

#43006000
b11001010000010 y

#43010000
0!
0[

#43015000
1!
b1101001000 ;
1[
b1101001000 w

#43016000
b11001010000101 y

#43020000
0!
0[

#43025000
1!
b1101001001 ;
1[
b1101001001 w

#43026000
b11001010001000 y

#43030000
0!
0[

#43035000
1!
b1101001010 ;
1[
b1101001010 w

#43036000
b11001010001011 y

#43040000
0!
0[

#43045000
1!
b1101001011 ;
1[
b1101001011 w

#43046000
b11001010001110 y

#43050000
0!
0[

#43055000
1!
b1101001100 ;
1[
b1101001100 w

#43056000
b11001010010001 y

#43060000
0!
0[

#43065000
1!
b1101001101 ;
1[
b1101001101 w

#43066000
b11001010010100 y

#43070000
0!
0[

#43075000
1!
b1101001110 ;
1[
b1101001110 w

#43076000
b11001010010111 y

#43080000
0!
0[

#43085000
1!
b1101001111 ;
1[
b1101001111 w

#43086000
b11001010011010 y

#43090000
0!
0[

#43095000
1!
b1101010000 ;
1[
b1101010000 w

#43096000
b11001010011101 y

#43100000
0!
0[

#43105000
1!
b1101010001 ;
1[
b1101010001 w

#43106000
b11001010100000 y

#43110000
0!
0[

#43115000
1!
b1101010010 ;
1[
b1101010010 w

#43116000
b11001010100011 y

#43120000
0!
0[

#43125000
1!
b1101010011 ;
1[
b1101010011 w

#43126000
b11001010100110 y

#43130000
0!
0[

#43135000
1!
b1101010100 ;
1[
b1101010100 w

#43136000
b11001010101001 y

#43140000
0!
0[

#43145000
1!
b1101010101 ;
1[
b1101010101 w

#43146000
b11001010101100 y

#43150000
0!
0[

#43155000
1!
b1101010110 ;
1[
b1101010110 w

#43156000
b11001010101111 y

#43160000
0!
0[

#43165000
1!
b1101010111 ;
1[
b1101010111 w

#43166000
b11001010110010 y

#43170000
0!
0[

#43175000
1!
b1101011000 ;
1[
b1101011000 w

#43176000
b11001010110101 y

#43180000
0!
0[

#43185000
1!
b1101011001 ;
1[
b1101011001 w

#43186000
b11001010111000 y

#43190000
0!
0[

#43195000
1!
b1101011010 ;
1[
b1101011010 w

#43196000
b11001010111011 y

#43200000
0!
0[

#43205000
1!
b1101011011 ;
1[
b1101011011 w

#43206000
b11001010111110 y

#43210000
0!
0[

#43215000
1!
b1101011100 ;
1[
b1101011100 w

#43216000
b11001011000001 y

#43220000
0!
0[

#43225000
1!
b1101011101 ;
1[
b1101011101 w

#43226000
b11001011000100 y

#43230000
0!
0[

#43235000
1!
b1101011110 ;
1[
b1101011110 w

#43236000
b11001011000111 y

#43240000
0!
0[

#43245000
1!
b1101011111 ;
1[
b1101011111 w

#43246000
b11001011001010 y

#43250000
0!
0[

#43255000
1!
b1101100000 ;
1[
b1101100000 w

#43256000
b11001011001101 y

#43260000
0!
0[

#43265000
1!
b1101100001 ;
1[
b1101100001 w

#43266000
b11001011010000 y

#43270000
0!
0[

#43275000
1!
b1101100010 ;
1[
b1101100010 w

#43276000
b11001011010011 y

#43280000
0!
0[

#43285000
1!
b1101100011 ;
1[
b1101100011 w

#43286000
b11001011010110 y

#43290000
0!
0[

#43295000
1!
b1101100100 ;
1[
b1101100100 w

#43296000
b11001011011001 y

#43300000
0!
0[

#43305000
1!
b1101100101 ;
1[
b1101100101 w

#43306000
b11001011011100 y

#43310000
0!
0[

#43315000
1!
b1101100110 ;
1[
b1101100110 w

#43316000
b11001011011111 y

#43320000
0!
0[

#43325000
1!
b1101100111 ;
1[
b1101100111 w

#43326000
b11001011100010 y

#43330000
0!
0[

#43335000
1!
b1101101000 ;
1[
b1101101000 w

#43336000
b11001011100101 y

#43340000
0!
0[

#43345000
1!
b1101101001 ;
1[
b1101101001 w

#43346000
b11001011101000 y

#43350000
0!
0[

#43355000
1!
b1101101010 ;
1[
b1101101010 w

#43356000
b11001011101011 y

#43360000
0!
0[

#43365000
1!
b1101101011 ;
1[
b1101101011 w

#43366000
b11001011101110 y

#43370000
0!
0[

#43375000
1!
b1101101100 ;
1[
b1101101100 w

#43376000
b11001011110001 y

#43380000
0!
0[

#43385000
1!
b1101101101 ;
1[
b1101101101 w

#43386000
b11001011110100 y

#43390000
0!
0[

#43395000
1!
b1101101110 ;
1[
b1101101110 w

#43396000
b11001011110111 y

#43400000
0!
0[

#43405000
1!
b1101101111 ;
1[
b1101101111 w

#43406000
b11001011111010 y

#43410000
0!
0[

#43415000
1!
b1101110000 ;
1[
b1101110000 w

#43416000
b11001011111101 y

#43420000
0!
0[

#43425000
1!
b1101110001 ;
1[
b1101110001 w

#43426000
b11001100000000 y

#43430000
0!
0[

#43435000
1!
b1101110010 ;
1[
b1101110010 w

#43436000
b11001100000011 y

#43440000
0!
0[

#43445000
1!
b1101110011 ;
1[
b1101110011 w

#43446000
b11001100000110 y

#43450000
0!
0[

#43455000
1!
b1101110100 ;
1[
b1101110100 w

#43456000
b11001100001001 y

#43460000
0!
0[

#43465000
1!
b1101110101 ;
1[
b1101110101 w

#43466000
b11001100001100 y

#43470000
0!
0[

#43475000
1!
b1101110110 ;
1[
b1101110110 w

#43476000
b11001100001111 y

#43480000
0!
0[

#43485000
1!
b1101110111 ;
1[
b1101110111 w

#43486000
b11001100010010 y

#43490000
0!
0[

#43495000
1!
b1101111000 ;
1[
b1101111000 w

#43496000
b11001100010101 y

#43500000
0!
0[

#43505000
1!
b1101111001 ;
1[
b1101111001 w

#43506000
b11001100011000 y

#43510000
0!
0[

#43515000
1!
b1101111010 ;
1[
b1101111010 w

#43516000
b11001100011011 y

#43520000
0!
0[

#43525000
1!
b1101111011 ;
1[
b1101111011 w

#43526000
b11001100011110 y

#43530000
0!
0[

#43535000
1!
b1101111100 ;
1[
b1101111100 w

#43536000
b11001100100001 y

#43540000
0!
0[

#43545000
1!
b1101111101 ;
1[
b1101111101 w

#43546000
b11001100100100 y

#43550000
0!
0[

#43555000
1!
b1101111110 ;
1[
b1101111110 w

#43556000
b11001100100111 y

#43560000
0!
0[

#43565000
1!
b1101111111 ;
1[
b1101111111 w

#43566000
b11001100101010 y

#43570000
0!
0[

#43575000
1!
b1110000000 ;
1[
b1110000000 w

#43576000
b11001100101101 y

#43580000
0!
0[

#43585000
1!
b1110000001 ;
1[
b1110000001 w

#43586000
b11001100110000 y

#43590000
0!
0[

#43595000
1!
b1110000010 ;
1[
b1110000010 w

#43596000
b11001100110011 y

#43600000
0!
0[

#43605000
1!
b1110000011 ;
1[
b1110000011 w

#43606000
b11001100110110 y

#43610000
0!
0[

#43615000
1!
b1110000100 ;
1[
b1110000100 w

#43616000
b11001100111001 y

#43620000
0!
0[

#43625000
1!
b1110000101 ;
1[
b1110000101 w

#43626000
b11001100111100 y

#43630000
0!
0[

#43635000
1!
b1110000110 ;
1[
b1110000110 w

#43636000
b11001100111111 y

#43640000
0!
0[

#43645000
1!
b1110000111 ;
1[
b1110000111 w

#43646000
b11001101000010 y

#43650000
0!
0[

#43655000
1!
b1110001000 ;
1[
b1110001000 w

#43656000
b11001101000101 y

#43660000
0!
0[

#43665000
1!
b1110001001 ;
1[
b1110001001 w

#43666000
b11001101001000 y

#43670000
0!
0[

#43675000
1!
b1110001010 ;
1[
b1110001010 w

#43676000
b11001101001011 y

#43680000
0!
0[

#43685000
1!
b1110001011 ;
1[
b1110001011 w

#43686000
b11001101001110 y

#43690000
0!
0[

#43695000
1!
b1110001100 ;
1[
b1110001100 w

#43696000
b11001101010001 y

#43700000
0!
0[

#43705000
1!
b1110001101 ;
1[
b1110001101 w

#43706000
b11001101010100 y

#43710000
0!
0[

#43715000
1!
b1110001110 ;
1[
b1110001110 w

#43716000
b11001101010111 y

#43720000
0!
0[

#43725000
1!
b1110001111 ;
1[
b1110001111 w

#43726000
b11001101011010 y

#43730000
0!
0[

#43735000
1!
b1110010000 ;
1[
b1110010000 w

#43736000
b11001101011101 y

#43740000
0!
0[

#43745000
1!
b1110010001 ;
1[
b1110010001 w

#43746000
b11001101100000 y

#43750000
0!
0[

#43755000
1!
b1110010010 ;
1[
b1110010010 w

#43756000
b11001101100011 y

#43760000
0!
0[

#43765000
1!
b1110010011 ;
1[
b1110010011 w

#43766000
b11001101100110 y

#43770000
0!
0[

#43775000
1!
b1110010100 ;
1[
b1110010100 w

#43776000
b11001101101001 y

#43780000
0!
0[

#43785000
1!
b1110010101 ;
1[
b1110010101 w

#43786000
b11001101101100 y

#43790000
0!
0[

#43795000
1!
b1110010110 ;
1[
b1110010110 w

#43796000
b11001101101111 y

#43800000
0!
0[

#43805000
1!
b1110010111 ;
1[
b1110010111 w

#43806000
b11001101110010 y

#43810000
0!
0[

#43815000
1!
b1110011000 ;
1[
b1110011000 w

#43816000
b11001101110101 y

#43820000
0!
0[

#43825000
1!
b1110011001 ;
1[
b1110011001 w

#43826000
b11001101111000 y

#43830000
0!
0[

#43835000
1!
b1110011010 ;
1[
b1110011010 w

#43836000
b11001101111011 y

#43840000
0!
0[

#43845000
1!
b1110011011 ;
1[
b1110011011 w

#43846000
b11001101111110 y

#43850000
0!
0[

#43855000
1!
b1110011100 ;
1[
b1110011100 w

#43856000
b11001110000001 y

#43860000
0!
0[

#43865000
1!
b1110011101 ;
1[
b1110011101 w

#43866000
b11001110000100 y

#43870000
0!
0[

#43875000
1!
b1110011110 ;
1[
b1110011110 w

#43876000
b11001110000111 y

#43880000
0!
0[

#43885000
1!
b1110011111 ;
1[
b1110011111 w

#43886000
b11001110001010 y

#43890000
0!
0[

#43895000
1!
b1110100000 ;
1[
b1110100000 w

#43896000
b11001110001101 y

#43900000
0!
0[

#43905000
1!
b1110100001 ;
1[
b1110100001 w

#43906000
b11001110010000 y

#43910000
0!
0[

#43915000
1!
b1110100010 ;
1[
b1110100010 w

#43916000
b11001110010011 y

#43920000
0!
0[

#43925000
1!
b1110100011 ;
1[
b1110100011 w

#43926000
b11001110010110 y

#43930000
0!
0[

#43935000
1!
b1110100100 ;
1[
b1110100100 w

#43936000
b11001110011001 y

#43940000
0!
0[

#43945000
1!
b1110100101 ;
1[
b1110100101 w

#43946000
b11001110011100 y

#43950000
0!
0[

#43955000
1!
b1110100110 ;
1[
b1110100110 w

#43956000
b11001110011111 y

#43960000
0!
0[

#43965000
1!
b1110100111 ;
1[
b1110100111 w

#43966000
b11001110100010 y

#43970000
0!
0[

#43975000
1!
b1110101000 ;
1[
b1110101000 w

#43976000
b11001110100101 y

#43980000
0!
0[

#43985000
1!
b1110101001 ;
1[
b1110101001 w

#43986000
b11001110101000 y

#43990000
0!
0[

#43995000
1!
b1110101010 ;
1[
b1110101010 w

#43996000
b11001110101011 y

#44000000
0!
0[

#44005000
1!
b1110101011 ;
1[
b1110101011 w

#44006000
b11001110101110 y

#44010000
0!
0[

#44015000
1!
b1110101100 ;
1[
b1110101100 w

#44016000
b11001110110001 y

#44020000
0!
0[

#44025000
1!
b1110101101 ;
1[
b1110101101 w

#44026000
b11001110110100 y

#44030000
0!
0[

#44035000
1!
b1110101110 ;
1[
b1110101110 w

#44036000
b11001110110111 y

#44040000
0!
0[

#44045000
1!
b1110101111 ;
1[
b1110101111 w

#44046000
b11001110111010 y

#44050000
0!
0[

#44055000
1!
b1110110000 ;
1[
b1110110000 w

#44056000
b11001110111101 y

#44060000
0!
0[

#44065000
1!
b1110110001 ;
1[
b1110110001 w

#44066000
b11001111000000 y

#44070000
0!
0[

#44075000
1!
b1110110010 ;
1[
b1110110010 w

#44076000
b11001111000011 y

#44080000
0!
0[

#44085000
1!
b1110110011 ;
1[
b1110110011 w

#44086000
b11001111000110 y

#44090000
0!
0[

#44095000
1!
b1110110100 ;
1[
b1110110100 w

#44096000
b11001111001001 y

#44100000
0!
0[

#44105000
1!
b1110110101 ;
1[
b1110110101 w

#44106000
b11001111001100 y

#44110000
0!
0[

#44115000
1!
b1110110110 ;
1[
b1110110110 w

#44116000
b11001111001111 y

#44120000
0!
0[

#44125000
1!
b1110110111 ;
1[
b1110110111 w

#44126000
b11001111010010 y

#44130000
0!
0[

#44135000
1!
b1110111000 ;
1[
b1110111000 w

#44136000
b11001111010101 y

#44140000
0!
0[

#44145000
1!
b1110111001 ;
1[
b1110111001 w

#44146000
b11001111011000 y

#44150000
0!
0[

#44155000
1!
b1110111010 ;
1[
b1110111010 w

#44156000
b11001111011011 y

#44160000
0!
0[

#44165000
1!
b1110111011 ;
1[
b1110111011 w

#44166000
b11001111011110 y

#44170000
0!
0[

#44175000
1!
b1110111100 ;
1[
b1110111100 w

#44176000
b11001111100001 y

#44180000
0!
0[

#44185000
1!
b1110111101 ;
1[
b1110111101 w

#44186000
b11001111100100 y

#44190000
0!
0[

#44195000
1!
b1110111110 ;
1[
b1110111110 w

#44196000
b11001111100111 y

#44200000
0!
0[

#44205000
1!
b1110111111 ;
1[
b1110111111 w

#44206000
b11001111101010 y

#44210000
0!
0[

#44215000
1!
b1111000000 ;
1[
b1111000000 w

#44216000
b11001111101101 y

#44220000
0!
0[

#44225000
1!
b1111000001 ;
1[
b1111000001 w

#44226000
b11001111110000 y

#44230000
0!
0[

#44235000
1!
b1111000010 ;
1[
b1111000010 w

#44236000
b11001111110011 y

#44240000
0!
0[

#44245000
1!
b1111000011 ;
1[
b1111000011 w

#44246000
b11001111110110 y

#44250000
0!
0[

#44255000
1!
b1111000100 ;
1[
b1111000100 w

#44256000
b11001111111001 y

#44260000
0!
0[

#44265000
1!
b1111000101 ;
1[
b1111000101 w

#44266000
b11001111111100 y

#44270000
0!
0[

#44275000
1!
b1111000110 ;
1[
b1111000110 w

#44276000
b11001111111111 y

#44280000
0!
0[

#44285000
1!
b1111000111 ;
1[
b1111000111 w

#44286000
b11010000000010 y

#44290000
0!
0[

#44295000
1!
b1111001000 ;
1[
b1111001000 w

#44296000
b11010000000101 y

#44300000
0!
0[

#44305000
1!
b1111001001 ;
1[
b1111001001 w

#44306000
b11010000001000 y

#44310000
0!
0[

#44315000
1!
b1111001010 ;
1[
b1111001010 w

#44316000
b11010000001011 y

#44320000
0!
0[

#44325000
1!
b1111001011 ;
1[
b1111001011 w

#44326000
b11010000001110 y

#44330000
0!
0[

#44335000
1!
b1111001100 ;
1[
b1111001100 w

#44336000
b11010000010001 y

#44340000
0!
0[

#44345000
1!
b1111001101 ;
1[
b1111001101 w

#44346000
b11010000010100 y

#44350000
0!
0[

#44355000
1!
b1111001110 ;
1[
b1111001110 w

#44356000
b11010000010111 y

#44360000
0!
0[

#44365000
1!
b1111001111 ;
1[
b1111001111 w

#44366000
b11010000011010 y

#44370000
0!
0[

#44375000
1!
b1111010000 ;
1[
b1111010000 w

#44376000
b11010000011101 y

#44380000
0!
0[

#44385000
1!
b1111010001 ;
1[
b1111010001 w

#44386000
b11010000100000 y

#44390000
0!
0[

#44395000
1!
b1111010010 ;
1[
b1111010010 w

#44396000
b11010000100011 y

#44400000
0!
0[

#44405000
1!
b1111010011 ;
1[
b1111010011 w

#44406000
b11010000100110 y

#44410000
0!
0[

#44415000
1!
b1111010100 ;
1[
b1111010100 w

#44416000
b11010000101001 y

#44420000
0!
0[

#44425000
1!
b1111010101 ;
1[
b1111010101 w

#44426000
b11010000101100 y

#44430000
0!
0[

#44435000
1!
b1111010110 ;
1[
b1111010110 w

#44436000
b11010000101111 y

#44440000
0!
0[

#44445000
1!
b1111010111 ;
1[
b1111010111 w

#44446000
b11010000110010 y

#44450000
0!
0[

#44455000
1!
b1111011000 ;
1[
b1111011000 w

#44456000
b11010000110101 y

#44460000
0!
0[

#44465000
1!
b1111011001 ;
1[
b1111011001 w

#44466000
b11010000111000 y

#44470000
0!
0[

#44475000
1!
b1111011010 ;
1[
b1111011010 w

#44476000
b11010000111011 y

#44480000
0!
0[

#44485000
1!
b1111011011 ;
1[
b1111011011 w

#44486000
b11010000111110 y

#44490000
0!
0[

#44495000
1!
b1111011100 ;
1[
b1111011100 w

#44496000
b11010001000001 y

#44500000
0!
0[

#44505000
1!
b1111011101 ;
1[
b1111011101 w

#44506000
b11010001000100 y

#44510000
0!
0[

#44515000
1!
b1111011110 ;
1[
b1111011110 w

#44516000
b11010001000111 y

#44520000
0!
0[

#44525000
1!
b1111011111 ;
1[
b1111011111 w

#44526000
b11010001001010 y

#44530000
0!
0[

#44535000
1!
b1111100000 ;
1[
b1111100000 w

#44536000
b11010001001101 y

#44540000
0!
0[

#44545000
1!
b1111100001 ;
1[
b1111100001 w

#44546000
b11010001010000 y

#44550000
0!
0[

#44555000
1!
b1111100010 ;
1[
b1111100010 w

#44556000
b11010001010011 y

#44560000
0!
0[

#44565000
1!
b1111100011 ;
1[
b1111100011 w

#44566000
b11010001010110 y

#44570000
0!
0[

#44575000
1!
b1111100100 ;
1[
b1111100100 w

#44576000
b11010001011001 y

#44580000
0!
0[

#44585000
1!
b1111100101 ;
1[
b1111100101 w

#44586000
b11010001011100 y

#44590000
0!
0[

#44595000
1!
b1111100110 ;
1[
b1111100110 w

#44596000
b11010001011111 y

#44600000
0!
0[

#44605000
1!
b1111100111 ;
1[
b1111100111 w

#44606000
b11010001100010 y

#44610000
0!
0[

#44615000
1!
b1111101000 ;
1[
b1111101000 w

#44616000
b11010001100101 y

#44620000
0!
0[

#44625000
1!
b1111101001 ;
1[
b1111101001 w

#44626000
b11010001101000 y

#44630000
0!
0[

#44635000
1!
b1111101010 ;
1[
b1111101010 w

#44636000
b11010001101011 y

#44640000
0!
0[

#44645000
1!
b1111101011 ;
1[
b1111101011 w

#44646000
b11010001101110 y

#44650000
0!
0[

#44655000
1!
b1111101100 ;
1[
b1111101100 w

#44656000
b11010001110001 y

#44660000
0!
0[

#44665000
1!
b1111101101 ;
1[
b1111101101 w

#44666000
b11010001110100 y

#44670000
0!
0[

#44675000
1!
b1111101110 ;
1[
b1111101110 w

#44676000
b11010001110111 y

#44680000
0!
0[

#44685000
1!
b1111101111 ;
1[
b1111101111 w

#44686000
b11010001111010 y

#44690000
0!
0[

#44695000
1!
b1111110000 ;
1[
b1111110000 w

#44696000
b11010001111101 y

#44700000
0!
0[

#44705000
1!
b1111110001 ;
1[
b1111110001 w

#44706000
b11010010000000 y

#44710000
0!
0[

#44715000
1!
b1111110010 ;
1[
b1111110010 w

#44716000
b11010010000011 y

#44720000
0!
0[

#44725000
1!
b1111110011 ;
1[
b1111110011 w

#44726000
b11010010000110 y

#44730000
0!
0[

#44735000
1!
b1111110100 ;
1[
b1111110100 w

#44736000
b11010010001001 y

#44740000
0!
0[

#44745000
1!
b1111110101 ;
1[
b1111110101 w

#44746000
b11010010001100 y

#44750000
0!
0[

#44755000
1!
b1111110110 ;
1[
b1111110110 w

#44756000
b11010010001111 y

#44760000
0!
0[

#44765000
1!
b1111110111 ;
1[
b1111110111 w

#44766000
b11010010010010 y

#44770000
0!
0[

#44775000
1!
b1111111000 ;
1[
b1111111000 w

#44776000
b11010010010101 y

#44780000
0!
0[

#44785000
1!
b1111111001 ;
1[
b1111111001 w

#44786000
b11010010011000 y

#44790000
0!
0[

#44795000
1!
b1111111010 ;
1[
b1111111010 w

#44796000
b11010010011011 y

#44800000
0!
0[

#44805000
1!
b1111111011 ;
1[
b1111111011 w

#44806000
b11010010011110 y

#44810000
0!
0[

#44815000
1!
b1111111100 ;
1[
b1111111100 w

#44816000
b11010010100001 y

#44820000
0!
0[

#44825000
1!
b1111111101 ;
1[
b1111111101 w

#44826000
b11010010100100 y

#44830000
0!
0[

#44835000
1!
b1111111110 ;
1[
b1111111110 w

#44836000
b11010010100111 y

#44840000
0!
0[

#44845000
1!
b1111111111 ;
1[
b1111111111 w

#44846000
b11010010101010 y

#44850000
0!
0[

#44855000
1!
b10000000000 ;
1[
b10000000000 w

#44856000
b11010010101101 y

#44860000
0!
0[

#44865000
1!
b10000000001 ;
1[
b10000000001 w

#44866000
b11010010110000 y

#44870000
0!
0[

#44875000
1!
b10000000010 ;
1[
b10000000010 w

#44876000
b11010010110011 y

#44880000
0!
0[

#44885000
1!
b10000000011 ;
1[
b10000000011 w

#44886000
b11010010110110 y

#44890000
0!
0[

#44895000
1!
b10000000100 ;
1[
b10000000100 w

#44896000
b11010010111001 y

#44900000
0!
0[

#44905000
1!
b10000000101 ;
1[
b10000000101 w

#44906000
b11010010111100 y

#44910000
0!
0[

#44915000
1!
b10000000110 ;
1[
b10000000110 w

#44916000
b11010010111111 y

#44920000
0!
0[

#44925000
1!
b10000000111 ;
1[
b10000000111 w

#44926000
b11010011000010 y

#44930000
0!
0[

#44935000
1!
b10000001000 ;
1[
b10000001000 w

#44936000
b11010011000101 y

#44940000
0!
0[

#44945000
1!
b10000001001 ;
1[
b10000001001 w

#44946000
b11010011001000 y

#44950000
0!
0[

#44955000
1!
b10000001010 ;
1[
b10000001010 w

#44956000
b11010011001011 y

#44960000
0!
0[

#44965000
1!
b10000001011 ;
1[
b10000001011 w

#44966000
b11010011001110 y

#44970000
0!
0[

#44975000
1!
b10000001100 ;
1[
b10000001100 w

#44976000
b11010011010001 y

#44980000
0!
0[

#44985000
1!
b10000001101 ;
1[
b10000001101 w

#44986000
b11010011010100 y

#44990000
0!
0[

#44995000
1!
b10000001110 ;
1[
b10000001110 w

#44996000
b11010011010111 y

#45000000
0!
0[

#45005000
1!
b10000001111 ;
1[
b10000001111 w

#45006000
b11010011011010 y

#45010000
0!
0[

#45015000
1!
b10000010000 ;
1[
b10000010000 w

#45016000
b11010011011101 y

#45020000
0!
0[

#45025000
1!
b10000010001 ;
1[
b10000010001 w

#45026000
b11010011100000 y

#45030000
0!
0[

#45035000
1!
b10000010010 ;
1[
b10000010010 w

#45036000
b11010011100011 y

#45040000
0!
0[

#45045000
1!
b10000010011 ;
1[
b10000010011 w

#45046000
b11010011100110 y

#45050000
0!
0[

#45055000
1!
b10000010100 ;
1[
b10000010100 w

#45056000
b11010011101001 y

#45060000
0!
0[

#45065000
1!
b10000010101 ;
1[
b10000010101 w

#45066000
b11010011101100 y

#45070000
0!
0[

#45075000
1!
b10000010110 ;
1[
b10000010110 w

#45076000
b11010011101111 y

#45080000
0!
0[

#45085000
1!
b10000010111 ;
1[
b10000010111 w

#45086000
b11010011110010 y

#45090000
0!
0[

#45095000
1!
b10000011000 ;
1[
b10000011000 w

#45096000
b11010011110101 y

#45100000
0!
0[

#45105000
1!
b10000011001 ;
1[
b10000011001 w

#45106000
b11010011111000 y

#45110000
0!
0[

#45115000
1!
b10000011010 ;
1[
b10000011010 w

#45116000
b11010011111011 y

#45120000
0!
0[

#45125000
1!
b10000011011 ;
1[
b10000011011 w

#45126000
b11010011111110 y

#45130000
0!
0[

#45135000
1!
b10000011100 ;
1[
b10000011100 w

#45136000
b11010100000001 y

#45140000
0!
0[

#45145000
1!
b10000011101 ;
1[
b10000011101 w

#45146000
b11010100000100 y

#45150000
0!
0[

#45155000
1!
b10000011110 ;
1[
b10000011110 w

#45156000
b11010100000111 y

#45160000
0!
0[

#45165000
1!
b10000011111 ;
1[
b10000011111 w

#45166000
b11010100001010 y

#45170000
0!
0[

#45175000
1!
b10000100000 ;
1[
b10000100000 w

#45176000
b11010100001101 y

#45180000
0!
0[

#45185000
1!
b10000100001 ;
1[
b10000100001 w

#45186000
b11010100010000 y

#45190000
0!
0[

#45195000
1!
b10000100010 ;
1[
b10000100010 w

#45196000
b11010100010011 y

#45200000
0!
0[

#45205000
1!
b10000100011 ;
1[
b10000100011 w

#45206000
b11010100010110 y

#45210000
0!
0[

#45215000
1!
b10000100100 ;
1[
b10000100100 w

#45216000
b11010100011001 y

#45220000
0!
0[

#45225000
1!
b10000100101 ;
1[
b10000100101 w

#45226000
b11010100011100 y

#45230000
0!
0[

#45235000
1!
b10000100110 ;
1[
b10000100110 w

#45236000
b11010100011111 y

#45240000
0!
0[

#45245000
1!
b10000100111 ;
1[
b10000100111 w

#45246000
b11010100100010 y

#45250000
0!
0[

#45255000
1!
b10000101000 ;
1[
b10000101000 w

#45256000
b11010100100101 y

#45260000
0!
0[

#45265000
1!
b10000101001 ;
1[
b10000101001 w

#45266000
b11010100101000 y

#45270000
0!
0[

#45275000
1!
b10000101010 ;
1[
b10000101010 w

#45276000
b11010100101011 y

#45280000
0!
0[

#45285000
1!
b10000101011 ;
1[
b10000101011 w

#45286000
b11010100101110 y

#45290000
0!
0[

#45295000
1!
b10000101100 ;
1[
b10000101100 w

#45296000
b11010100110001 y

#45300000
0!
0[

#45305000
1!
b10000101101 ;
1[
b10000101101 w

#45306000
b11010100110100 y

#45310000
0!
0[

#45315000
1!
b10000101110 ;
1[
b10000101110 w

#45316000
b11010100110111 y

#45320000
0!
0[

#45325000
1!
b10000101111 ;
1[
b10000101111 w

#45326000
b11010100111010 y

#45330000
0!
0[

#45335000
1!
b10000110000 ;
1[
b10000110000 w

#45336000
b11010100111101 y

#45340000
0!
0[

#45345000
1!
b10000110001 ;
1[
b10000110001 w

#45346000
b11010101000000 y

#45350000
0!
0[

#45355000
1!
b10000110010 ;
1[
b10000110010 w

#45356000
b11010101000011 y

#45360000
0!
0[

#45365000
1!
b10000110011 ;
1[
b10000110011 w

#45366000
b11010101000110 y

#45370000
0!
0[

#45375000
1!
b10000110100 ;
1[
b10000110100 w

#45376000
b11010101001001 y

#45380000
0!
0[

#45385000
1!
b10000110101 ;
1[
b10000110101 w

#45386000
b11010101001100 y

#45390000
0!
0[

#45395000
1!
b10000110110 ;
1[
b10000110110 w

#45396000
b11010101001111 y

#45400000
0!
0[

#45405000
1!
b10000110111 ;
1[
b10000110111 w

#45406000
b11010101010010 y

#45410000
0!
0[

#45415000
1!
b10000111000 ;
1[
b10000111000 w

#45416000
b11010101010101 y

#45420000
0!
0[

#45425000
1!
b10000111001 ;
1[
b10000111001 w

#45426000
b11010101011000 y

#45430000
0!
0[

#45435000
1!
b10000111010 ;
1[
b10000111010 w

#45436000
b11010101011011 y

#45440000
0!
0[

#45445000
1!
b10000111011 ;
1[
b10000111011 w

#45446000
b11010101011110 y

#45450000
0!
0[

#45455000
1!
b10000111100 ;
1[
b10000111100 w

#45456000
b11010101100001 y

#45460000
0!
0[

#45465000
1!
b10000111101 ;
1[
b10000111101 w

#45466000
b11010101100100 y

#45470000
0!
0[

#45475000
1!
b10000111110 ;
1[
b10000111110 w

#45476000
b11010101100111 y

#45480000
0!
0[

#45485000
1!
b10000111111 ;
1[
b10000111111 w

#45486000
b11010101101010 y

#45490000
0!
0[

#45495000
1!
b10001000000 ;
1[
b10001000000 w

#45496000
b11010101101101 y

#45500000
0!
0[

#45505000
1!
b10001000001 ;
1[
b10001000001 w

#45506000
b11010101110000 y

#45510000
0!
0[

#45515000
1!
b10001000010 ;
1[
b10001000010 w

#45516000
b11010101110011 y

#45520000
0!
0[

#45525000
1!
b10001000011 ;
1[
b10001000011 w

#45526000
b11010101110110 y

#45530000
0!
0[

#45535000
1!
b10001000100 ;
1[
b10001000100 w

#45536000
b11010101111001 y

#45540000
0!
0[

#45545000
1!
b10001000101 ;
1[
b10001000101 w

#45546000
b11010101111100 y

#45550000
0!
0[

#45555000
1!
b10001000110 ;
1[
b10001000110 w

#45556000
b11010101111111 y

#45560000
0!
0[

#45565000
1!
b10001000111 ;
1[
b10001000111 w

#45566000
b11010110000010 y

#45570000
0!
0[

#45575000
1!
b10001001000 ;
1[
b10001001000 w

#45576000
b11010110000101 y

#45580000
0!
0[

#45585000
1!
b10001001001 ;
1[
b10001001001 w

#45586000
b11010110001000 y

#45590000
0!
0[

#45595000
1!
b10001001010 ;
1[
b10001001010 w

#45596000
b11010110001011 y

#45600000
0!
0[

#45605000
1!
b10001001011 ;
1[
b10001001011 w

#45606000
b11010110001110 y

#45610000
0!
0[

#45615000
1!
b10001001100 ;
1[
b10001001100 w

#45616000
b11010110010001 y

#45620000
0!
0[

#45625000
1!
b10001001101 ;
1[
b10001001101 w

#45626000
b11010110010100 y

#45630000
0!
0[

#45635000
1!
b10001001110 ;
1[
b10001001110 w

#45636000
b11010110010111 y

#45640000
0!
0[

#45645000
1!
b10001001111 ;
1[
b10001001111 w

#45646000
b11010110011010 y

#45650000
0!
0[

#45655000
1!
b10001010000 ;
1[
b10001010000 w

#45656000
b11010110011101 y

#45660000
0!
0[

#45665000
1!
b10001010001 ;
1[
b10001010001 w

#45666000
b11010110100000 y

#45670000
0!
0[

#45675000
1!
b10001010010 ;
1[
b10001010010 w

#45676000
b11010110100011 y

#45680000
0!
0[

#45685000
1!
b10001010011 ;
1[
b10001010011 w

#45686000
b11010110100110 y

#45690000
0!
0[

#45695000
1!
b10001010100 ;
1[
b10001010100 w

#45696000
b11010110101001 y

#45700000
0!
0[

#45705000
1!
b10001010101 ;
1[
b10001010101 w

#45706000
b11010110101100 y

#45710000
0!
0[

#45715000
1!
b10001010110 ;
1[
b10001010110 w

#45716000
b11010110101111 y

#45720000
0!
0[

#45725000
1!
b10001010111 ;
1[
b10001010111 w

#45726000
b11010110110010 y

#45730000
0!
0[

#45735000
1!
b10001011000 ;
1[
b10001011000 w

#45736000
b11010110110101 y

#45740000
0!
0[

#45745000
1!
b10001011001 ;
1[
b10001011001 w

#45746000
b11010110111000 y

#45750000
0!
0[

#45755000
1!
b10001011010 ;
1[
b10001011010 w

#45756000
b11010110111011 y

#45760000
0!
0[

#45765000
1!
b10001011011 ;
1[
b10001011011 w

#45766000
b11010110111110 y

#45770000
0!
0[

#45775000
1!
b10001011100 ;
1[
b10001011100 w

#45776000
b11010111000001 y

#45780000
0!
0[

#45785000
1!
b10001011101 ;
1[
b10001011101 w

#45786000
b11010111000100 y

#45790000
0!
0[

#45795000
1!
b10001011110 ;
1[
b10001011110 w

#45796000
b11010111000111 y

#45800000
0!
0[

#45805000
1!
b10001011111 ;
1[
b10001011111 w

#45806000
b11010111001010 y

#45810000
0!
0[

#45815000
1!
b10001100000 ;
1[
b10001100000 w

#45816000
b11010111001101 y

#45820000
0!
0[

#45825000
1!
b10001100001 ;
1[
b10001100001 w

#45826000
b11010111010000 y

#45830000
0!
0[

#45835000
1!
b10001100010 ;
1[
b10001100010 w

#45836000
b11010111010011 y

#45840000
0!
0[

#45845000
1!
b10001100011 ;
1[
b10001100011 w

#45846000
b11010111010110 y

#45850000
0!
0[

#45855000
1!
b10001100100 ;
1[
b10001100100 w

#45856000
b11010111011001 y

#45860000
0!
0[

#45865000
1!
b10001100101 ;
1[
b10001100101 w

#45866000
b11010111011100 y

#45870000
0!
0[

#45875000
1!
b10001100110 ;
1[
b10001100110 w

#45876000
b11010111011111 y

#45880000
0!
0[

#45885000
1!
b10001100111 ;
1[
b10001100111 w

#45886000
b11010111100010 y

#45890000
0!
0[

#45895000
1!
b10001101000 ;
1[
b10001101000 w

#45896000
b11010111100101 y

#45900000
0!
0[

#45905000
1!
b10001101001 ;
1[
b10001101001 w

#45906000
b11010111101000 y

#45910000
0!
0[

#45915000
1!
b10001101010 ;
1[
b10001101010 w

#45916000
b11010111101011 y

#45920000
0!
0[

#45925000
1!
b10001101011 ;
1[
b10001101011 w

#45926000
b11010111101110 y

#45930000
0!
0[

#45935000
1!
b10001101100 ;
1[
b10001101100 w

#45936000
b11010111110001 y

#45940000
0!
0[

#45945000
1!
b10001101101 ;
1[
b10001101101 w

#45946000
b11010111110100 y

#45950000
0!
0[

#45955000
1!
b10001101110 ;
1[
b10001101110 w

#45956000
b11010111110111 y

#45960000
0!
0[

#45965000
1!
b10001101111 ;
1[
b10001101111 w

#45966000
b11010111111010 y

#45970000
0!
0[

#45975000
1!
b10001110000 ;
1[
b10001110000 w

#45976000
b11010111111101 y

#45980000
0!
0[

#45985000
1!
b10001110001 ;
1[
b10001110001 w

#45986000
b11011000000000 y

#45990000
0!
0[

#45995000
1!
b10001110010 ;
1[
b10001110010 w

#45996000
b11011000000011 y

#46000000
0!
0[

#46005000
1!
b10001110011 ;
1[
b10001110011 w

#46006000
b11011000000110 y

#46010000
0!
0[

#46015000
1!
b10001110100 ;
1[
b10001110100 w

#46016000
b11011000001001 y

#46020000
0!
0[

#46025000
1!
b10001110101 ;
1[
b10001110101 w

#46026000
b11011000001100 y

#46030000
0!
0[

#46035000
1!
b10001110110 ;
1[
b10001110110 w

#46036000
b11011000001111 y

#46040000
0!
0[

#46045000
1!
b10001110111 ;
1[
b10001110111 w

#46046000
b11011000010010 y

#46050000
0!
0[

#46055000
1!
b10001111000 ;
1[
b10001111000 w

#46056000
b11011000010101 y

#46060000
0!
0[

#46065000
1!
b10001111001 ;
1[
b10001111001 w

#46066000
b11011000011000 y

#46070000
0!
0[

#46075000
1!
b10001111010 ;
1[
b10001111010 w

#46076000
b11011000011011 y

#46080000
0!
0[

#46085000
1!
b10001111011 ;
1[
b10001111011 w

#46086000
b11011000011110 y

#46090000
0!
0[

#46095000
1!
b10001111100 ;
1[
b10001111100 w

#46096000
b11011000100001 y

#46100000
0!
0[

#46105000
1!
b10001111101 ;
1[
b10001111101 w

#46106000
b11011000100100 y

#46110000
0!
0[

#46115000
1!
b10001111110 ;
1[
b10001111110 w

#46116000
b11011000100111 y

#46120000
0!
0[

#46125000
1!
b10001111111 ;
1[
b10001111111 w

#46126000
b11011000101010 y

#46130000
0!
0[

#46135000
1!
b10010000000 ;
1[
b10010000000 w

#46136000
b11011000101101 y

#46140000
0!
0[

#46145000
1!
b10010000001 ;
1[
b10010000001 w

#46146000
b11011000110000 y

#46150000
0!
0[

#46155000
1!
b10010000010 ;
1[
b10010000010 w

#46156000
b11011000110011 y

#46160000
0!
0[

#46165000
1!
b10010000011 ;
1[
b10010000011 w

#46166000
b11011000110110 y

#46170000
0!
0[

#46175000
1!
b10010000100 ;
1[
b10010000100 w

#46176000
b11011000111001 y

#46180000
0!
0[

#46185000
1!
b10010000101 ;
1[
b10010000101 w

#46186000
b11011000111100 y

#46190000
0!
0[

#46195000
1!
b10010000110 ;
1[
b10010000110 w

#46196000
b11011000111111 y

#46200000
0!
0[

#46205000
1!
b10010000111 ;
1[
b10010000111 w

#46206000
b11011001000010 y

#46210000
0!
0[

#46215000
1!
b10010001000 ;
1[
b10010001000 w

#46216000
b11011001000101 y

#46220000
0!
0[

#46225000
1!
b10010001001 ;
1[
b10010001001 w

#46226000
b11011001001000 y

#46230000
0!
0[

#46235000
1!
b10010001010 ;
1[
b10010001010 w

#46236000
b11011001001011 y

#46240000
0!
0[

#46245000
1!
b10010001011 ;
1[
b10010001011 w

#46246000
b11011001001110 y

#46250000
0!
0[

#46255000
1!
b10010001100 ;
1[
b10010001100 w

#46256000
b11011001010001 y

#46260000
0!
0[

#46265000
1!
b10010001101 ;
1[
b10010001101 w

#46266000
b11011001010100 y

#46270000
0!
0[

#46275000
1!
b10010001110 ;
1[
b10010001110 w

#46276000
b11011001010111 y

#46280000
0!
0[

#46285000
1!
b10010001111 ;
1[
b10010001111 w

#46286000
b11011001011010 y

#46290000
0!
0[

#46295000
1!
b10010010000 ;
1[
b10010010000 w

#46296000
b11011001011101 y

#46300000
0!
0[

#46305000
1!
b10010010001 ;
1[
b10010010001 w

#46306000
b11011001100000 y

#46310000
0!
0[

#46315000
1!
b10010010010 ;
1[
b10010010010 w

#46316000
b11011001100011 y

#46320000
0!
0[

#46325000
1!
b10010010011 ;
1[
b10010010011 w

#46326000
b11011001100110 y

#46330000
0!
0[

#46335000
1!
b10010010100 ;
1[
b10010010100 w

#46336000
b11011001101001 y

#46340000
0!
0[

#46345000
1!
b10010010101 ;
1[
b10010010101 w

#46346000
b11011001101100 y

#46350000
0!
0[

#46355000
1!
b10010010110 ;
1[
b10010010110 w

#46356000
b11011001101111 y

#46360000
0!
0[

#46365000
1!
b10010010111 ;
1[
b10010010111 w

#46366000
b11011001110010 y

#46370000
0!
0[

#46375000
1!
b10010011000 ;
1[
b10010011000 w

#46376000
b11011001110101 y

#46380000
0!
0[

#46385000
1!
b10010011001 ;
1[
b10010011001 w

#46386000
b11011001111000 y

#46390000
0!
0[

#46395000
1!
b10010011010 ;
1[
b10010011010 w

#46396000
b11011001111011 y

#46400000
0!
0[

#46405000
1!
b10010011011 ;
1[
b10010011011 w

#46406000
b11011001111110 y

#46410000
0!
0[

#46415000
1!
b10010011100 ;
1[
b10010011100 w

#46416000
b11011010000001 y

#46420000
0!
0[

#46425000
1!
b10010011101 ;
1[
b10010011101 w

#46426000
b11011010000100 y

#46430000
0!
0[

#46435000
1!
b10010011110 ;
1[
b10010011110 w

#46436000
b11011010000111 y

#46440000
0!
0[

#46445000
1!
b10010011111 ;
1[
b10010011111 w

#46446000
b11011010001010 y

#46450000
0!
0[

#46455000
1!
b10010100000 ;
1[
b10010100000 w

#46456000
b11011010001101 y

#46460000
0!
0[

#46465000
1!
b10010100001 ;
1[
b10010100001 w

#46466000
b11011010010000 y

#46470000
0!
0[

#46475000
1!
b10010100010 ;
1[
b10010100010 w

#46476000
b11011010010011 y

#46480000
0!
0[

#46485000
1!
b10010100011 ;
1[
b10010100011 w

#46486000
b11011010010110 y

#46490000
0!
0[

#46495000
1!
b10010100100 ;
1[
b10010100100 w

#46496000
b11011010011001 y

#46500000
0!
0[

#46505000
1!
b10010100101 ;
1[
b10010100101 w

#46506000
b11011010011100 y

#46510000
0!
0[

#46515000
1!
b10010100110 ;
1[
b10010100110 w

#46516000
b11011010011111 y

#46520000
0!
0[

#46525000
1!
b10010100111 ;
1[
b10010100111 w

#46526000
b11011010100010 y

#46530000
0!
0[

#46535000
1!
b10010101000 ;
1[
b10010101000 w

#46536000
b11011010100101 y

#46540000
0!
0[

#46545000
1!
b10010101001 ;
1[
b10010101001 w

#46546000
b11011010101000 y

#46550000
0!
0[

#46555000
1!
b10010101010 ;
1[
b10010101010 w

#46556000
b11011010101011 y

#46560000
0!
0[

#46565000
1!
b10010101011 ;
1[
b10010101011 w

#46566000
b11011010101110 y

#46570000
0!
0[

#46575000
1!
b10010101100 ;
1[
b10010101100 w

#46576000
b11011010110001 y

#46580000
0!
0[

#46585000
1!
b10010101101 ;
1[
b10010101101 w

#46586000
b11011010110100 y

#46590000
0!
0[

#46595000
1!
b10010101110 ;
1[
b10010101110 w

#46596000
b11011010110111 y

#46600000
0!
0[

#46605000
1!
b10010101111 ;
1[
b10010101111 w

#46606000
b11011010111010 y

#46610000
0!
0[

#46615000
1!
b10010110000 ;
1[
b10010110000 w

#46616000
b11011010111101 y

#46620000
0!
0[

#46625000
1!
b10010110001 ;
1[
b10010110001 w

#46626000
b11011011000000 y

#46630000
0!
0[

#46635000
1!
b10010110010 ;
1[
b10010110010 w

#46636000
b11011011000011 y

#46640000
0!
0[

#46645000
1!
b10010110011 ;
1[
b10010110011 w

#46646000
b11011011000110 y

#46650000
0!
0[

#46655000
1!
b10010110100 ;
1[
b10010110100 w

#46656000
b11011011001001 y

#46660000
0!
0[

#46665000
1!
b10010110101 ;
1[
b10010110101 w

#46666000
b11011011001100 y

#46670000
0!
0[

#46675000
1!
b10010110110 ;
1[
b10010110110 w

#46676000
b11011011001111 y

#46680000
0!
0[

#46685000
1!
b10010110111 ;
1[
b10010110111 w

#46686000
b11011011010010 y

#46690000
0!
0[

#46695000
1!
b10010111000 ;
1[
b10010111000 w

#46696000
b11011011010101 y

#46700000
0!
0[

#46705000
1!
b10010111001 ;
1[
b10010111001 w

#46706000
b11011011011000 y

#46710000
0!
0[

#46715000
1!
b10010111010 ;
1[
b10010111010 w

#46716000
b11011011011011 y

#46720000
0!
0[

#46725000
1!
b10010111011 ;
1[
b10010111011 w

#46726000
b11011011011110 y

#46730000
0!
0[

#46735000
1!
b10010111100 ;
1[
b10010111100 w

#46736000
b11011011100001 y

#46740000
0!
0[

#46745000
1!
b10010111101 ;
1[
b10010111101 w

#46746000
b11011011100100 y

#46750000
0!
0[

#46755000
1!
b10010111110 ;
1[
b10010111110 w

#46756000
b11011011100111 y

#46760000
0!
0[

#46765000
1!
b10010111111 ;
1[
b10010111111 w

#46766000
b11011011101010 y

#46770000
0!
0[

#46775000
1!
b10011000000 ;
1[
b10011000000 w

#46776000
b11011011101101 y

#46780000
0!
0[

#46785000
1!
b10011000001 ;
1[
b10011000001 w

#46786000
b11011011110000 y

#46790000
0!
0[

#46795000
1!
b10011000010 ;
1[
b10011000010 w

#46796000
b11011011110011 y

#46800000
0!
0[

#46805000
1!
b10011000011 ;
1[
b10011000011 w

#46806000
b11011011110110 y

#46810000
0!
0[

#46815000
1!
b10011000100 ;
1[
b10011000100 w

#46816000
b11011011111001 y

#46820000
0!
0[

#46825000
1!
b10011000101 ;
1[
b10011000101 w

#46826000
b11011011111100 y

#46830000
0!
0[

#46835000
1!
b10011000110 ;
1[
b10011000110 w

#46836000
b11011011111111 y

#46840000
0!
0[

#46845000
1!
b10011000111 ;
1[
b10011000111 w

#46846000
b11011100000010 y

#46850000
0!
0[

#46855000
1!
b10011001000 ;
1[
b10011001000 w

#46856000
b11011100000101 y

#46860000
0!
0[

#46865000
1!
b10011001001 ;
1[
b10011001001 w

#46866000
b11011100001000 y

#46870000
0!
0[

#46875000
1!
b10011001010 ;
1[
b10011001010 w

#46876000
b11011100001011 y

#46880000
0!
0[

#46885000
1!
b10011001011 ;
1[
b10011001011 w

#46886000
b11011100001110 y

#46890000
0!
0[

#46895000
1!
b10011001100 ;
1[
b10011001100 w

#46896000
b11011100010001 y

#46900000
0!
0[

#46905000
1!
b10011001101 ;
1[
b10011001101 w

#46906000
b11011100010100 y

#46910000
0!
0[

#46915000
1!
b10011001110 ;
1[
b10011001110 w

#46916000
b11011100010111 y

#46920000
0!
0[

#46925000
1!
b10011001111 ;
1[
b10011001111 w

#46926000
b11011100011010 y

#46930000
0!
0[

#46935000
1!
b10011010000 ;
1[
b10011010000 w

#46936000
b11011100011101 y

#46940000
0!
0[

#46945000
1!
b10011010001 ;
1[
b10011010001 w

#46946000
b11011100100000 y

#46950000
0!
0[

#46955000
1!
b10011010010 ;
1[
b10011010010 w

#46956000
b11011100100011 y

#46960000
0!
0[

#46965000
1!
b10011010011 ;
1[
b10011010011 w

#46966000
b11011100100110 y

#46970000
0!
0[

#46975000
1!
b10011010100 ;
1[
b10011010100 w

#46976000
b11011100101001 y

#46980000
0!
0[

#46985000
1!
b10011010101 ;
1[
b10011010101 w

#46986000
b11011100101100 y

#46990000
0!
0[

#46995000
1!
b10011010110 ;
1[
b10011010110 w

#46996000
b11011100101111 y

#47000000
0!
0[

#47005000
1!
b10011010111 ;
1[
b10011010111 w

#47006000
b11011100110010 y

#47010000
0!
0[

#47015000
1!
b10011011000 ;
1[
b10011011000 w

#47016000
b11011100110101 y

#47020000
0!
0[

#47025000
1!
b10011011001 ;
1[
b10011011001 w

#47026000
b11011100111000 y

#47030000
0!
0[

#47035000
1!
b10011011010 ;
1[
b10011011010 w

#47036000
b11011100111011 y

#47040000
0!
0[

#47045000
1!
b10011011011 ;
1[
b10011011011 w

#47046000
b11011100111110 y

#47050000
0!
0[

#47055000
1!
b10011011100 ;
1[
b10011011100 w

#47056000
b11011101000001 y

#47060000
0!
0[

#47065000
1!
b10011011101 ;
1[
b10011011101 w

#47066000
b11011101000100 y

#47070000
0!
0[

#47075000
1!
b10011011110 ;
1[
b10011011110 w

#47076000
b11011101000111 y

#47080000
0!
0[

#47085000
1!
b10011011111 ;
1[
b10011011111 w

#47086000
b11011101001010 y

#47090000
0!
0[

#47095000
1!
b10011100000 ;
1[
b10011100000 w

#47096000
b11011101001101 y

#47100000
0!
0[

#47105000
1!
b10011100001 ;
1[
b10011100001 w

#47106000
b11011101010000 y

#47110000
0!
0[

#47115000
1!
b10011100010 ;
1[
b10011100010 w

#47116000
b11011101010011 y

#47120000
0!
0[

#47125000
1!
b10011100011 ;
1[
b10011100011 w

#47126000
b11011101010110 y

#47130000
0!
0[

#47135000
1!
b10011100100 ;
1[
b10011100100 w

#47136000
b11011101011001 y

#47140000
0!
0[

#47145000
1!
b10011100101 ;
1[
b10011100101 w

#47146000
b11011101011100 y

#47150000
0!
0[

#47155000
1!
b10011100110 ;
1[
b10011100110 w

#47156000
b11011101011111 y

#47160000
0!
0[

#47165000
1!
b10011100111 ;
1[
b10011100111 w

#47166000
b11011101100010 y

#47170000
0!
0[

#47175000
1!
b10011101000 ;
1[
b10011101000 w

#47176000
b11011101100101 y

#47180000
0!
0[

#47185000
1!
b10011101001 ;
1[
b10011101001 w

#47186000
b11011101101000 y

#47190000
0!
0[

#47195000
1!
b10011101010 ;
1[
b10011101010 w

#47196000
b11011101101011 y

#47200000
0!
0[

#47205000
1!
b10011101011 ;
1[
b10011101011 w

#47206000
b11011101101110 y

#47210000
0!
0[

#47215000
1!
b10011101100 ;
1[
b10011101100 w

#47216000
b11011101110001 y

#47220000
0!
0[

#47225000
1!
b10011101101 ;
1[
b10011101101 w

#47226000
b11011101110100 y

#47230000
0!
0[

#47235000
1!
b10011101110 ;
1[
b10011101110 w

#47236000
b11011101110111 y

#47240000
0!
0[

#47245000
1!
b10011101111 ;
1[
b10011101111 w

#47246000
b11011101111010 y

#47250000
0!
0[

#47255000
1!
b10011110000 ;
1[
b10011110000 w

#47256000
b11011101111101 y

#47260000
0!
0[

#47265000
1!
b10011110001 ;
1[
b10011110001 w

#47266000
b11011110000000 y

#47270000
0!
0[

#47275000
1!
b10011110010 ;
1[
b10011110010 w

#47276000
b11011110000011 y

#47280000
0!
0[

#47285000
1!
b10011110011 ;
1[
b10011110011 w

#47286000
b11011110000110 y

#47290000
0!
0[

#47295000
1!
b10011110100 ;
1[
b10011110100 w

#47296000
b11011110001001 y

#47300000
0!
0[

#47305000
1!
b10011110101 ;
1[
b10011110101 w

#47306000
b11011110001100 y

#47310000
0!
0[

#47315000
1!
b10011110110 ;
1[
b10011110110 w

#47316000
b11011110001111 y

#47320000
0!
0[

#47325000
1!
b10011110111 ;
1[
b10011110111 w

#47326000
b11011110010010 y

#47330000
0!
0[

#47335000
1!
b10011111000 ;
1[
b10011111000 w

#47336000
b11011110010101 y

#47340000
0!
0[

#47345000
1!
b10011111001 ;
1[
b10011111001 w

#47346000
b11011110011000 y

#47350000
0!
0[

#47355000
1!
b10011111010 ;
1[
b10011111010 w

#47356000
b11011110011011 y

#47360000
0!
0[

#47365000
1!
b10011111011 ;
1[
b10011111011 w

#47366000
b11011110011110 y

#47370000
0!
0[

#47375000
1!
b10011111100 ;
1[
b10011111100 w

#47376000
b11011110100001 y

#47380000
0!
0[

#47385000
1!
b10011111101 ;
1[
b10011111101 w

#47386000
b11011110100100 y

#47390000
0!
0[

#47395000
1!
b10011111110 ;
1[
b10011111110 w

#47396000
b11011110100111 y

#47400000
0!
0[

#47405000
1!
b10011111111 ;
1[
b10011111111 w

#47406000
b11011110101010 y

#47410000
0!
0[

#47415000
1!
b10100000000 ;
1[
b10100000000 w

#47416000
b11011110101101 y

#47420000
0!
0[

#47425000
1!
b10100000001 ;
1[
b10100000001 w

#47426000
b11011110110000 y

#47430000
0!
0[

#47435000
1!
b10100000010 ;
1[
b10100000010 w

#47436000
b11011110110011 y

#47440000
0!
0[

#47445000
1!
b10100000011 ;
1[
b10100000011 w

#47446000
b11011110110110 y

#47450000
0!
0[

#47455000
1!
b10100000100 ;
1[
b10100000100 w

#47456000
b11011110111001 y

#47460000
0!
0[

#47465000
1!
b10100000101 ;
1[
b10100000101 w

#47466000
b11011110111100 y

#47470000
0!
0[

#47475000
1!
b10100000110 ;
1[
b10100000110 w

#47476000
b11011110111111 y

#47480000
0!
0[

#47485000
1!
b10100000111 ;
1[
b10100000111 w

#47486000
b11011111000010 y

#47490000
0!
0[

#47495000
1!
b10100001000 ;
1[
b10100001000 w

#47496000
b11011111000101 y

#47500000
0!
0[

#47505000
1!
b10100001001 ;
1[
b10100001001 w

#47506000
b11011111001000 y

#47510000
0!
0[

#47515000
1!
b10100001010 ;
1[
b10100001010 w

#47516000
b11011111001011 y

#47520000
0!
0[

#47525000
1!
b10100001011 ;
1[
b10100001011 w

#47526000
b11011111001110 y

#47530000
0!
0[

#47535000
1!
b10100001100 ;
1[
b10100001100 w

#47536000
b11011111010001 y

#47540000
0!
0[

#47545000
1!
b10100001101 ;
1[
b10100001101 w

#47546000
b11011111010100 y

#47550000
0!
0[

#47555000
1!
b10100001110 ;
1[
b10100001110 w

#47556000
b11011111010111 y

#47560000
0!
0[

#47565000
1!
b10100001111 ;
1[
b10100001111 w

#47566000
b11011111011010 y

#47570000
0!
0[

#47575000
1!
b10100010000 ;
1[
b10100010000 w

#47576000
b11011111011101 y

#47580000
0!
0[

#47585000
1!
b10100010001 ;
1[
b10100010001 w

#47586000
b11011111100000 y

#47590000
0!
0[

#47595000
1!
b10100010010 ;
1[
b10100010010 w

#47596000
b11011111100011 y

#47600000
0!
0[

#47605000
1!
b10100010011 ;
1[
b10100010011 w

#47606000
b11011111100110 y

#47610000
0!
0[

#47615000
1!
b10100010100 ;
1[
b10100010100 w

#47616000
b11011111101001 y

#47620000
0!
0[

#47625000
1!
b10100010101 ;
1[
b10100010101 w

#47626000
b11011111101100 y

#47630000
0!
0[

#47635000
1!
b10100010110 ;
1[
b10100010110 w

#47636000
b11011111101111 y

#47640000
0!
0[

#47645000
1!
b10100010111 ;
1[
b10100010111 w

#47646000
b11011111110010 y

#47650000
0!
0[

#47655000
1!
b10100011000 ;
1[
b10100011000 w

#47656000
b11011111110101 y

#47660000
0!
0[

#47665000
1!
b10100011001 ;
1[
b10100011001 w

#47666000
b11011111111000 y

#47670000
0!
0[

#47675000
1!
b10100011010 ;
1[
b10100011010 w

#47676000
b11011111111011 y

#47680000
0!
0[

#47685000
1!
b10100011011 ;
1[
b10100011011 w

#47686000
b11011111111110 y

#47690000
0!
0[

#47695000
1!
b10100011100 ;
1[
b10100011100 w

#47696000
b11100000000001 y

#47700000
0!
0[

#47705000
1!
b10100011101 ;
1[
b10100011101 w

#47706000
b11100000000100 y

#47710000
0!
0[

#47715000
1!
b10100011110 ;
1[
b10100011110 w

#47716000
b11100000000111 y

#47720000
0!
0[

#47725000
1!
b10100011111 ;
1[
b10100011111 w

#47726000
b11100000001010 y

#47730000
0!
0[

#47735000
1!
b10100100000 ;
1[
b10100100000 w

#47736000
b11100000001101 y

#47740000
0!
0[

#47745000
1!
b10100100001 ;
1[
b10100100001 w

#47746000
b11100000010000 y

#47750000
0!
0[

#47755000
1!
b10100100010 ;
1[
b10100100010 w

#47756000
b11100000010011 y

#47760000
0!
0[

#47765000
1!
b10100100011 ;
1[
b10100100011 w

#47766000
b11100000010110 y

#47770000
0!
0[

#47775000
1!
b10100100100 ;
1[
b10100100100 w

#47776000
b11100000011001 y

#47780000
0!
0[

#47785000
1!
b10100100101 ;
1[
b10100100101 w

#47786000
b11100000011100 y

#47790000
0!
0[

#47795000
1!
b10100100110 ;
1[
b10100100110 w

#47796000
b11100000011111 y

#47800000
0!
0[

#47805000
1!
b10100100111 ;
1[
b10100100111 w

#47806000
b11100000100010 y

#47810000
0!
0[

#47815000
1!
b10100101000 ;
1[
b10100101000 w

#47816000
b11100000100101 y

#47820000
0!
0[

#47825000
1!
b10100101001 ;
1[
b10100101001 w

#47826000
b11100000101000 y

#47830000
0!
0[

#47835000
1!
b10100101010 ;
1[
b10100101010 w

#47836000
b11100000101011 y

#47840000
0!
0[

#47845000
1!
b10100101011 ;
1[
b10100101011 w

#47846000
b11100000101110 y

#47850000
0!
0[

#47855000
1!
b10100101100 ;
1[
b10100101100 w

#47856000
b11100000110001 y

#47860000
0!
0[

#47865000
1!
b10100101101 ;
1[
b10100101101 w

#47866000
b11100000110100 y

#47870000
0!
0[

#47875000
1!
b10100101110 ;
1[
b10100101110 w

#47876000
b11100000110111 y

#47880000
0!
0[

#47885000
1!
b10100101111 ;
1[
b10100101111 w

#47886000
b11100000111010 y

#47890000
0!
0[

#47895000
1!
b10100110000 ;
1[
b10100110000 w

#47896000
b11100000111101 y

#47900000
0!
0[

#47905000
1!
b10100110001 ;
1[
b10100110001 w

#47906000
b11100001000000 y

#47910000
0!
0[

#47915000
1!
b10100110010 ;
1[
b10100110010 w

#47916000
b11100001000011 y

#47920000
0!
0[

#47925000
1!
b10100110011 ;
1[
b10100110011 w

#47926000
b11100001000110 y

#47930000
0!
0[

#47935000
1!
b10100110100 ;
1[
b10100110100 w

#47936000
b11100001001001 y

#47940000
0!
0[

#47945000
1!
b10100110101 ;
1[
b10100110101 w

#47946000
b11100001001100 y

#47950000
0!
0[

#47955000
1!
b10100110110 ;
1[
b10100110110 w

#47956000
b11100001001111 y

#47960000
0!
0[

#47965000
1!
b10100110111 ;
1[
b10100110111 w

#47966000
b11100001010010 y

#47970000
0!
0[

#47975000
1!
b10100111000 ;
1[
b10100111000 w

#47976000
b11100001010101 y

#47980000
0!
0[

#47985000
1!
b10100111001 ;
1[
b10100111001 w

#47986000
b11100001011000 y

#47990000
0!
0[

#47995000
1!
b10100111010 ;
1[
b10100111010 w

#47996000
b11100001011011 y

#48000000
0!
0[

#48005000
1!
b10100111011 ;
1[
b10100111011 w

#48006000
b11100001011110 y

#48010000
0!
0[

#48015000
1!
b10100111100 ;
1[
b10100111100 w

#48016000
b11100001100001 y

#48020000
0!
0[

#48025000
1!
b10100111101 ;
1[
b10100111101 w

#48026000
b11100001100100 y

#48030000
0!
0[

#48035000
1!
b10100111110 ;
1[
b10100111110 w

#48036000
b11100001100111 y

#48040000
0!
0[

#48045000
1!
b10100111111 ;
1[
b10100111111 w

#48046000
b11100001101010 y

#48050000
0!
0[

#48055000
1!
b10101000000 ;
1[
b10101000000 w

#48056000
b11100001101101 y

#48060000
0!
0[

#48065000
1!
b10101000001 ;
1[
b10101000001 w

#48066000
b11100001110000 y

#48070000
0!
0[

#48075000
1!
b10101000010 ;
1[
b10101000010 w

#48076000
b11100001110011 y

#48080000
0!
0[

#48085000
1!
b10101000011 ;
1[
b10101000011 w

#48086000
b11100001110110 y

#48090000
0!
0[

#48095000
1!
b10101000100 ;
1[
b10101000100 w

#48096000
b11100001111001 y

#48100000
0!
0[

#48105000
1!
b10101000101 ;
1[
b10101000101 w

#48106000
b11100001111100 y

#48110000
0!
0[

#48115000
1!
b10101000110 ;
1[
b10101000110 w

#48116000
b11100001111111 y

#48120000
0!
0[

#48125000
1!
b10101000111 ;
1[
b10101000111 w

#48126000
b11100010000010 y

#48130000
0!
0[

#48135000
1!
b10101001000 ;
1[
b10101001000 w

#48136000
b11100010000101 y

#48140000
0!
0[

#48145000
1!
b10101001001 ;
1[
b10101001001 w

#48146000
b11100010001000 y

#48150000
0!
0[

#48155000
1!
b10101001010 ;
1[
b10101001010 w

#48156000
b11100010001011 y

#48160000
0!
0[

#48165000
1!
b10101001011 ;
1[
b10101001011 w

#48166000
b11100010001110 y

#48170000
0!
0[

#48175000
1!
b10101001100 ;
1[
b10101001100 w

#48176000
b11100010010001 y

#48180000
0!
0[

#48185000
1!
b10101001101 ;
1[
b10101001101 w

#48186000
b11100010010100 y

#48190000
0!
0[

#48195000
1!
b10101001110 ;
1[
b10101001110 w

#48196000
b11100010010111 y

#48200000
0!
0[

#48205000
1!
b10101001111 ;
1[
b10101001111 w

#48206000
b11100010011010 y

#48210000
0!
0[

#48215000
1!
b10101010000 ;
1[
b10101010000 w

#48216000
b11100010011101 y

#48220000
0!
0[

#48225000
1!
b10101010001 ;
1[
b10101010001 w

#48226000
b11100010100000 y

#48230000
0!
0[

#48235000
1!
b10101010010 ;
1[
b10101010010 w

#48236000
b11100010100011 y

#48240000
0!
0[

#48245000
1!
b10101010011 ;
1[
b10101010011 w

#48246000
b11100010100110 y

#48250000
0!
0[

#48255000
1!
b10101010100 ;
1[
b10101010100 w

#48256000
b11100010101001 y

#48260000
0!
0[

#48265000
1!
b10101010101 ;
1[
b10101010101 w

#48266000
b11100010101100 y

#48270000
0!
0[

#48275000
1!
b10101010110 ;
1[
b10101010110 w

#48276000
b11100010101111 y

#48280000
0!
0[

#48285000
1!
b10101010111 ;
1[
b10101010111 w

#48286000
b11100010110010 y

#48290000
0!
0[

#48295000
1!
b10101011000 ;
1[
b10101011000 w

#48296000
b11100010110101 y

#48300000
0!
0[

#48305000
1!
b10101011001 ;
1[
b10101011001 w

#48306000
b11100010111000 y

#48310000
0!
0[

#48315000
1!
b10101011010 ;
1[
b10101011010 w

#48316000
b11100010111011 y

#48320000
0!
0[

#48325000
1!
b10101011011 ;
1[
b10101011011 w

#48326000
b11100010111110 y

#48330000
0!
0[

#48335000
1!
b10101011100 ;
1[
b10101011100 w

#48336000
b11100011000001 y

#48340000
0!
0[

#48345000
1!
b10101011101 ;
1[
b10101011101 w

#48346000
b11100011000100 y

#48350000
0!
0[

#48355000
1!
b10101011110 ;
1[
b10101011110 w

#48356000
b11100011000111 y

#48360000
0!
0[

#48365000
1!
b10101011111 ;
1[
b10101011111 w

#48366000
b11100011001010 y

#48370000
0!
0[

#48375000
1!
b10101100000 ;
1[
b10101100000 w

#48376000
b11100011001101 y

#48380000
0!
0[

#48385000
1!
b10101100001 ;
1[
b10101100001 w

#48386000
b11100011010000 y

#48390000
0!
0[

#48395000
1!
b10101100010 ;
1[
b10101100010 w

#48396000
b11100011010011 y

#48400000
0!
0[

#48405000
1!
b10101100011 ;
1[
b10101100011 w

#48406000
b11100011010110 y

#48410000
0!
0[

#48415000
1!
b10101100100 ;
1[
b10101100100 w

#48416000
b11100011011001 y

#48420000
0!
0[

#48425000
1!
b10101100101 ;
1[
b10101100101 w

#48426000
b11100011011100 y

#48430000
0!
0[

#48435000
1!
b10101100110 ;
1[
b10101100110 w

#48436000
b11100011011111 y

#48440000
0!
0[

#48445000
1!
b10101100111 ;
1[
b10101100111 w

#48446000
b11100011100010 y

#48450000
0!
0[

#48455000
1!
b10101101000 ;
1[
b10101101000 w

#48456000
b11100011100101 y

#48460000
0!
0[

#48465000
1!
b10101101001 ;
1[
b10101101001 w

#48466000
b11100011101000 y

#48470000
0!
0[

#48475000
1!
b10101101010 ;
1[
b10101101010 w

#48476000
b11100011101011 y

#48480000
0!
0[

#48485000
1!
b10101101011 ;
1[
b10101101011 w

#48486000
b11100011101110 y

#48490000
0!
0[

#48495000
1!
b10101101100 ;
1[
b10101101100 w

#48496000
b11100011110001 y

#48500000
0!
0[

#48505000
1!
b10101101101 ;
1[
b10101101101 w

#48506000
b11100011110100 y

#48510000
0!
0[

#48515000
1!
b10101101110 ;
1[
b10101101110 w

#48516000
b11100011110111 y

#48520000
0!
0[

#48525000
1!
b10101101111 ;
1[
b10101101111 w

#48526000
b11100011111010 y

#48530000
0!
0[

#48535000
1!
b10101110000 ;
1[
b10101110000 w

#48536000
b11100011111101 y

#48540000
0!
0[

#48545000
1!
b10101110001 ;
1[
b10101110001 w

#48546000
b11100100000000 y

#48550000
0!
0[

#48555000
1!
b10101110010 ;
1[
b10101110010 w

#48556000
b11100100000011 y

#48560000
0!
0[

#48565000
1!
b10101110011 ;
1[
b10101110011 w

#48566000
b11100100000110 y

#48570000
0!
0[

#48575000
1!
b10101110100 ;
1[
b10101110100 w

#48576000
b11100100001001 y

#48580000
0!
0[

#48585000
1!
b10101110101 ;
1[
b10101110101 w

#48586000
b11100100001100 y

#48590000
0!
0[

#48595000
1!
b10101110110 ;
1[
b10101110110 w

#48596000
b11100100001111 y

#48600000
0!
0[

#48605000
1!
b10101110111 ;
1[
b10101110111 w

#48606000
b11100100010010 y

#48610000
0!
0[

#48615000
1!
b10101111000 ;
1[
b10101111000 w

#48616000
b11100100010101 y

#48620000
0!
0[

#48625000
1!
b10101111001 ;
1[
b10101111001 w

#48626000
b11100100011000 y

#48630000
0!
0[

#48635000
1!
b10101111010 ;
1[
b10101111010 w

#48636000
b11100100011011 y

#48640000
0!
0[

#48645000
1!
b10101111011 ;
1[
b10101111011 w

#48646000
b11100100011110 y

#48650000
0!
0[

#48655000
1!
b10101111100 ;
1[
b10101111100 w

#48656000
b11100100100001 y

#48660000
0!
0[

#48665000
1!
b10101111101 ;
1[
b10101111101 w

#48666000
b11100100100100 y

#48670000
0!
0[

#48675000
1!
b10101111110 ;
1[
b10101111110 w

#48676000
b11100100100111 y

#48680000
0!
0[

#48685000
1!
b10101111111 ;
1[
b10101111111 w

#48686000
b11100100101010 y

#48690000
0!
0[

#48695000
1!
b10110000000 ;
1[
b10110000000 w

#48696000
b11100100101101 y

#48700000
0!
0[

#48705000
1!
b10110000001 ;
1[
b10110000001 w

#48706000
b11100100110000 y

#48710000
0!
0[

#48715000
1!
b10110000010 ;
1[
b10110000010 w

#48716000
b11100100110011 y

#48720000
0!
0[

#48725000
1!
b10110000011 ;
1[
b10110000011 w

#48726000
b11100100110110 y

#48730000
0!
0[

#48735000
1!
b10110000100 ;
1[
b10110000100 w

#48736000
b11100100111001 y

#48740000
0!
0[

#48745000
1!
b10110000101 ;
1[
b10110000101 w

#48746000
b11100100111100 y

#48750000
0!
0[

#48755000
1!
b10110000110 ;
1[
b10110000110 w

#48756000
b11100100111111 y

#48760000
0!
0[

#48765000
1!
b10110000111 ;
1[
b10110000111 w

#48766000
b11100101000010 y

#48770000
0!
0[

#48775000
1!
b10110001000 ;
1[
b10110001000 w

#48776000
b11100101000101 y

#48780000
0!
0[

#48785000
1!
b10110001001 ;
1[
b10110001001 w

#48786000
b11100101001000 y

#48790000
0!
0[

#48795000
1!
b10110001010 ;
1[
b10110001010 w

#48796000
b11100101001011 y

#48800000
0!
0[

#48805000
1!
b10110001011 ;
1[
b10110001011 w

#48806000
b11100101001110 y

#48810000
0!
0[

#48815000
1!
b10110001100 ;
1[
b10110001100 w

#48816000
b11100101010001 y

#48820000
0!
0[

#48825000
1!
b10110001101 ;
1[
b10110001101 w

#48826000
b11100101010100 y

#48830000
0!
0[

#48835000
1!
b10110001110 ;
1[
b10110001110 w

#48836000
b11100101010111 y

#48840000
0!
0[

#48845000
1!
b10110001111 ;
1[
b10110001111 w

#48846000
b11100101011010 y

#48850000
0!
0[

#48855000
1!
b10110010000 ;
1[
b10110010000 w

#48856000
b11100101011101 y

#48860000
0!
0[

#48865000
1!
b10110010001 ;
1[
b10110010001 w

#48866000
b11100101100000 y

#48870000
0!
0[

#48875000
1!
b10110010010 ;
1[
b10110010010 w

#48876000
b11100101100011 y

#48880000
0!
0[

#48885000
1!
b10110010011 ;
1[
b10110010011 w

#48886000
b11100101100110 y

#48890000
0!
0[

#48895000
1!
b10110010100 ;
1[
b10110010100 w

#48896000
b11100101101001 y

#48900000
0!
0[

#48905000
1!
b10110010101 ;
1[
b10110010101 w

#48906000
b11100101101100 y

#48910000
0!
0[

#48915000
1!
b10110010110 ;
1[
b10110010110 w

#48916000
b11100101101111 y

#48920000
0!
0[

#48925000
1!
b10110010111 ;
1[
b10110010111 w

#48926000
b11100101110010 y

#48930000
0!
0[

#48935000
1!
b10110011000 ;
1[
b10110011000 w

#48936000
b11100101110101 y

#48940000
0!
0[

#48945000
1!
b10110011001 ;
1[
b10110011001 w

#48946000
b11100101111000 y

#48950000
0!
0[

#48955000
1!
b10110011010 ;
1[
b10110011010 w

#48956000
b11100101111011 y

#48960000
0!
0[

#48965000
1!
b10110011011 ;
1[
b10110011011 w

#48966000
b11100101111110 y

#48970000
0!
0[

#48975000
1!
b10110011100 ;
1[
b10110011100 w

#48976000
b11100110000001 y

#48980000
0!
0[

#48985000
1!
b10110011101 ;
1[
b10110011101 w

#48986000
b11100110000100 y

#48990000
0!
0[

#48995000
1!
b10110011110 ;
1[
b10110011110 w

#48996000
b11100110000111 y

#49000000
0!
0[

#49005000
1!
b10110011111 ;
1[
b10110011111 w

#49006000
b11100110001010 y

#49010000
0!
0[

#49015000
1!
b10110100000 ;
1[
b10110100000 w

#49016000
b11100110001101 y

#49020000
0!
0[

#49025000
1!
b10110100001 ;
1[
b10110100001 w

#49026000
b11100110010000 y

#49030000
0!
0[

#49035000
1!
b10110100010 ;
1[
b10110100010 w

#49036000
b11100110010011 y

#49040000
0!
0[

#49045000
1!
b10110100011 ;
1[
b10110100011 w

#49046000
b11100110010110 y

#49050000
0!
0[

#49055000
1!
b10110100100 ;
1[
b10110100100 w

#49056000
b11100110011001 y

#49060000
0!
0[

#49065000
1!
b10110100101 ;
1[
b10110100101 w

#49066000
b11100110011100 y

#49070000
0!
0[

#49075000
1!
b10110100110 ;
1[
b10110100110 w

#49076000
b11100110011111 y

#49080000
0!
0[

#49085000
1!
b10110100111 ;
1[
b10110100111 w

#49086000
b11100110100010 y

#49090000
0!
0[

#49095000
1!
b10110101000 ;
1[
b10110101000 w

#49096000
b11100110100101 y

#49100000
0!
0[

#49105000
1!
b10110101001 ;
1[
b10110101001 w

#49106000
b11100110101000 y

#49110000
0!
0[

#49115000
1!
b10110101010 ;
1[
b10110101010 w

#49116000
b11100110101011 y

#49120000
0!
0[

#49125000
1!
b10110101011 ;
1[
b10110101011 w

#49126000
b11100110101110 y

#49130000
0!
0[

#49135000
1!
b10110101100 ;
1[
b10110101100 w

#49136000
b11100110110001 y

#49140000
0!
0[

#49145000
1!
b10110101101 ;
1[
b10110101101 w

#49146000
b11100110110100 y

#49150000
0!
0[

#49155000
1!
b10110101110 ;
1[
b10110101110 w

#49156000
b11100110110111 y

#49160000
0!
0[

#49165000
1!
b10110101111 ;
1[
b10110101111 w

#49166000
b11100110111010 y

#49170000
0!
0[

#49175000
1!
b10110110000 ;
1[
b10110110000 w

#49176000
b11100110111101 y

#49180000
0!
0[

#49185000
1!
b10110110001 ;
1[
b10110110001 w

#49186000
b11100111000000 y

#49190000
0!
0[

#49195000
1!
b10110110010 ;
1[
b10110110010 w

#49196000
b11100111000011 y

#49200000
0!
0[

#49205000
1!
b10110110011 ;
1[
b10110110011 w

#49206000
b11100111000110 y

#49210000
0!
0[

#49215000
1!
b10110110100 ;
1[
b10110110100 w

#49216000
b11100111001001 y

#49220000
0!
0[

#49225000
1!
b10110110101 ;
1[
b10110110101 w

#49226000
b11100111001100 y

#49230000
0!
0[

#49235000
1!
b10110110110 ;
1[
b10110110110 w

#49236000
b11100111001111 y

#49240000
0!
0[

#49245000
1!
b10110110111 ;
1[
b10110110111 w

#49246000
b11100111010010 y

#49250000
0!
0[

#49255000
1!
b10110111000 ;
1[
b10110111000 w

#49256000
b11100111010101 y

#49260000
0!
0[

#49265000
1!
b10110111001 ;
1[
b10110111001 w

#49266000
b11100111011000 y

#49270000
0!
0[

#49275000
1!
b10110111010 ;
1[
b10110111010 w

#49276000
b11100111011011 y

#49280000
0!
0[

#49285000
1!
b10110111011 ;
1[
b10110111011 w

#49286000
b11100111011110 y

#49290000
0!
0[

#49295000
1!
b10110111100 ;
1[
b10110111100 w

#49296000
b11100111100001 y

#49300000
0!
0[

#49305000
1!
b10110111101 ;
1[
b10110111101 w

#49306000
b11100111100100 y

#49310000
0!
0[

#49315000
1!
b10110111110 ;
1[
b10110111110 w

#49316000
b11100111100111 y

#49320000
0!
0[

#49325000
1!
b10110111111 ;
1[
b10110111111 w

#49326000
b11100111101010 y

#49330000
0!
0[

#49335000
1!
b10111000000 ;
1[
b10111000000 w

#49336000
b11100111101101 y

#49340000
0!
0[

#49345000
1!
b10111000001 ;
1[
b10111000001 w

#49346000
b11100111110000 y

#49350000
0!
0[

#49355000
1!
b10111000010 ;
1[
b10111000010 w

#49356000
b11100111110011 y

#49360000
0!
0[

#49365000
1!
b10111000011 ;
1[
b10111000011 w

#49366000
b11100111110110 y

#49370000
0!
0[

#49375000
1!
b10111000100 ;
1[
b10111000100 w

#49376000
b11100111111001 y

#49380000
0!
0[

#49385000
1!
b10111000101 ;
1[
b10111000101 w

#49386000
b11100111111100 y

#49390000
0!
0[

#49395000
1!
b10111000110 ;
1[
b10111000110 w

#49396000
b11100111111111 y

#49400000
0!
0[

#49405000
1!
b10111000111 ;
1[
b10111000111 w

#49406000
b11101000000010 y

#49410000
0!
0[

#49415000
1!
b10111001000 ;
1[
b10111001000 w

#49416000
b11101000000101 y

#49420000
0!
0[

#49425000
1!
b10111001001 ;
1[
b10111001001 w

#49426000
b11101000001000 y

#49430000
0!
0[

#49435000
1!
b10111001010 ;
1[
b10111001010 w

#49436000
b11101000001011 y

#49440000
0!
0[

#49445000
1!
b10111001011 ;
1[
b10111001011 w

#49446000
b11101000001110 y

#49450000
0!
0[

#49455000
1!
b10111001100 ;
1[
b10111001100 w

#49456000
b11101000010001 y

#49460000
0!
0[

#49465000
1!
b10111001101 ;
1[
b10111001101 w

#49466000
b11101000010100 y

#49470000
0!
0[

#49475000
1!
b10111001110 ;
1[
b10111001110 w

#49476000
b11101000010111 y

#49480000
0!
0[

#49485000
1!
b10111001111 ;
1[
b10111001111 w

#49486000
b11101000011010 y

#49490000
0!
0[

#49495000
1!
b10111010000 ;
1[
b10111010000 w

#49496000
b11101000011101 y

#49500000
0!
0[

#49505000
1!
b10111010001 ;
1[
b10111010001 w

#49506000
b11101000100000 y

#49510000
0!
0[

#49515000
1!
b10111010010 ;
1[
b10111010010 w

#49516000
b11101000100011 y

#49520000
0!
0[

#49525000
1!
b10111010011 ;
1[
b10111010011 w

#49526000
b11101000100110 y

#49530000
0!
0[

#49535000
1!
b10111010100 ;
1[
b10111010100 w

#49536000
b11101000101001 y

#49540000
0!
0[

#49545000
1!
b10111010101 ;
1[
b10111010101 w

#49546000
b11101000101100 y

#49550000
0!
0[

#49555000
1!
b10111010110 ;
1[
b10111010110 w

#49556000
b11101000101111 y

#49560000
0!
0[

#49565000
1!
b10111010111 ;
1[
b10111010111 w

#49566000
b11101000110010 y

#49570000
0!
0[

#49575000
1!
b10111011000 ;
1[
b10111011000 w

#49576000
b11101000110101 y

#49580000
0!
0[

#49585000
1!
b10111011001 ;
1[
b10111011001 w

#49586000
b11101000111000 y

#49590000
0!
0[

#49595000
1!
b10111011010 ;
1[
b10111011010 w

#49596000
b11101000111011 y

#49600000
0!
0[

#49605000
1!
b10111011011 ;
1[
b10111011011 w

#49606000
b11101000111110 y

#49610000
0!
0[

#49615000
1!
b10111011100 ;
1[
b10111011100 w

#49616000
b11101001000001 y

#49620000
0!
0[

#49625000
1!
b10111011101 ;
1[
b10111011101 w

#49626000
b11101001000100 y

#49630000
0!
0[

#49635000
1!
b10111011110 ;
1[
b10111011110 w

#49636000
b11101001000111 y

#49640000
0!
0[

#49645000
1!
b10111011111 ;
1[
b10111011111 w

#49646000
b11101001001010 y

#49650000
0!
0[

#49655000
1!
b10111100000 ;
1[
b10111100000 w

#49656000
b11101001001101 y

#49660000
0!
0[

#49665000
1!
b10111100001 ;
1[
b10111100001 w

#49666000
b11101001010000 y

#49670000
0!
0[

#49675000
1!
b10111100010 ;
1[
b10111100010 w

#49676000
b11101001010011 y

#49680000
0!
0[

#49685000
1!
b10111100011 ;
1[
b10111100011 w

#49686000
b11101001010110 y

#49690000
0!
0[

#49695000
1!
b10111100100 ;
1[
b10111100100 w

#49696000
b11101001011001 y

#49700000
0!
0[

#49705000
1!
b10111100101 ;
1[
b10111100101 w

#49706000
b11101001011100 y

#49710000
0!
0[

#49715000
1!
b10111100110 ;
1[
b10111100110 w

#49716000
b11101001011111 y

#49720000
0!
0[

#49725000
1!
b10111100111 ;
1[
b10111100111 w

#49726000
b11101001100010 y

#49730000
0!
0[

#49735000
1!
b10111101000 ;
1[
b10111101000 w

#49736000
b11101001100101 y

#49740000
0!
0[

#49745000
1!
b10111101001 ;
1[
b10111101001 w

#49746000
b11101001101000 y

#49750000
0!
0[

#49755000
1!
b10111101010 ;
1[
b10111101010 w

#49756000
b11101001101011 y

#49760000
0!
0[

#49765000
1!
b10111101011 ;
1[
b10111101011 w

#49766000
b11101001101110 y

#49770000
0!
0[

#49775000
1!
b10111101100 ;
1[
b10111101100 w

#49776000
b11101001110001 y

#49780000
0!
0[

#49785000
1!
b10111101101 ;
1[
b10111101101 w

#49786000
b11101001110100 y

#49790000
0!
0[

#49795000
1!
b10111101110 ;
1[
b10111101110 w

#49796000
b11101001110111 y

#49800000
0!
0[

#49805000
1!
b10111101111 ;
1[
b10111101111 w

#49806000
b11101001111010 y

#49810000
0!
0[

#49815000
1!
b10111110000 ;
1[
b10111110000 w

#49816000
b11101001111101 y

#49820000
0!
0[

#49825000
1!
b10111110001 ;
1[
b10111110001 w

#49826000
b11101010000000 y

#49830000
0!
0[

#49835000
1!
b10111110010 ;
1[
b10111110010 w

#49836000
b11101010000011 y

#49840000
0!
0[

#49845000
1!
b10111110011 ;
1[
b10111110011 w

#49846000
b11101010000110 y

#49850000
0!
0[

#49855000
1!
b10111110100 ;
1[
b10111110100 w

#49856000
b11101010001001 y

#49860000
0!
0[

#49865000
1!
b10111110101 ;
1[
b10111110101 w

#49866000
b11101010001100 y

#49870000
0!
0[

#49875000
1!
b10111110110 ;
1[
b10111110110 w

#49876000
b11101010001111 y

#49880000
0!
0[

#49885000
1!
b10111110111 ;
1[
b10111110111 w

#49886000
b11101010010010 y

#49890000
0!
0[

#49895000
1!
b10111111000 ;
1[
b10111111000 w

#49896000
b11101010010101 y

#49900000
0!
0[

#49905000
1!
b10111111001 ;
1[
b10111111001 w

#49906000
b11101010011000 y

#49910000
0!
0[

#49915000
1!
b10111111010 ;
1[
b10111111010 w

#49916000
b11101010011011 y

#49920000
0!
0[

#49925000
1!
b10111111011 ;
1[
b10111111011 w

#49926000
b11101010011110 y

#49930000
0!
0[

#49935000
1!
b10111111100 ;
1[
b10111111100 w

#49936000
b11101010100001 y

#49940000
0!
0[

#49945000
1!
b10111111101 ;
1[
b10111111101 w

#49946000
b11101010100100 y

#49950000
0!
0[

#49955000
1!
b10111111110 ;
1[
b10111111110 w

#49956000
b11101010100111 y

#49960000
0!
0[

#49965000
1!
b10111111111 ;
1[
b10111111111 w

#49966000
b11101010101010 y

#49970000
0!
0[

#49975000
1!
b11000000000 ;
1[
b11000000000 w

#49976000
b11101010101101 y

#49980000
0!
0[

#49985000
1!
b11000000001 ;
1[
b11000000001 w

#49986000
b11101010110000 y

#49990000
0!
0[

#49995000
1!
b11000000010 ;
1[
b11000000010 w

#49996000
b11101010110011 y

#50000000
0!
0[

#50005000
1!
b11000000011 ;
1[
b11000000011 w

#50006000
b11101010110110 y

#50010000
0!
0[

#50015000
1!
b11000000100 ;
1[
b11000000100 w

#50016000
b11101010111001 y

#50020000
0!
0[

#50025000
1!
b11000000101 ;
1[
b11000000101 w

#50026000
b11101010111100 y

#50030000
0!
0[

#50035000
1!
b11000000110 ;
1[
b11000000110 w

#50036000
b11101010111111 y

#50040000
0!
0[

#50045000
1!
b11000000111 ;
1[
b11000000111 w

#50046000
b11101011000010 y

#50050000
0!
0[

#50055000
1!
b11000001000 ;
1[
b11000001000 w

#50056000
b11101011000101 y

#50060000
0!
0[

#50065000
1!
b11000001001 ;
1[
b11000001001 w

#50066000
b11101011001000 y

#50070000
0!
0[

#50075000
1!
b11000001010 ;
1[
b11000001010 w

#50076000
b11101011001011 y

#50080000
0!
0[

#50085000
1!
b11000001011 ;
1[
b11000001011 w

#50086000
b11101011001110 y

#50090000
0!
0[

#50095000
1!
b11000001100 ;
1[
b11000001100 w

#50096000
b11101011010001 y

#50100000
0!
0[

#50105000
1!
b11000001101 ;
1[
b11000001101 w

#50106000
b11101011010100 y

#50110000
0!
0[

#50115000
1!
b11000001110 ;
1[
b11000001110 w

#50116000
b11101011010111 y

#50120000
0!
0[

#50125000
1!
b11000001111 ;
1[
b11000001111 w

#50126000
b11101011011010 y

#50130000
0!
0[

#50135000
1!
b11000010000 ;
1[
b11000010000 w

#50136000
b11101011011101 y

#50140000
0!
0[

#50145000
1!
b11000010001 ;
1[
b11000010001 w

#50146000
b11101011100000 y

#50150000
0!
0[

#50155000
1!
b11000010010 ;
1[
b11000010010 w

#50156000
b11101011100011 y

#50160000
0!
0[

#50165000
1!
b11000010011 ;
1[
b11000010011 w

#50166000
b11101011100110 y

#50170000
0!
0[

#50175000
1!
b11000010100 ;
1[
b11000010100 w

#50176000
b11101011101001 y

#50180000
0!
0[

#50185000
1!
b11000010101 ;
1[
b11000010101 w

#50186000
b11101011101100 y

#50190000
0!
0[

#50195000
1!
b11000010110 ;
1[
b11000010110 w

#50196000
b11101011101111 y

#50200000
0!
0[

#50205000
1!
b11000010111 ;
1[
b11000010111 w

#50206000
b11101011110010 y

#50210000
0!
0[

#50215000
1!
b11000011000 ;
1[
b11000011000 w

#50216000
b11101011110101 y

#50220000
0!
0[

#50225000
1!
b11000011001 ;
1[
b11000011001 w

#50226000
b11101011111000 y

#50230000
0!
0[

#50235000
1!
b11000011010 ;
1[
b11000011010 w

#50236000
b11101011111011 y

#50240000
0!
0[

#50245000
1!
b11000011011 ;
1[
b11000011011 w

#50246000
b11101011111110 y

#50250000
0!
0[

#50255000
1!
b11000011100 ;
1[
b11000011100 w

#50256000
b11101100000001 y

#50260000
0!
0[

#50265000
1!
b11000011101 ;
1[
b11000011101 w

#50266000
b11101100000100 y

#50270000
0!
0[

#50275000
1!
b11000011110 ;
1[
b11000011110 w

#50276000
b11101100000111 y

#50280000
0!
0[

#50285000
1!
b11000011111 ;
1[
b11000011111 w

#50286000
b11101100001010 y

#50290000
0!
0[

#50295000
1!
b11000100000 ;
1[
b11000100000 w

#50296000
b11101100001101 y

#50300000
0!
0[

#50305000
1!
b11000100001 ;
1[
b11000100001 w

#50306000
b11101100010000 y

#50310000
0!
0[

#50315000
1!
b11000100010 ;
1[
b11000100010 w

#50316000
b11101100010011 y

#50320000
0!
0[

#50325000
1!
b11000100011 ;
1[
b11000100011 w

#50326000
b11101100010110 y

#50330000
0!
0[

#50335000
1!
b11000100100 ;
1[
b11000100100 w

#50336000
b11101100011001 y

#50340000
0!
0[

#50345000
1!
b11000100101 ;
1[
b11000100101 w

#50346000
b11101100011100 y

#50350000
0!
0[

#50355000
1!
b11000100110 ;
1[
b11000100110 w

#50356000
b11101100011111 y

#50360000
0!
0[

#50365000
1!
b11000100111 ;
1[
b11000100111 w

#50366000
b11101100100010 y

#50370000
0!
0[

#50375000
1!
b11000101000 ;
1[
b11000101000 w

#50376000
b11101100100101 y

#50380000
0!
0[

#50385000
1!
b11000101001 ;
1[
b11000101001 w

#50386000
b11101100101000 y

#50390000
0!
0[

#50395000
1!
b11000101010 ;
1[
b11000101010 w

#50396000
b11101100101011 y

#50400000
0!
0[

#50405000
1!
b11000101011 ;
1[
b11000101011 w

#50406000
b11101100101110 y

#50410000
0!
0[

#50415000
1!
b11000101100 ;
1[
b11000101100 w

#50416000
b11101100110001 y

#50420000
0!
0[

#50425000
1!
b11000101101 ;
1[
b11000101101 w

#50426000
b11101100110100 y

#50430000
0!
0[

#50435000
1!
b11000101110 ;
1[
b11000101110 w

#50436000
b11101100110111 y

#50440000
0!
0[

#50445000
1!
b11000101111 ;
1[
b11000101111 w

#50446000
b11101100111010 y

#50450000
0!
0[

#50455000
1!
b11000110000 ;
1[
b11000110000 w

#50456000
b11101100111101 y

#50460000
0!
0[

#50465000
1!
b11000110001 ;
1[
b11000110001 w

#50466000
b11101101000000 y

#50470000
0!
0[

#50475000
1!
b11000110010 ;
1[
b11000110010 w

#50476000
b11101101000011 y

#50480000
0!
0[

#50485000
1!
b11000110011 ;
1[
b11000110011 w

#50486000
b11101101000110 y

#50490000
0!
0[

#50495000
1!
b11000110100 ;
1[
b11000110100 w

#50496000
b11101101001001 y

#50500000
0!
0[

#50505000
1!
b11000110101 ;
1[
b11000110101 w

#50506000
b11101101001100 y

#50510000
0!
0[

#50515000
1!
b11000110110 ;
1[
b11000110110 w

#50516000
b11101101001111 y

#50520000
0!
0[

#50525000
1!
b11000110111 ;
1[
b11000110111 w

#50526000
b11101101010010 y

#50530000
0!
0[

#50535000
1!
b11000111000 ;
1[
b11000111000 w

#50536000
b11101101010101 y

#50540000
0!
0[

#50545000
1!
b11000111001 ;
1[
b11000111001 w

#50546000
b11101101011000 y

#50550000
0!
0[

#50555000
1!
b11000111010 ;
1[
b11000111010 w

#50556000
b11101101011011 y

#50560000
0!
0[

#50565000
1!
b11000111011 ;
1[
b11000111011 w

#50566000
b11101101011110 y

#50570000
0!
0[

#50575000
1!
b11000111100 ;
1[
b11000111100 w

#50576000
b11101101100001 y

#50580000
0!
0[

#50585000
1!
b11000111101 ;
1[
b11000111101 w

#50586000
b11101101100100 y

#50590000
0!
0[

#50595000
1!
b11000111110 ;
1[
b11000111110 w

#50596000
b11101101100111 y

#50600000
0!
0[

#50605000
1!
b11000111111 ;
1[
b11000111111 w

#50606000
b11101101101010 y

#50610000
0!
0[

#50615000
1!
b11001000000 ;
1[
b11001000000 w

#50616000
b11101101101101 y

#50620000
0!
0[

#50625000
1!
b11001000001 ;
1[
b11001000001 w

#50626000
b11101101110000 y

#50630000
0!
0[

#50635000
1!
b11001000010 ;
1[
b11001000010 w

#50636000
b11101101110011 y

#50640000
0!
0[

#50645000
1!
b11001000011 ;
1[
b11001000011 w

#50646000
b11101101110110 y

#50650000
0!
0[

#50655000
1!
b11001000100 ;
1[
b11001000100 w

#50656000
b11101101111001 y

#50660000
0!
0[

#50665000
1!
b11001000101 ;
1[
b11001000101 w

#50666000
b11101101111100 y

#50670000
0!
0[

#50675000
1!
b11001000110 ;
1[
b11001000110 w

#50676000
b11101101111111 y

#50680000
0!
0[

#50685000
1!
b11001000111 ;
1[
b11001000111 w

#50686000
b11101110000010 y

#50690000
0!
0[

#50695000
1!
b11001001000 ;
1[
b11001001000 w

#50696000
b11101110000101 y

#50700000
0!
0[

#50705000
1!
b11001001001 ;
1[
b11001001001 w

#50706000
b11101110001000 y

#50710000
0!
0[

#50715000
1!
b11001001010 ;
1[
b11001001010 w

#50716000
b11101110001011 y

#50720000
0!
0[

#50725000
1!
b11001001011 ;
1[
b11001001011 w

#50726000
b11101110001110 y

#50730000
0!
0[

#50735000
1!
b11001001100 ;
1[
b11001001100 w

#50736000
b11101110010001 y

#50740000
0!
0[

#50745000
1!
b11001001101 ;
1[
b11001001101 w

#50746000
b11101110010100 y

#50750000
0!
0[

#50755000
1!
b11001001110 ;
1[
b11001001110 w

#50756000
b11101110010111 y

#50760000
0!
0[

#50765000
1!
b11001001111 ;
1[
b11001001111 w

#50766000
b11101110011010 y

#50770000
0!
0[

#50775000
1!
b11001010000 ;
1[
b11001010000 w

#50776000
b11101110011101 y

#50780000
0!
0[

#50785000
1!
b11001010001 ;
1[
b11001010001 w

#50786000
b11101110100000 y

#50790000
0!
0[

#50795000
1!
b11001010010 ;
1[
b11001010010 w

#50796000
b11101110100011 y

#50800000
0!
0[

#50805000
1!
b11001010011 ;
1[
b11001010011 w

#50806000
b11101110100110 y

#50810000
0!
0[

#50815000
1!
b11001010100 ;
1[
b11001010100 w

#50816000
b11101110101001 y

#50820000
0!
0[

#50825000
1!
b11001010101 ;
1[
b11001010101 w

#50826000
b11101110101100 y

#50830000
0!
0[

#50835000
1!
b11001010110 ;
1[
b11001010110 w

#50836000
b11101110101111 y

#50840000
0!
0[

#50845000
1!
b11001010111 ;
1[
b11001010111 w

#50846000
b11101110110010 y

#50850000
0!
0[

#50855000
1!
b11001011000 ;
1[
b11001011000 w

#50856000
b11101110110101 y

#50860000
0!
0[

#50865000
1!
b11001011001 ;
1[
b11001011001 w

#50866000
b11101110111000 y

#50870000
0!
0[

#50875000
1!
b11001011010 ;
1[
b11001011010 w

#50876000
b11101110111011 y

#50880000
0!
0[

#50885000
1!
b11001011011 ;
1[
b11001011011 w

#50886000
b11101110111110 y

#50890000
0!
0[

#50895000
1!
b11001011100 ;
1[
b11001011100 w

#50896000
b11101111000001 y

#50900000
0!
0[

#50905000
1!
b11001011101 ;
1[
b11001011101 w

#50906000
b11101111000100 y

#50910000
0!
0[

#50915000
1!
b11001011110 ;
1[
b11001011110 w

#50916000
b11101111000111 y

#50920000
0!
0[

#50925000
1!
b11001011111 ;
1[
b11001011111 w

#50926000
b11101111001010 y

#50930000
0!
0[

#50935000
1!
b11001100000 ;
1[
b11001100000 w

#50936000
b11101111001101 y

#50940000
0!
0[

#50945000
1!
b11001100001 ;
1[
b11001100001 w

#50946000
b11101111010000 y

#50950000
0!
0[

#50955000
1!
b11001100010 ;
1[
b11001100010 w

#50956000
b11101111010011 y

#50960000
0!
0[

#50965000
1!
b11001100011 ;
1[
b11001100011 w

#50966000
b11101111010110 y

#50970000
0!
0[

#50975000
1!
b11001100100 ;
1[
b11001100100 w

#50976000
b11101111011001 y

#50980000
0!
0[

#50985000
1!
b11001100101 ;
1[
b11001100101 w

#50986000
b11101111011100 y

#50990000
0!
0[

#50995000
1!
b11001100110 ;
1[
b11001100110 w

#50996000
b11101111011111 y

#51000000
0!
0[

#51005000
1!
b11001100111 ;
1[
b11001100111 w

#51006000
b11101111100010 y

#51010000
0!
0[

#51015000
1!
b11001101000 ;
1[
b11001101000 w

#51016000
b11101111100101 y

#51020000
0!
0[

#51025000
1!
b11001101001 ;
1[
b11001101001 w

#51026000
b11101111101000 y

#51030000
0!
0[

#51035000
1!
b11001101010 ;
1[
b11001101010 w

#51036000
b11101111101011 y

#51040000
0!
0[

#51045000
1!
b11001101011 ;
1[
b11001101011 w

#51046000
b11101111101110 y

#51050000
0!
0[

#51055000
1!
b11001101100 ;
1[
b11001101100 w

#51056000
b11101111110001 y

#51060000
0!
0[

#51065000
1!
b11001101101 ;
1[
b11001101101 w

#51066000
b11101111110100 y

#51070000
0!
0[

#51075000
1!
b11001101110 ;
1[
b11001101110 w

#51076000
b11101111110111 y

#51080000
0!
0[

#51085000
1!
b11001101111 ;
1[
b11001101111 w

#51086000
b11101111111010 y

#51090000
0!
0[

#51095000
1!
b11001110000 ;
1[
b11001110000 w

#51096000
b11101111111101 y

#51100000
0!
0[

#51105000
1!
b11001110001 ;
1[
b11001110001 w

#51106000
b11110000000000 y

#51110000
0!
0[

#51115000
1!
b11001110010 ;
1[
b11001110010 w

#51116000
b11110000000011 y

#51120000
0!
0[

#51125000
1!
b11001110011 ;
1[
b11001110011 w

#51126000
b11110000000110 y

#51130000
0!
0[

#51135000
1!
b11001110100 ;
1[
b11001110100 w

#51136000
b11110000001001 y

#51140000
0!
0[

#51145000
1!
b11001110101 ;
1[
b11001110101 w

#51146000
b11110000001100 y

#51150000
0!
0[

#51155000
1!
b11001110110 ;
1[
b11001110110 w

#51156000
b11110000001111 y

#51160000
0!
0[

#51165000
1!
b11001110111 ;
1[
b11001110111 w

#51166000
b11110000010010 y

#51170000
0!
0[

#51175000
1!
b11001111000 ;
1[
b11001111000 w

#51176000
b11110000010101 y

#51180000
0!
0[

#51185000
1!
b11001111001 ;
1[
b11001111001 w

#51186000
b11110000011000 y

#51190000
0!
0[

#51195000
1!
b11001111010 ;
1[
b11001111010 w

#51196000
b11110000011011 y

#51200000
0!
0[

#51205000
1!
b11001111011 ;
1[
b11001111011 w

#51206000
b11110000011110 y

#51210000
0!
0[

#51215000
1!
b11001111100 ;
1[
b11001111100 w

#51216000
b11110000100001 y

#51220000
0!
0[

#51225000
1!
b11001111101 ;
1[
b11001111101 w

#51226000
b11110000100100 y

#51230000
0!
0[

#51235000
1!
b11001111110 ;
1[
b11001111110 w

#51236000
b11110000100111 y

#51240000
0!
0[

#51245000
1!
b11001111111 ;
1[
b11001111111 w

#51246000
b11110000101010 y

#51250000
0!
0[

#51255000
1!
b11010000000 ;
1[
b11010000000 w

#51256000
b11110000101101 y

#51260000
0!
0[

#51265000
1!
b11010000001 ;
1[
b11010000001 w

#51266000
b11110000110000 y

#51270000
0!
0[

#51275000
1!
b11010000010 ;
1[
b11010000010 w

#51276000
b11110000110011 y

#51280000
0!
0[

#51285000
1!
b11010000011 ;
1[
b11010000011 w

#51286000
b11110000110110 y

#51290000
0!
0[

#51295000
1!
b11010000100 ;
1[
b11010000100 w

#51296000
b11110000111001 y

#51300000
0!
0[

#51305000
1!
b11010000101 ;
1[
b11010000101 w

#51306000
b11110000111100 y

#51310000
0!
0[

#51315000
1!
b11010000110 ;
1[
b11010000110 w

#51316000
b11110000111111 y

#51320000
0!
0[

#51325000
1!
b11010000111 ;
1[
b11010000111 w

#51326000
b11110001000010 y

#51330000
0!
0[

#51335000
1!
b11010001000 ;
1[
b11010001000 w

#51336000
b11110001000101 y

#51340000
0!
0[

#51345000
1!
b11010001001 ;
1[
b11010001001 w

#51346000
b11110001001000 y

#51350000
0!
0[

#51355000
1!
b11010001010 ;
1[
b11010001010 w

#51356000
b11110001001011 y

#51360000
0!
0[

#51365000
1!
b11010001011 ;
1[
b11010001011 w

#51366000
b11110001001110 y

#51370000
0!
0[

#51375000
1!
b11010001100 ;
1[
b11010001100 w

#51376000
b11110001010001 y

#51380000
0!
0[

#51385000
1!
b11010001101 ;
1[
b11010001101 w

#51386000
b11110001010100 y

#51390000
0!
0[

#51395000
1!
b11010001110 ;
1[
b11010001110 w

#51396000
b11110001010111 y

#51400000
0!
0[

#51405000
1!
b11010001111 ;
1[
b11010001111 w

#51406000
b11110001011010 y

#51410000
0!
0[

#51415000
1!
b11010010000 ;
1[
b11010010000 w

#51416000
b11110001011101 y

#51420000
0!
0[

#51425000
1!
b11010010001 ;
1[
b11010010001 w

#51426000
b11110001100000 y

#51430000
0!
0[

#51435000
1!
b11010010010 ;
1[
b11010010010 w

#51436000
b11110001100011 y

#51440000
0!
0[

#51445000
1!
b11010010011 ;
1[
b11010010011 w

#51446000
b11110001100110 y

#51450000
0!
0[

#51455000
1!
b11010010100 ;
1[
b11010010100 w

#51456000
b11110001101001 y

#51460000
0!
0[

#51465000
1!
b11010010101 ;
1[
b11010010101 w

#51466000
b11110001101100 y

#51470000
0!
0[

#51475000
1!
b11010010110 ;
1[
b11010010110 w

#51476000
b11110001101111 y

#51480000
0!
0[

#51485000
1!
b11010010111 ;
1[
b11010010111 w

#51486000
b11110001110010 y

#51490000
0!
0[

#51495000
1!
b11010011000 ;
1[
b11010011000 w

#51496000
b11110001110101 y

#51500000
0!
0[

#51505000
1!
b11010011001 ;
1[
b11010011001 w

#51506000
b11110001111000 y

#51510000
0!
0[

#51515000
1!
b11010011010 ;
1[
b11010011010 w

#51516000
b11110001111011 y

#51520000
0!
0[

#51525000
1!
b11010011011 ;
1[
b11010011011 w

#51526000
b11110001111110 y

#51530000
0!
0[

#51535000
1!
b11010011100 ;
1[
b11010011100 w

#51536000
b11110010000001 y

#51540000
0!
0[

#51545000
1!
b11010011101 ;
1[
b11010011101 w

#51546000
b11110010000100 y

#51550000
0!
0[

#51555000
1!
b11010011110 ;
1[
b11010011110 w

#51556000
b11110010000111 y

#51560000
0!
0[

#51565000
1!
b11010011111 ;
1[
b11010011111 w

#51566000
b11110010001010 y

#51570000
0!
0[

#51575000
1!
b11010100000 ;
1[
b11010100000 w

#51576000
b11110010001101 y

#51580000
0!
0[

#51585000
1!
b11010100001 ;
1[
b11010100001 w

#51586000
b11110010010000 y

#51590000
0!
0[

#51595000
1!
b11010100010 ;
1[
b11010100010 w

#51596000
b11110010010011 y

#51600000
0!
0[

#51605000
1!
b11010100011 ;
1[
b11010100011 w

#51606000
b11110010010110 y

#51610000
0!
0[

#51615000
1!
b11010100100 ;
1[
b11010100100 w

#51616000
b11110010011001 y

#51620000
0!
0[

#51625000
1!
b11010100101 ;
1[
b11010100101 w

#51626000
b11110010011100 y

#51630000
0!
0[

#51635000
1!
b11010100110 ;
1[
b11010100110 w

#51636000
b11110010011111 y

#51640000
0!
0[

#51645000
1!
b11010100111 ;
1[
b11010100111 w

#51646000
b11110010100010 y

#51650000
0!
0[

#51655000
1!
b11010101000 ;
1[
b11010101000 w

#51656000
b11110010100101 y

#51660000
0!
0[

#51665000
1!
b11010101001 ;
1[
b11010101001 w

#51666000
b11110010101000 y

#51670000
0!
0[

#51675000
1!
b11010101010 ;
1[
b11010101010 w

#51676000
b11110010101011 y

#51680000
0!
0[

#51685000
1!
b11010101011 ;
1[
b11010101011 w

#51686000
b11110010101110 y

#51690000
0!
0[

#51695000
1!
b11010101100 ;
1[
b11010101100 w

#51696000
b11110010110001 y

#51700000
0!
0[

#51705000
1!
b11010101101 ;
1[
b11010101101 w

#51706000
b11110010110100 y

#51710000
0!
0[

#51715000
1!
b11010101110 ;
1[
b11010101110 w

#51716000
b11110010110111 y

#51720000
0!
0[

#51725000
1!
b11010101111 ;
1[
b11010101111 w

#51726000
b11110010111010 y

#51730000
0!
0[

#51735000
1!
b11010110000 ;
1[
b11010110000 w

#51736000
b11110010111101 y

#51740000
0!
0[

#51745000
1!
b11010110001 ;
1[
b11010110001 w

#51746000
b11110011000000 y

#51750000
0!
0[

#51755000
1!
b11010110010 ;
1[
b11010110010 w

#51756000
b11110011000011 y

#51760000
0!
0[

#51765000
1!
b11010110011 ;
1[
b11010110011 w

#51766000
b11110011000110 y

#51770000
0!
0[

#51775000
1!
b11010110100 ;
1[
b11010110100 w

#51776000
b11110011001001 y

#51780000
0!
0[

#51785000
1!
b11010110101 ;
1[
b11010110101 w

#51786000
b11110011001100 y

#51790000
0!
0[

#51795000
1!
b11010110110 ;
1[
b11010110110 w

#51796000
b11110011001111 y

#51800000
0!
0[

#51805000
1!
b11010110111 ;
1[
b11010110111 w

#51806000
b11110011010010 y

#51810000
0!
0[

#51815000
1!
b11010111000 ;
1[
b11010111000 w

#51816000
b11110011010101 y

#51820000
0!
0[

#51825000
1!
b11010111001 ;
1[
b11010111001 w

#51826000
b11110011011000 y

#51830000
0!
0[

#51835000
1!
b11010111010 ;
1[
b11010111010 w

#51836000
b11110011011011 y

#51840000
0!
0[

#51845000
1!
b11010111011 ;
1[
b11010111011 w

#51846000
b11110011011110 y

#51850000
0!
0[

#51855000
1!
b11010111100 ;
1[
b11010111100 w

#51856000
b11110011100001 y

#51860000
0!
0[

#51865000
1!
b11010111101 ;
1[
b11010111101 w

#51866000
b11110011100100 y

#51870000
0!
0[

#51875000
1!
b11010111110 ;
1[
b11010111110 w

#51876000
b11110011100111 y

#51880000
0!
0[

#51885000
1!
b11010111111 ;
1[
b11010111111 w

#51886000
b11110011101010 y

#51890000
0!
0[

#51895000
1!
b11011000000 ;
1[
b11011000000 w

#51896000
b11110011101101 y

#51900000
0!
0[

#51905000
1!
b11011000001 ;
1[
b11011000001 w

#51906000
b11110011110000 y

#51910000
0!
0[

#51915000
1!
b11011000010 ;
1[
b11011000010 w

#51916000
b11110011110011 y

#51920000
0!
0[

#51925000
1!
b11011000011 ;
1[
b11011000011 w

#51926000
b11110011110110 y

#51930000
0!
0[

#51935000
1!
b11011000100 ;
1[
b11011000100 w

#51936000
b11110011111001 y

#51940000
0!
0[

#51945000
1!
b11011000101 ;
1[
b11011000101 w

#51946000
b11110011111100 y

#51950000
0!
0[

#51955000
1!
b11011000110 ;
1[
b11011000110 w

#51956000
b11110011111111 y

#51960000
0!
0[

#51965000
1!
b11011000111 ;
1[
b11011000111 w

#51966000
b11110100000010 y

#51970000
0!
0[

#51975000
1!
b11011001000 ;
1[
b11011001000 w

#51976000
b11110100000101 y

#51980000
0!
0[

#51985000
1!
b11011001001 ;
1[
b11011001001 w

#51986000
b11110100001000 y

#51990000
0!
0[

#51995000
1!
b11011001010 ;
1[
b11011001010 w

#51996000
b11110100001011 y

#52000000
0!
0[

#52005000
1!
b11011001011 ;
1[
b11011001011 w

#52006000
b11110100001110 y

#52010000
0!
0[

#52015000
1!
b11011001100 ;
1[
b11011001100 w

#52016000
b11110100010001 y

#52020000
0!
0[

#52025000
1!
b11011001101 ;
1[
b11011001101 w

#52026000
b11110100010100 y

#52030000
0!
0[

#52035000
1!
b11011001110 ;
1[
b11011001110 w

#52036000
b11110100010111 y

#52040000
0!
0[

#52045000
1!
b11011001111 ;
1[
b11011001111 w

#52046000
b11110100011010 y

#52050000
0!
0[

#52055000
1!
b11011010000 ;
1[
b11011010000 w

#52056000
b11110100011101 y

#52060000
0!
0[

#52065000
1!
b11011010001 ;
1[
b11011010001 w

#52066000
b11110100100000 y

#52070000
0!
0[

#52075000
1!
b11011010010 ;
1[
b11011010010 w

#52076000
b11110100100011 y

#52080000
0!
0[

#52085000
1!
b11011010011 ;
1[
b11011010011 w

#52086000
b11110100100110 y

#52090000
0!
0[

#52095000
1!
b11011010100 ;
1[
b11011010100 w

#52096000
b11110100101001 y

#52100000
0!
0[

#52105000
1!
b11011010101 ;
1[
b11011010101 w

#52106000
b11110100101100 y

#52110000
0!
0[

#52115000
1!
b11011010110 ;
1[
b11011010110 w

#52116000
b11110100101111 y

#52120000
0!
0[

#52125000
1!
b11011010111 ;
1[
b11011010111 w

#52126000
b11110100110010 y

#52130000
0!
0[

#52135000
1!
b11011011000 ;
1[
b11011011000 w

#52136000
b11110100110101 y

#52140000
0!
0[

#52145000
1!
b11011011001 ;
1[
b11011011001 w

#52146000
b11110100111000 y

#52150000
0!
0[

#52155000
1!
b11011011010 ;
1[
b11011011010 w

#52156000
b11110100111011 y

#52160000
0!
0[

#52165000
1!
b11011011011 ;
1[
b11011011011 w

#52166000
b11110100111110 y

#52170000
0!
0[

#52175000
1!
b11011011100 ;
1[
b11011011100 w

#52176000
b11110101000001 y

#52180000
0!
0[

#52185000
1!
b11011011101 ;
1[
b11011011101 w

#52186000
b11110101000100 y

#52190000
0!
0[

#52195000
1!
b11011011110 ;
1[
b11011011110 w

#52196000
b11110101000111 y

#52200000
0!
0[

#52205000
1!
b11011011111 ;
1[
b11011011111 w

#52206000
b11110101001010 y

#52210000
0!
0[

#52215000
1!
b11011100000 ;
1[
b11011100000 w

#52216000
b11110101001101 y

#52220000
0!
0[

#52225000
1!
b11011100001 ;
1[
b11011100001 w

#52226000
b11110101010000 y

#52230000
0!
0[

#52235000
1!
b11011100010 ;
1[
b11011100010 w

#52236000
b11110101010011 y

#52240000
0!
0[

#52245000
1!
b11011100011 ;
1[
b11011100011 w

#52246000
b11110101010110 y

#52250000
0!
0[

#52255000
1!
b11011100100 ;
1[
b11011100100 w

#52256000
b11110101011001 y

#52260000
0!
0[

#52265000
1!
b11011100101 ;
1[
b11011100101 w

#52266000
b11110101011100 y

#52270000
0!
0[

#52275000
1!
b11011100110 ;
1[
b11011100110 w

#52276000
b11110101011111 y

#52280000
0!
0[

#52285000
1!
b11011100111 ;
1[
b11011100111 w

#52286000
b11110101100010 y

#52290000
0!
0[

#52295000
1!
b11011101000 ;
1[
b11011101000 w

#52296000
b11110101100101 y

#52300000
0!
0[

#52305000
1!
b11011101001 ;
1[
b11011101001 w

#52306000
b11110101101000 y

#52310000
0!
0[

#52315000
1!
b11011101010 ;
1[
b11011101010 w

#52316000
b11110101101011 y

#52320000
0!
0[

#52325000
1!
b11011101011 ;
1[
b11011101011 w

#52326000
b11110101101110 y

#52330000
0!
0[

#52335000
1!
b11011101100 ;
1[
b11011101100 w

#52336000
b11110101110001 y

#52340000
0!
0[

#52345000
1!
b11011101101 ;
1[
b11011101101 w

#52346000
b11110101110100 y

#52350000
0!
0[

#52355000
1!
b11011101110 ;
1[
b11011101110 w

#52356000
b11110101110111 y

#52360000
0!
0[

#52365000
1!
b11011101111 ;
1[
b11011101111 w

#52366000
b11110101111010 y

#52370000
0!
0[

#52375000
1!
b11011110000 ;
1[
b11011110000 w

#52376000
b11110101111101 y

#52380000
0!
0[

#52385000
1!
b11011110001 ;
1[
b11011110001 w

#52386000
b11110110000000 y

#52390000
0!
0[

#52395000
1!
b11011110010 ;
1[
b11011110010 w

#52396000
b11110110000011 y

#52400000
0!
0[

#52405000
1!
b11011110011 ;
1[
b11011110011 w

#52406000
b11110110000110 y

#52410000
0!
0[

#52415000
1!
b11011110100 ;
1[
b11011110100 w

#52416000
b11110110001001 y

#52420000
0!
0[

#52425000
1!
b11011110101 ;
1[
b11011110101 w

#52426000
b11110110001100 y

#52430000
0!
0[

#52435000
1!
b11011110110 ;
1[
b11011110110 w

#52436000
b11110110001111 y

#52440000
0!
0[

#52445000
1!
b11011110111 ;
1[
b11011110111 w

#52446000
b11110110010010 y

#52450000
0!
0[

#52455000
1!
b11011111000 ;
1[
b11011111000 w

#52456000
b11110110010101 y

#52460000
0!
0[

#52465000
1!
b11011111001 ;
1[
b11011111001 w

#52466000
b11110110011000 y

#52470000
0!
0[

#52475000
1!
b11011111010 ;
1[
b11011111010 w

#52476000
b11110110011011 y

#52480000
0!
0[

#52485000
1!
b11011111011 ;
1[
b11011111011 w

#52486000
b11110110011110 y

#52490000
0!
0[

#52495000
1!
b11011111100 ;
1[
b11011111100 w

#52496000
b11110110100001 y

#52500000
0!
0[

#52505000
1!
b11011111101 ;
1[
b11011111101 w

#52506000
b11110110100100 y

#52510000
0!
0[

#52515000
1!
b11011111110 ;
1[
b11011111110 w

#52516000
b11110110100111 y

#52520000
0!
0[

#52525000
1!
b11011111111 ;
1[
b11011111111 w

#52526000
b11110110101010 y

#52530000
0!
0[

#52535000
1!
b11100000000 ;
1[
b11100000000 w

#52536000
b11110110101101 y

#52540000
0!
0[

#52545000
1!
b11100000001 ;
1[
b11100000001 w

#52546000
b11110110110000 y

#52550000
0!
0[

#52555000
1!
b11100000010 ;
1[
b11100000010 w

#52556000
b11110110110011 y

#52560000
0!
0[

#52565000
1!
b11100000011 ;
1[
b11100000011 w

#52566000
b11110110110110 y

#52570000
0!
0[

#52575000
1!
b11100000100 ;
1[
b11100000100 w

#52576000
b11110110111001 y

#52580000
0!
0[

#52585000
1!
b11100000101 ;
1[
b11100000101 w

#52586000
b11110110111100 y

#52590000
0!
0[

#52595000
1!
b11100000110 ;
1[
b11100000110 w

#52596000
b11110110111111 y

#52600000
0!
0[

#52605000
1!
b11100000111 ;
1[
b11100000111 w

#52606000
b11110111000010 y

#52610000
0!
0[

#52615000
1!
b11100001000 ;
1[
b11100001000 w

#52616000
b11110111000101 y

#52620000
0!
0[

#52625000
1!
b11100001001 ;
1[
b11100001001 w

#52626000
b11110111001000 y

#52630000
0!
0[

#52635000
1!
b11100001010 ;
1[
b11100001010 w

#52636000
b11110111001011 y

#52640000
0!
0[

#52645000
1!
b11100001011 ;
1[
b11100001011 w

#52646000
b11110111001110 y

#52650000
0!
0[

#52655000
1!
b11100001100 ;
1[
b11100001100 w

#52656000
b11110111010001 y

#52660000
0!
0[

#52665000
1!
b11100001101 ;
1[
b11100001101 w

#52666000
b11110111010100 y

#52670000
0!
0[

#52675000
1!
b11100001110 ;
1[
b11100001110 w

#52676000
b11110111010111 y

#52680000
0!
0[

#52685000
1!
b11100001111 ;
1[
b11100001111 w

#52686000
b11110111011010 y

#52690000
0!
0[

#52695000
1!
b11100010000 ;
1[
b11100010000 w

#52696000
b11110111011101 y

#52700000
0!
0[

#52705000
1!
b11100010001 ;
1[
b11100010001 w

#52706000
b11110111100000 y

#52710000
0!
0[

#52715000
1!
b11100010010 ;
1[
b11100010010 w

#52716000
b11110111100011 y

#52720000
0!
0[

#52725000
1!
b11100010011 ;
1[
b11100010011 w

#52726000
b11110111100110 y

#52730000
0!
0[

#52735000
1!
b11100010100 ;
1[
b11100010100 w

#52736000
b11110111101001 y

#52740000
0!
0[

#52745000
1!
b11100010101 ;
1[
b11100010101 w

#52746000
b11110111101100 y

#52750000
0!
0[

#52755000
1!
b11100010110 ;
1[
b11100010110 w

#52756000
b11110111101111 y

#52760000
0!
0[

#52765000
1!
b11100010111 ;
1[
b11100010111 w

#52766000
b11110111110010 y

#52770000
0!
0[

#52775000
1!
b11100011000 ;
1[
b11100011000 w

#52776000
b11110111110101 y

#52780000
0!
0[

#52785000
1!
b11100011001 ;
1[
b11100011001 w

#52786000
b11110111111000 y

#52790000
0!
0[

#52795000
1!
b11100011010 ;
1[
b11100011010 w

#52796000
b11110111111011 y

#52800000
0!
0[

#52805000
1!
b11100011011 ;
1[
b11100011011 w

#52806000
b11110111111110 y

#52810000
0!
0[

#52815000
1!
b11100011100 ;
1[
b11100011100 w

#52816000
b11111000000001 y

#52820000
0!
0[

#52825000
1!
b11100011101 ;
1[
b11100011101 w

#52826000
b11111000000100 y

#52830000
0!
0[

#52835000
1!
b11100011110 ;
1[
b11100011110 w

#52836000
b11111000000111 y

#52840000
0!
0[

#52845000
1!
b11100011111 ;
1[
b11100011111 w

#52846000
b11111000001010 y

#52850000
0!
0[

#52855000
1!
b11100100000 ;
1[
b11100100000 w

#52856000
b11111000001101 y

#52860000
0!
0[

#52865000
1!
b11100100001 ;
1[
b11100100001 w

#52866000
b11111000010000 y

#52870000
0!
0[

#52875000
1!
b11100100010 ;
1[
b11100100010 w

#52876000
b11111000010011 y

#52880000
0!
0[

#52885000
1!
b11100100011 ;
1[
b11100100011 w

#52886000
b11111000010110 y

#52890000
0!
0[

#52895000
1!
b11100100100 ;
1[
b11100100100 w

#52896000
b11111000011001 y

#52900000
0!
0[

#52905000
1!
b11100100101 ;
1[
b11100100101 w

#52906000
b11111000011100 y

#52910000
0!
0[

#52915000
1!
b11100100110 ;
1[
b11100100110 w

#52916000
b11111000011111 y

#52920000
0!
0[

#52925000
1!
b11100100111 ;
1[
b11100100111 w

#52926000
b11111000100010 y

#52930000
0!
0[

#52935000
1!
b11100101000 ;
1[
b11100101000 w

#52936000
b11111000100101 y

#52940000
0!
0[

#52945000
1!
b11100101001 ;
1[
b11100101001 w

#52946000
b11111000101000 y

#52950000
0!
0[

#52955000
1!
b11100101010 ;
1[
b11100101010 w

#52956000
b11111000101011 y

#52960000
0!
0[

#52965000
1!
b11100101011 ;
1[
b11100101011 w

#52966000
b11111000101110 y

#52970000
0!
0[

#52975000
1!
b11100101100 ;
1[
b11100101100 w

#52976000
b11111000110001 y

#52980000
0!
0[

#52985000
1!
b11100101101 ;
1[
b11100101101 w

#52986000
b11111000110100 y

#52990000
0!
0[

#52995000
1!
b11100101110 ;
1[
b11100101110 w

#52996000
b11111000110111 y

#53000000
0!
0[

#53005000
1!
b11100101111 ;
1[
b11100101111 w

#53006000
b11111000111010 y

#53010000
0!
0[

#53015000
1!
b11100110000 ;
1[
b11100110000 w

#53016000
b11111000111101 y

#53020000
0!
0[

#53025000
1!
b11100110001 ;
1[
b11100110001 w

#53026000
b11111001000000 y

#53030000
0!
0[

#53035000
1!
b11100110010 ;
1[
b11100110010 w

#53036000
b11111001000011 y

#53040000
0!
0[

#53045000
1!
b11100110011 ;
1[
b11100110011 w

#53046000
b11111001000110 y

#53050000
0!
0[

#53055000
1!
b11100110100 ;
1[
b11100110100 w

#53056000
b11111001001001 y

#53060000
0!
0[

#53065000
1!
b11100110101 ;
1[
b11100110101 w

#53066000
b11111001001100 y

#53070000
0!
0[

#53075000
1!
b11100110110 ;
1[
b11100110110 w

#53076000
b11111001001111 y

#53080000
0!
0[

#53085000
1!
b11100110111 ;
1[
b11100110111 w

#53086000
b11111001010010 y

#53090000
0!
0[

#53095000
1!
b11100111000 ;
1[
b11100111000 w

#53096000
b11111001010101 y

#53100000
0!
0[

#53105000
1!
b11100111001 ;
1[
b11100111001 w

#53106000
b11111001011000 y

#53110000
0!
0[

#53115000
1!
b11100111010 ;
1[
b11100111010 w

#53116000
b11111001011011 y

#53120000
0!
0[

#53125000
1!
b11100111011 ;
1[
b11100111011 w

#53126000
b11111001011110 y

#53130000
0!
0[

#53135000
1!
b11100111100 ;
1[
b11100111100 w

#53136000
b11111001100001 y

#53140000
0!
0[

#53145000
1!
b11100111101 ;
1[
b11100111101 w

#53146000
b11111001100100 y

#53150000
0!
0[

#53155000
1!
b11100111110 ;
1[
b11100111110 w

#53156000
b11111001100111 y

#53160000
0!
0[

#53165000
1!
b11100111111 ;
1[
b11100111111 w

#53166000
b11111001101010 y

#53170000
0!
0[

#53175000
1!
b11101000000 ;
1[
b11101000000 w

#53176000
b11111001101101 y

#53180000
0!
0[

#53185000
1!
b11101000001 ;
1[
b11101000001 w

#53186000
b11111001110000 y

#53190000
0!
0[

#53195000
1!
b11101000010 ;
1[
b11101000010 w

#53196000
b11111001110011 y

#53200000
0!
0[

#53205000
1!
b11101000011 ;
1[
b11101000011 w

#53206000
b11111001110110 y

#53210000
0!
0[

#53215000
1!
b11101000100 ;
1[
b11101000100 w

#53216000
b11111001111001 y

#53220000
0!
0[

#53225000
1!
b11101000101 ;
1[
b11101000101 w

#53226000
b11111001111100 y

#53230000
0!
0[

#53235000
1!
b11101000110 ;
1[
b11101000110 w

#53236000
b11111001111111 y

#53240000
0!
0[

#53245000
1!
b11101000111 ;
1[
b11101000111 w

#53246000
b11111010000010 y

#53250000
0!
0[

#53255000
1!
b11101001000 ;
1[
b11101001000 w

#53256000
b11111010000101 y

#53260000
0!
0[

#53265000
1!
b11101001001 ;
1[
b11101001001 w

#53266000
b11111010001000 y

#53270000
0!
0[

#53275000
1!
b11101001010 ;
1[
b11101001010 w

#53276000
b11111010001011 y

#53280000
0!
0[

#53285000
1!
b11101001011 ;
1[
b11101001011 w

#53286000
b11111010001110 y

#53290000
0!
0[

#53295000
1!
b11101001100 ;
1[
b11101001100 w

#53296000
b11111010010001 y

#53300000
0!
0[

#53305000
1!
b11101001101 ;
1[
b11101001101 w

#53306000
b11111010010100 y

#53310000
0!
0[

#53315000
1!
b11101001110 ;
1[
b11101001110 w

#53316000
b11111010010111 y

#53320000
0!
0[

#53325000
1!
b11101001111 ;
1[
b11101001111 w

#53326000
b11111010011010 y

#53330000
0!
0[

#53335000
1!
b11101010000 ;
1[
b11101010000 w

#53336000
b11111010011101 y

#53340000
0!
0[

#53345000
1!
b11101010001 ;
1[
b11101010001 w

#53346000
b11111010100000 y

#53350000
0!
0[

#53355000
1!
b11101010010 ;
1[
b11101010010 w

#53356000
b11111010100011 y

#53360000
0!
0[

#53365000
1!
b11101010011 ;
1[
b11101010011 w

#53366000
b11111010100110 y

#53370000
0!
0[

#53375000
1!
b11101010100 ;
1[
b11101010100 w

#53376000
b11111010101001 y

#53380000
0!
0[

#53385000
1!
b11101010101 ;
1[
b11101010101 w

#53386000
b11111010101100 y

#53390000
0!
0[

#53395000
1!
b11101010110 ;
1[
b11101010110 w

#53396000
b11111010101111 y

#53400000
0!
0[

#53405000
1!
b11101010111 ;
1[
b11101010111 w

#53406000
b11111010110010 y

#53410000
0!
0[

#53415000
1!
b11101011000 ;
1[
b11101011000 w

#53416000
b11111010110101 y

#53420000
0!
0[

#53425000
1!
b11101011001 ;
1[
b11101011001 w

#53426000
b11111010111000 y

#53430000
0!
0[

#53435000
1!
b11101011010 ;
1[
b11101011010 w

#53436000
b11111010111011 y

#53440000
0!
0[

#53445000
1!
b11101011011 ;
1[
b11101011011 w

#53446000
b11111010111110 y

#53450000
0!
0[

#53455000
1!
b11101011100 ;
1[
b11101011100 w

#53456000
b11111011000001 y

#53460000
0!
0[

#53465000
1!
b11101011101 ;
1[
b11101011101 w

#53466000
b11111011000100 y

#53470000
0!
0[

#53475000
1!
b11101011110 ;
1[
b11101011110 w

#53476000
b11111011000111 y

#53480000
0!
0[

#53485000
1!
b11101011111 ;
1[
b11101011111 w

#53486000
b11111011001010 y

#53490000
0!
0[

#53495000
1!
b11101100000 ;
1[
b11101100000 w

#53496000
b11111011001101 y

#53500000
0!
0[

#53505000
1!
b11101100001 ;
1[
b11101100001 w

#53506000
b11111011010000 y

#53510000
0!
0[

#53515000
1!
b11101100010 ;
1[
b11101100010 w

#53516000
b11111011010011 y

#53520000
0!
0[

#53525000
1!
b11101100011 ;
1[
b11101100011 w

#53526000
b11111011010110 y

#53530000
0!
0[

#53535000
1!
b11101100100 ;
1[
b11101100100 w

#53536000
b11111011011001 y

#53540000
0!
0[

#53545000
1!
b11101100101 ;
1[
b11101100101 w

#53546000
b11111011011100 y

#53550000
0!
0[

#53555000
1!
b11101100110 ;
1[
b11101100110 w

#53556000
b11111011011111 y

#53560000
0!
0[

#53565000
1!
b11101100111 ;
1[
b11101100111 w

#53566000
b11111011100010 y

#53570000
0!
0[

#53575000
1!
b11101101000 ;
1[
b11101101000 w

#53576000
b11111011100101 y

#53580000
0!
0[

#53585000
1!
b11101101001 ;
1[
b11101101001 w

#53586000
b11111011101000 y

#53590000
0!
0[

#53595000
1!
b11101101010 ;
1[
b11101101010 w

#53596000
b11111011101011 y

#53600000
0!
0[

#53605000
1!
b11101101011 ;
1[
b11101101011 w

#53606000
b11111011101110 y

#53610000
0!
0[

#53615000
1!
b11101101100 ;
1[
b11101101100 w

#53616000
b11111011110001 y

#53620000
0!
0[

#53625000
1!
b11101101101 ;
1[
b11101101101 w

#53626000
b11111011110100 y

#53630000
0!
0[

#53635000
1!
b11101101110 ;
1[
b11101101110 w

#53636000
b11111011110111 y

#53640000
0!
0[

#53645000
1!
b11101101111 ;
1[
b11101101111 w

#53646000
b11111011111010 y

#53650000
0!
0[

#53655000
1!
b11101110000 ;
1[
b11101110000 w

#53656000
b11111011111101 y

#53660000
0!
0[

#53665000
1!
b11101110001 ;
1[
b11101110001 w

#53666000
b11111100000000 y

#53670000
0!
0[

#53675000
1!
b11101110010 ;
1[
b11101110010 w

#53676000
b11111100000011 y

#53680000
0!
0[

#53685000
1!
b11101110011 ;
1[
b11101110011 w

#53686000
b11111100000110 y

#53690000
0!
0[

#53695000
1!
b11101110100 ;
1[
b11101110100 w

#53696000
b11111100001001 y

#53700000
0!
0[

#53705000
1!
b11101110101 ;
1[
b11101110101 w

#53706000
b11111100001100 y

#53710000
0!
0[

#53715000
1!
b11101110110 ;
1[
b11101110110 w

#53716000
b11111100001111 y

#53720000
0!
0[

#53725000
1!
b11101110111 ;
1[
b11101110111 w

#53726000
b11111100010010 y

#53730000
0!
0[

#53735000
1!
b11101111000 ;
1[
b11101111000 w

#53736000
b11111100010101 y

#53740000
0!
0[

#53745000
1!
b11101111001 ;
1[
b11101111001 w

#53746000
b11111100011000 y

#53750000
0!
0[

#53755000
1!
b11101111010 ;
1[
b11101111010 w

#53756000
b11111100011011 y

#53760000
0!
0[

#53765000
1!
b11101111011 ;
1[
b11101111011 w

#53766000
b11111100011110 y

#53770000
0!
0[

#53775000
1!
b11101111100 ;
1[
b11101111100 w

#53776000
b11111100100001 y

#53780000
0!
0[

#53785000
1!
b11101111101 ;
1[
b11101111101 w

#53786000
b11111100100100 y

#53790000
0!
0[

#53795000
1!
b11101111110 ;
1[
b11101111110 w

#53796000
b11111100100111 y

#53800000
0!
0[

#53805000
1!
b11101111111 ;
1[
b11101111111 w

#53806000
b11111100101010 y

#53810000
0!
0[

#53815000
1!
b11110000000 ;
1[
b11110000000 w

#53816000
b11111100101101 y

#53820000
0!
0[

#53825000
1!
b11110000001 ;
1[
b11110000001 w

#53826000
b11111100110000 y

#53830000
0!
0[

#53835000
1!
b11110000010 ;
1[
b11110000010 w

#53836000
b11111100110011 y

#53840000
0!
0[

#53845000
1!
b11110000011 ;
1[
b11110000011 w

#53846000
b11111100110110 y

#53850000
0!
0[

#53855000
1!
b11110000100 ;
1[
b11110000100 w

#53856000
b11111100111001 y

#53860000
0!
0[

#53865000
1!
b11110000101 ;
1[
b11110000101 w

#53866000
b11111100111100 y

#53870000
0!
0[

#53875000
1!
b11110000110 ;
1[
b11110000110 w

#53876000
b11111100111111 y

#53880000
0!
0[

#53885000
1!
b11110000111 ;
1[
b11110000111 w

#53886000
b11111101000010 y

#53890000
0!
0[

#53895000
1!
b11110001000 ;
1[
b11110001000 w

#53896000
b11111101000101 y

#53900000
0!
0[

#53905000
1!
b11110001001 ;
1[
b11110001001 w

#53906000
b11111101001000 y

#53910000
0!
0[

#53915000
1!
b11110001010 ;
1[
b11110001010 w

#53916000
b11111101001011 y

#53920000
0!
0[

#53925000
1!
b11110001011 ;
1[
b11110001011 w

#53926000
b11111101001110 y

#53930000
0!
0[

#53935000
1!
b11110001100 ;
1[
b11110001100 w

#53936000
b11111101010001 y

#53940000
0!
0[

#53945000
1!
b11110001101 ;
1[
b11110001101 w

#53946000
b11111101010100 y

#53950000
0!
0[

#53955000
1!
b11110001110 ;
1[
b11110001110 w

#53956000
b11111101010111 y

#53960000
0!
0[

#53965000
1!
b11110001111 ;
1[
b11110001111 w

#53966000
b11111101011010 y

#53970000
0!
0[

#53975000
1!
b11110010000 ;
1[
b11110010000 w

#53976000
b11111101011101 y

#53980000
0!
0[

#53985000
1!
b11110010001 ;
1[
b11110010001 w

#53986000
b11111101100000 y

#53990000
0!
0[

#53995000
1!
b11110010010 ;
1[
b11110010010 w

#53996000
b11111101100011 y

#54000000
0!
0[

#54005000
1!
b11110010011 ;
1[
b11110010011 w

#54006000
b11111101100110 y

#54010000
0!
0[

#54015000
1!
b11110010100 ;
1[
b11110010100 w

#54016000
b11111101101001 y

#54020000
0!
0[

#54025000
1!
b11110010101 ;
1[
b11110010101 w

#54026000
b11111101101100 y

#54030000
0!
0[

#54035000
1!
b11110010110 ;
1[
b11110010110 w

#54036000
b11111101101111 y

#54040000
0!
0[

#54045000
1!
b11110010111 ;
1[
b11110010111 w

#54046000
b11111101110010 y

#54050000
0!
0[

#54055000
1!
b11110011000 ;
1[
b11110011000 w

#54056000
b11111101110101 y

#54060000
0!
0[

#54065000
1!
b11110011001 ;
1[
b11110011001 w

#54066000
b11111101111000 y

#54070000
0!
0[

#54075000
1!
b11110011010 ;
1[
b11110011010 w

#54076000
b11111101111011 y

#54080000
0!
0[

#54085000
1!
b11110011011 ;
1[
b11110011011 w

#54086000
b11111101111110 y

#54090000
0!
0[

#54095000
1!
b11110011100 ;
1[
b11110011100 w

#54096000
b11111110000001 y

#54100000
0!
0[

#54105000
1!
b11110011101 ;
1[
b11110011101 w

#54106000
b11111110000100 y

#54110000
0!
0[

#54115000
1!
b11110011110 ;
1[
b11110011110 w

#54116000
b11111110000111 y

#54120000
0!
0[

#54125000
1!
b11110011111 ;
1[
b11110011111 w

#54126000
b11111110001010 y

#54130000
0!
0[

#54135000
1!
b11110100000 ;
1[
b11110100000 w

#54136000
b11111110001101 y

#54140000
0!
0[

#54145000
1!
b11110100001 ;
1[
b11110100001 w

#54146000
b11111110010000 y

#54150000
0!
0[

#54155000
1!
b11110100010 ;
1[
b11110100010 w

#54156000
b11111110010011 y

#54160000
0!
0[

#54165000
1!
b11110100011 ;
1[
b11110100011 w

#54166000
b11111110010110 y

#54170000
0!
0[

#54175000
1!
b11110100100 ;
1[
b11110100100 w

#54176000
b11111110011001 y

#54180000
0!
0[

#54185000
1!
b11110100101 ;
1[
b11110100101 w

#54186000
b11111110011100 y

#54190000
0!
0[

#54195000
1!
b11110100110 ;
1[
b11110100110 w

#54196000
b11111110011111 y

#54200000
0!
0[

#54205000
1!
b11110100111 ;
1[
b11110100111 w

#54206000
b11111110100010 y

#54210000
0!
0[

#54215000
1!
b11110101000 ;
1[
b11110101000 w

#54216000
b11111110100101 y

#54220000
0!
0[

#54225000
1!
b11110101001 ;
1[
b11110101001 w

#54226000
b11111110101000 y

#54230000
0!
0[

#54235000
1!
b11110101010 ;
1[
b11110101010 w

#54236000
b11111110101011 y

#54240000
0!
0[

#54245000
1!
b11110101011 ;
1[
b11110101011 w

#54246000
b11111110101110 y

#54250000
0!
0[

#54255000
1!
b11110101100 ;
1[
b11110101100 w

#54256000
b11111110110001 y

#54260000
0!
0[

#54265000
1!
b11110101101 ;
1[
b11110101101 w

#54266000
b11111110110100 y

#54270000
0!
0[

#54275000
1!
b11110101110 ;
1[
b11110101110 w

#54276000
b11111110110111 y

#54280000
0!
0[

#54285000
1!
b11110101111 ;
1[
b11110101111 w

#54286000
b11111110111010 y

#54290000
0!
0[

#54295000
1!
b11110110000 ;
1[
b11110110000 w

#54296000
b11111110111101 y

#54300000
0!
0[

#54305000
1!
b11110110001 ;
1[
b11110110001 w

#54306000
b11111111000000 y

#54310000
0!
0[

#54315000
1!
b11110110010 ;
1[
b11110110010 w

#54316000
b11111111000011 y

#54320000
0!
0[

#54325000
1!
b11110110011 ;
1[
b11110110011 w

#54326000
b11111111000110 y

#54330000
0!
0[

#54335000
1!
b11110110100 ;
1[
b11110110100 w

#54336000
b11111111001001 y

#54340000
0!
0[

#54345000
1!
b11110110101 ;
1[
b11110110101 w

#54346000
b11111111001100 y

#54350000
0!
0[

#54355000
1!
b11110110110 ;
1[
b11110110110 w

#54356000
b11111111001111 y

#54360000
0!
0[

#54365000
1!
b11110110111 ;
1[
b11110110111 w

#54366000
b11111111010010 y

#54370000
0!
0[

#54375000
1!
b11110111000 ;
1[
b11110111000 w

#54376000
b11111111010101 y

#54380000
0!
0[

#54385000
1!
b11110111001 ;
1[
b11110111001 w

#54386000
b11111111011000 y

#54390000
0!
0[

#54395000
1!
b11110111010 ;
1[
b11110111010 w

#54396000
b11111111011011 y

#54400000
0!
0[

#54405000
1!
b11110111011 ;
1[
b11110111011 w

#54406000
b11111111011110 y

#54410000
0!
0[

#54415000
1!
b11110111100 ;
1[
b11110111100 w

#54416000
b11111111100001 y

#54420000
0!
0[

#54425000
1!
b11110111101 ;
1[
b11110111101 w

#54426000
b11111111100100 y

#54430000
0!
0[

#54435000
1!
b11110111110 ;
1[
b11110111110 w

#54436000
b11111111100111 y

#54440000
0!
0[

#54445000
1!
b11110111111 ;
1[
b11110111111 w

#54446000
b11111111101010 y

#54450000
0!
0[

#54455000
1!
b11111000000 ;
1[
b11111000000 w

#54456000
b11111111101101 y

#54460000
0!
0[

#54465000
1!
b11111000001 ;
1[
b11111000001 w

#54466000
b11111111110000 y

#54470000
0!
0[

#54475000
1!
b11111000010 ;
1[
b11111000010 w

#54476000
b11111111110011 y

#54480000
0!
0[

#54485000
1!
b11111000011 ;
1[
b11111000011 w

#54486000
b11111111110110 y

#54490000
0!
0[

#54495000
1!
b11111000100 ;
1[
b11111000100 w

#54496000
b11111111111001 y

#54500000
0!
0[

#54505000
1!
b11111000101 ;
1[
b11111000101 w

#54506000
b11111111111100 y

#54510000
0!
0[

#54515000
1!
b11111000110 ;
1[
b11111000110 w

#54516000
b11111111111111 y

#54520000
0!
0[

#54525000
1!
b11111000111 ;
1[
b11111000111 w

#54526000
b100000000000010 y

#54530000
0!
0[

#54535000
1!
b11111001000 ;
1[
b11111001000 w

#54536000
b100000000000101 y

#54540000
0!
0[

#54545000
1!
b11111001001 ;
1[
b11111001001 w

#54546000
b100000000001000 y

#54550000
0!
0[

#54555000
1!
b11111001010 ;
1[
b11111001010 w

#54556000
b100000000001011 y

#54560000
0!
0[

#54565000
1!
b11111001011 ;
1[
b11111001011 w

#54566000
b100000000001110 y

#54570000
0!
0[

#54575000
1!
b11111001100 ;
1[
b11111001100 w

#54576000
b100000000010001 y

#54580000
0!
0[

#54585000
1!
b11111001101 ;
1[
b11111001101 w

#54586000
b100000000010100 y

#54590000
0!
0[

#54595000
1!
b11111001110 ;
1[
b11111001110 w

#54596000
b100000000010111 y

#54600000
0!
0[

#54605000
1!
b1 :
b11111001111 ;
1[
b1 v
b11111001111 w

#54606000
b100000000011010 y

#54610000
0!
b1 R
0[
b100000000011100 y

#54615000
1!
03
b1 5
b0 6
b0 7
b0 ;
1[
0n
b0 r
b1 s
b0 t
b0 w

#54616000
b1 &!
b100000000011111 y

#54620000
0!
b100 R
0[
b100000000100000 y

#54625000
1!
1[

#54626000
b100000000100011 y

#54630000
0!
0[

#54635000
1!
1[

#54636000
b100000000100110 y

#54640000
0!
0[

#54645000
1!
1[

#54646000
b100000000101001 y

#54650000
0!
0[

#54655000
1!
1[

#54656000
b100000000101100 y

#54660000
0!
b1101010110000100 !!
b11 R
b1111 S
0[
b1111 j

#54665000
1!
1[

#54666000
b100000000101111 y

#54670000
0!
0[

#54675000
1!
1[

#54676000
b100000000110010 y

#54680000
0!
0[

#54685000
1!
1[

#54686000
b100000000110101 y

#54690000
0!
0[

#54695000
1!
1[

#54696000
b100000000111000 y

#54700000
0!
1&
b10 :
0[
1_
b10 v

#54705000
1!
b10 5
1[
b10 s

#54706000
b10 &!
b100000000111011 y

#54710000
0!
0&
b1 X
0[
0_

#54715000
1!
b1 ;
1[
b1 w

#54716000
b100000000111110 y

#54720000
0!
1,
b1 -
1<
1=
0[
1c
b1 g
1x

#54725000
1!
b1 6
b1 7
b0 ;
1[
b1 r
b1 t
b0 w

#54726000
b100000001000001 y

#54730000
0!
0,
0=
b10 X
0[
0c
0x

#54735000
1!
b1 ;
1[
b1 w

#54736000
b100000001000100 y

#54740000
0!
1,
b10 -
1=
0[
1c
b10 g
1x

#54745000
1!
b10010 6
b10 7
b0 ;
1[
b10010 r
b10 t
b0 w

#54746000
b100000001000111 y

#54750000
0!
0,
0=
b11 X
0[
0c
0x

#54755000
1!
b1 ;
1[
b1 w

#54756000
b100000001001010 y

#54760000
0!
1,
b11 -
1=
0[
1c
b11 g
1x

#54765000
1!
b100100011 6
b11 7
b0 ;
1[
b100100011 r
b11 t
b0 w

#54766000
b100000001001101 y

#54770000
0!
0,
0=
b100 X
0[
0c
0x

#54775000
1!
b1 ;
1[
b1 w

#54776000
b100000001010000 y

#54780000
0!
1,
b100 -
1=
0[
1c
b100 g
1x

#54785000
1!
b1001000110100 6
b100 7
b0 ;
1[
b1001000110100 r
b100 t
b0 w

#54786000
b100000001010011 y

#54790000
0!
0,
0=
b1010 X
0[
0c
0x

#54795000
1!
b1 ;
1[
b1 w

#54796000
b100000001010110 y

#54800000
0!
1,
b1010 -
b100 :
0<
1=
0[
1c
b1010 g
b100 v
1x

#54805000
1!
13
b100 5
b1 :
b0 ;
1[
1n
b100 s
b1 v
b0 w

#54806000
b100 &!
b100000001011001 y

#54810000
0!
0,
b100 :
0=
b11111001110 Z
0[
0c
b100 v
0x
b100000001011010 y

#54815000
1!
b1 ;
1[
b1 w

#54816000
b100000001011101 y

#54820000
0!
0[

#54825000
1!
b10 ;
1[
b10 w

#54826000
b100000001100000 y

#54830000
0!
0[

#54835000
1!
b11 ;
1[
b11 w

#54836000
b100000001100011 y

#54840000
0!
0[

#54845000
1!
b100 ;
1[
b100 w

#54846000
b100000001100110 y

#54850000
0!
0[

#54855000
1!
b101 ;
1[
b101 w

#54856000
b100000001101001 y

#54860000
0!
0[

#54865000
1!
b110 ;
1[
b110 w

#54866000
b100000001101100 y

#54870000
0!
0[

#54875000
1!
b111 ;
1[
b111 w

#54876000
b100000001101111 y

#54880000
0!
0[

#54885000
1!
b1000 ;
1[
b1000 w

#54886000
b100000001110010 y

#54890000
0!
0[

#54895000
1!
b1001 ;
1[
b1001 w

#54896000
b100000001110101 y

#54900000
0!
0[

#54905000
1!
b1010 ;
1[
b1010 w

#54906000
b100000001111000 y

#54910000
0!
0[

#54915000
1!
b1011 ;
1[
b1011 w

#54916000
b100000001111011 y

#54920000
0!
0[

#54925000
1!
b1100 ;
1[
b1100 w

#54926000
b100000001111110 y

#54930000
0!
0[

#54935000
1!
b1101 ;
1[
b1101 w

#54936000
b100000010000001 y

#54940000
0!
0[

#54945000
1!
b1110 ;
1[
b1110 w

#54946000
b100000010000100 y

#54950000
0!
0[

#54955000
1!
b1111 ;
1[
b1111 w

#54956000
b100000010000111 y

#54960000
0!
0[

#54965000
1!
b10000 ;
1[
b10000 w

#54966000
b100000010001010 y

#54970000
0!
0[

#54975000
1!
b10001 ;
1[
b10001 w

#54976000
b100000010001101 y

#54980000
0!
0[

#54985000
1!
b10010 ;
1[
b10010 w

#54986000
b100000010010000 y

#54990000
0!
0[

#54995000
1!
b10011 ;
1[
b10011 w

#54996000
b100000010010011 y

#55000000
0!
0[

#55005000
1!
b10100 ;
1[
b10100 w

#55006000
b100000010010110 y

#55010000
0!
0[

#55015000
1!
b10101 ;
1[
b10101 w

#55016000
b100000010011001 y

#55020000
0!
0[

#55025000
1!
b10110 ;
1[
b10110 w

#55026000
b100000010011100 y

#55030000
0!
0[

#55035000
1!
b10111 ;
1[
b10111 w

#55036000
b100000010011111 y

#55040000
0!
0[

#55045000
1!
b11000 ;
1[
b11000 w

#55046000
b100000010100010 y

#55050000
0!
0[

#55055000
1!
b11001 ;
1[
b11001 w

#55056000
b100000010100101 y

#55060000
0!
0[

#55065000
1!
b11010 ;
1[
b11010 w

#55066000
b100000010101000 y

#55070000
0!
0[

#55075000
1!
b11011 ;
1[
b11011 w

#55076000
b100000010101011 y

#55080000
0!
0[

#55085000
1!
b11100 ;
1[
b11100 w

#55086000
b100000010101110 y

#55090000
0!
0[

#55095000
1!
b11101 ;
1[
b11101 w

#55096000
b100000010110001 y

#55100000
0!
0[

#55105000
1!
b11110 ;
1[
b11110 w

#55106000
b100000010110100 y

#55110000
0!
0[

#55115000
1!
b11111 ;
1[
b11111 w

#55116000
b100000010110111 y

#55120000
0!
0[

#55125000
1!
b100000 ;
1[
b100000 w

#55126000
b100000010111010 y

#55130000
0!
0[

#55135000
1!
b100001 ;
1[
b100001 w

#55136000
b100000010111101 y

#55140000
0!
0[

#55145000
1!
b100010 ;
1[
b100010 w

#55146000
b100000011000000 y

#55150000
0!
0[

#55155000
1!
b100011 ;
1[
b100011 w

#55156000
b100000011000011 y

#55160000
0!
0[

#55165000
1!
b100100 ;
1[
b100100 w

#55166000
b100000011000110 y

#55170000
0!
0[

#55175000
1!
b100101 ;
1[
b100101 w

#55176000
b100000011001001 y

#55180000
0!
0[

#55185000
1!
b100110 ;
1[
b100110 w

#55186000
b100000011001100 y

#55190000
0!
0[

#55195000
1!
b100111 ;
1[
b100111 w

#55196000
b100000011001111 y

#55200000
0!
0[

#55205000
1!
b101000 ;
1[
b101000 w

#55206000
b100000011010010 y

#55210000
0!
0[

#55215000
1!
b101001 ;
1[
b101001 w

#55216000
b100000011010101 y

#55220000
0!
0[

#55225000
1!
b101010 ;
1[
b101010 w

#55226000
b100000011011000 y

#55230000
0!
0[

#55235000
1!
b101011 ;
1[
b101011 w

#55236000
b100000011011011 y

#55240000
0!
0[

#55245000
1!
b101100 ;
1[
b101100 w

#55246000
b100000011011110 y

#55250000
0!
0[

#55255000
1!
b101101 ;
1[
b101101 w

#55256000
b100000011100001 y

#55260000
0!
0[

#55265000
1!
b101110 ;
1[
b101110 w

#55266000
b100000011100100 y

#55270000
0!
0[

#55275000
1!
b101111 ;
1[
b101111 w

#55276000
b100000011100111 y

#55280000
0!
0[

#55285000
1!
b110000 ;
1[
b110000 w

#55286000
b100000011101010 y

#55290000
0!
0[

#55295000
1!
b110001 ;
1[
b110001 w

#55296000
b100000011101101 y

#55300000
0!
0[

#55305000
1!
b110010 ;
1[
b110010 w

#55306000
b100000011110000 y

#55310000
0!
0[

#55315000
1!
b110011 ;
1[
b110011 w

#55316000
b100000011110011 y

#55320000
0!
0[

#55325000
1!
b110100 ;
1[
b110100 w

#55326000
b100000011110110 y

#55330000
0!
0[

#55335000
1!
b110101 ;
1[
b110101 w

#55336000
b100000011111001 y

#55340000
0!
0[

#55345000
1!
b110110 ;
1[
b110110 w

#55346000
b100000011111100 y

#55350000
0!
0[

#55355000
1!
b110111 ;
1[
b110111 w

#55356000
b100000011111111 y

#55360000
0!
0[

#55365000
1!
b111000 ;
1[
b111000 w

#55366000
b100000100000010 y

#55370000
0!
0[

#55375000
1!
b111001 ;
1[
b111001 w

#55376000
b100000100000101 y

#55380000
0!
0[

#55385000
1!
b111010 ;
1[
b111010 w

#55386000
b100000100001000 y

#55390000
0!
0[

#55395000
1!
b111011 ;
1[
b111011 w

#55396000
b100000100001011 y

#55400000
0!
0[

#55405000
1!
b111100 ;
1[
b111100 w

#55406000
b100000100001110 y

#55410000
0!
0[

#55415000
1!
b111101 ;
1[
b111101 w

#55416000
b100000100010001 y

#55420000
0!
0[

#55425000
1!
b111110 ;
1[
b111110 w

#55426000
b100000100010100 y

#55430000
0!
0[

#55435000
1!
b111111 ;
1[
b111111 w

#55436000
b100000100010111 y

#55440000
0!
0[

#55445000
1!
b1000000 ;
1[
b1000000 w

#55446000
b100000100011010 y

#55450000
0!
0[

#55455000
1!
b1000001 ;
1[
b1000001 w

#55456000
b100000100011101 y

#55460000
0!
0[

#55465000
1!
b1000010 ;
1[
b1000010 w

#55466000
b100000100100000 y

#55470000
0!
0[

#55475000
1!
b1000011 ;
1[
b1000011 w

#55476000
b100000100100011 y

#55480000
0!
0[

#55485000
1!
b1000100 ;
1[
b1000100 w

#55486000
b100000100100110 y

#55490000
0!
0[

#55495000
1!
b1000101 ;
1[
b1000101 w

#55496000
b100000100101001 y

#55500000
0!
0[

#55505000
1!
b1000110 ;
1[
b1000110 w

#55506000
b100000100101100 y

#55510000
0!
0[

#55515000
1!
b1000111 ;
1[
b1000111 w

#55516000
b100000100101111 y

#55520000
0!
0[

#55525000
1!
b1001000 ;
1[
b1001000 w

#55526000
b100000100110010 y

#55530000
0!
0[

#55535000
1!
b1001001 ;
1[
b1001001 w

#55536000
b100000100110101 y

#55540000
0!
0[

#55545000
1!
b1001010 ;
1[
b1001010 w

#55546000
b100000100111000 y

#55550000
0!
0[

#55555000
1!
b1001011 ;
1[
b1001011 w

#55556000
b100000100111011 y

#55560000
0!
0[

#55565000
1!
b1001100 ;
1[
b1001100 w

#55566000
b100000100111110 y

#55570000
0!
0[

#55575000
1!
b1001101 ;
1[
b1001101 w

#55576000
b100000101000001 y

#55580000
0!
0[

#55585000
1!
b1001110 ;
1[
b1001110 w

#55586000
b100000101000100 y

#55590000
0!
0[

#55595000
1!
b1001111 ;
1[
b1001111 w

#55596000
b100000101000111 y

#55600000
0!
0[

#55605000
1!
b1010000 ;
1[
b1010000 w

#55606000
b100000101001010 y

#55610000
0!
0[

#55615000
1!
b1010001 ;
1[
b1010001 w

#55616000
b100000101001101 y

#55620000
0!
0[

#55625000
1!
b1010010 ;
1[
b1010010 w

#55626000
b100000101010000 y

#55630000
0!
0[

#55635000
1!
b1010011 ;
1[
b1010011 w

#55636000
b100000101010011 y

#55640000
0!
0[

#55645000
1!
b1010100 ;
1[
b1010100 w

#55646000
b100000101010110 y

#55650000
0!
0[

#55655000
1!
b1010101 ;
1[
b1010101 w

#55656000
b100000101011001 y

#55660000
0!
0[

#55665000
1!
b1010110 ;
1[
b1010110 w

#55666000
b100000101011100 y

#55670000
0!
0[

#55675000
1!
b1010111 ;
1[
b1010111 w

#55676000
b100000101011111 y

#55680000
0!
0[

#55685000
1!
b1011000 ;
1[
b1011000 w

#55686000
b100000101100010 y

#55690000
0!
0[

#55695000
1!
b1011001 ;
1[
b1011001 w

#55696000
b100000101100101 y

#55700000
0!
0[

#55705000
1!
b1011010 ;
1[
b1011010 w

#55706000
b100000101101000 y

#55710000
0!
0[

#55715000
1!
b1011011 ;
1[
b1011011 w

#55716000
b100000101101011 y

#55720000
0!
0[

#55725000
1!
b1011100 ;
1[
b1011100 w

#55726000
b100000101101110 y

#55730000
0!
0[

#55735000
1!
b1011101 ;
1[
b1011101 w

#55736000
b100000101110001 y

#55740000
0!
0[

#55745000
1!
b1011110 ;
1[
b1011110 w

#55746000
b100000101110100 y

#55750000
0!
0[

#55755000
1!
b1011111 ;
1[
b1011111 w

#55756000
b100000101110111 y

#55760000
0!
0[

#55765000
1!
b1100000 ;
1[
b1100000 w

#55766000
b100000101111010 y

#55770000
0!
0[

#55775000
1!
b1100001 ;
1[
b1100001 w

#55776000
b100000101111101 y

#55780000
0!
0[

#55785000
1!
b1100010 ;
1[
b1100010 w

#55786000
b100000110000000 y

#55790000
0!
0[

#55795000
1!
b1100011 ;
1[
b1100011 w

#55796000
b100000110000011 y

#55800000
0!
0[

#55805000
1!
b1100100 ;
1[
b1100100 w

#55806000
b100000110000110 y

#55810000
0!
0[

#55815000
1!
b1100101 ;
1[
b1100101 w

#55816000
b100000110001001 y

#55820000
0!
0[

#55825000
1!
b1100110 ;
1[
b1100110 w

#55826000
b100000110001100 y

#55830000
0!
0[

#55835000
1!
b1100111 ;
1[
b1100111 w

#55836000
b100000110001111 y

#55840000
0!
0[

#55845000
1!
b1101000 ;
1[
b1101000 w

#55846000
b100000110010010 y

#55850000
0!
0[

#55855000
1!
b1101001 ;
1[
b1101001 w

#55856000
b100000110010101 y

#55860000
0!
0[

#55865000
1!
b1101010 ;
1[
b1101010 w

#55866000
b100000110011000 y

#55870000
0!
0[

#55875000
1!
b1101011 ;
1[
b1101011 w

#55876000
b100000110011011 y

#55880000
0!
0[

#55885000
1!
b1101100 ;
1[
b1101100 w

#55886000
b100000110011110 y

#55890000
0!
0[

#55895000
1!
b1101101 ;
1[
b1101101 w

#55896000
b100000110100001 y

#55900000
0!
0[

#55905000
1!
b1101110 ;
1[
b1101110 w

#55906000
b100000110100100 y

#55910000
0!
0[

#55915000
1!
b1101111 ;
1[
b1101111 w

#55916000
b100000110100111 y

#55920000
0!
0[

#55925000
1!
b1110000 ;
1[
b1110000 w

#55926000
b100000110101010 y

#55930000
0!
0[

#55935000
1!
b1110001 ;
1[
b1110001 w

#55936000
b100000110101101 y

#55940000
0!
0[

#55945000
1!
b1110010 ;
1[
b1110010 w

#55946000
b100000110110000 y

#55950000
0!
0[

#55955000
1!
b1110011 ;
1[
b1110011 w

#55956000
b100000110110011 y

#55960000
0!
0[

#55965000
1!
b1110100 ;
1[
b1110100 w

#55966000
b100000110110110 y

#55970000
0!
0[

#55975000
1!
b1110101 ;
1[
b1110101 w

#55976000
b100000110111001 y

#55980000
0!
0[

#55985000
1!
b1110110 ;
1[
b1110110 w

#55986000
b100000110111100 y

#55990000
0!
0[

#55995000
1!
b1110111 ;
1[
b1110111 w

#55996000
b100000110111111 y

#56000000
0!
0[

#56005000
1!
b1111000 ;
1[
b1111000 w

#56006000
b100000111000010 y

#56010000
0!
0[

#56015000
1!
b1111001 ;
1[
b1111001 w

#56016000
b100000111000101 y

#56020000
0!
0[

#56025000
1!
b1111010 ;
1[
b1111010 w

#56026000
b100000111001000 y

#56030000
0!
0[

#56035000
1!
b1111011 ;
1[
b1111011 w

#56036000
b100000111001011 y

#56040000
0!
0[

#56045000
1!
b1111100 ;
1[
b1111100 w

#56046000
b100000111001110 y

#56050000
0!
0[

#56055000
1!
b1111101 ;
1[
b1111101 w

#56056000
b100000111010001 y

#56060000
0!
0[

#56065000
1!
b1111110 ;
1[
b1111110 w

#56066000
b100000111010100 y

#56070000
0!
0[

#56075000
1!
b1111111 ;
1[
b1111111 w

#56076000
b100000111010111 y

#56080000
0!
0[

#56085000
1!
b10000000 ;
1[
b10000000 w

#56086000
b100000111011010 y

#56090000
0!
0[

#56095000
1!
b10000001 ;
1[
b10000001 w

#56096000
b100000111011101 y

#56100000
0!
0[

#56105000
1!
b10000010 ;
1[
b10000010 w

#56106000
b100000111100000 y

#56110000
0!
0[

#56115000
1!
b10000011 ;
1[
b10000011 w

#56116000
b100000111100011 y

#56120000
0!
0[

#56125000
1!
b10000100 ;
1[
b10000100 w

#56126000
b100000111100110 y

#56130000
0!
0[

#56135000
1!
b10000101 ;
1[
b10000101 w

#56136000
b100000111101001 y

#56140000
0!
0[

#56145000
1!
b10000110 ;
1[
b10000110 w

#56146000
b100000111101100 y

#56150000
0!
0[

#56155000
1!
b10000111 ;
1[
b10000111 w

#56156000
b100000111101111 y

#56160000
0!
0[

#56165000
1!
b10001000 ;
1[
b10001000 w

#56166000
b100000111110010 y

#56170000
0!
0[

#56175000
1!
b10001001 ;
1[
b10001001 w

#56176000
b100000111110101 y

#56180000
0!
0[

#56185000
1!
b10001010 ;
1[
b10001010 w

#56186000
b100000111111000 y

#56190000
0!
0[

#56195000
1!
b10001011 ;
1[
b10001011 w

#56196000
b100000111111011 y

#56200000
0!
0[

#56205000
1!
b10001100 ;
1[
b10001100 w

#56206000
b100000111111110 y

#56210000
0!
0[

#56215000
1!
b10001101 ;
1[
b10001101 w

#56216000
b100001000000001 y

#56220000
0!
0[

#56225000
1!
b10001110 ;
1[
b10001110 w

#56226000
b100001000000100 y

#56230000
0!
0[

#56235000
1!
b10001111 ;
1[
b10001111 w

#56236000
b100001000000111 y

#56240000
0!
0[

#56245000
1!
b10010000 ;
1[
b10010000 w

#56246000
b100001000001010 y

#56250000
0!
0[

#56255000
1!
b10010001 ;
1[
b10010001 w

#56256000
b100001000001101 y

#56260000
0!
0[

#56265000
1!
b10010010 ;
1[
b10010010 w

#56266000
b100001000010000 y

#56270000
0!
0[

#56275000
1!
b10010011 ;
1[
b10010011 w

#56276000
b100001000010011 y

#56280000
0!
0[

#56285000
1!
b10010100 ;
1[
b10010100 w

#56286000
b100001000010110 y

#56290000
0!
0[

#56295000
1!
b10010101 ;
1[
b10010101 w

#56296000
b100001000011001 y

#56300000
0!
0[

#56305000
1!
b10010110 ;
1[
b10010110 w

#56306000
b100001000011100 y

#56310000
0!
0[

#56315000
1!
b10010111 ;
1[
b10010111 w

#56316000
b100001000011111 y

#56320000
0!
0[

#56325000
1!
b10011000 ;
1[
b10011000 w

#56326000
b100001000100010 y

#56330000
0!
0[

#56335000
1!
b10011001 ;
1[
b10011001 w

#56336000
b100001000100101 y

#56340000
0!
0[

#56345000
1!
b10011010 ;
1[
b10011010 w

#56346000
b100001000101000 y

#56350000
0!
0[

#56355000
1!
b10011011 ;
1[
b10011011 w

#56356000
b100001000101011 y

#56360000
0!
0[

#56365000
1!
b10011100 ;
1[
b10011100 w

#56366000
b100001000101110 y

#56370000
0!
0[

#56375000
1!
b10011101 ;
1[
b10011101 w

#56376000
b100001000110001 y

#56380000
0!
0[

#56385000
1!
b10011110 ;
1[
b10011110 w

#56386000
b100001000110100 y

#56390000
0!
0[

#56395000
1!
b10011111 ;
1[
b10011111 w

#56396000
b100001000110111 y

#56400000
0!
0[

#56405000
1!
b10100000 ;
1[
b10100000 w

#56406000
b100001000111010 y

#56410000
0!
0[

#56415000
1!
b10100001 ;
1[
b10100001 w

#56416000
b100001000111101 y

#56420000
0!
0[

#56425000
1!
b10100010 ;
1[
b10100010 w

#56426000
b100001001000000 y

#56430000
0!
0[

#56435000
1!
b10100011 ;
1[
b10100011 w

#56436000
b100001001000011 y

#56440000
0!
0[

#56445000
1!
b10100100 ;
1[
b10100100 w

#56446000
b100001001000110 y

#56450000
0!
0[

#56455000
1!
b10100101 ;
1[
b10100101 w

#56456000
b100001001001001 y

#56460000
0!
0[

#56465000
1!
b10100110 ;
1[
b10100110 w

#56466000
b100001001001100 y

#56470000
0!
0[

#56475000
1!
b10100111 ;
1[
b10100111 w

#56476000
b100001001001111 y

#56480000
0!
0[

#56485000
1!
b10101000 ;
1[
b10101000 w

#56486000
b100001001010010 y

#56490000
0!
0[

#56495000
1!
b10101001 ;
1[
b10101001 w

#56496000
b100001001010101 y

#56500000
0!
0[

#56505000
1!
b10101010 ;
1[
b10101010 w

#56506000
b100001001011000 y

#56510000
0!
0[

#56515000
1!
b10101011 ;
1[
b10101011 w

#56516000
b100001001011011 y

#56520000
0!
0[

#56525000
1!
b10101100 ;
1[
b10101100 w

#56526000
b100001001011110 y

#56530000
0!
0[

#56535000
1!
b10101101 ;
1[
b10101101 w

#56536000
b100001001100001 y

#56540000
0!
0[

#56545000
1!
b10101110 ;
1[
b10101110 w

#56546000
b100001001100100 y

#56550000
0!
0[

#56555000
1!
b10101111 ;
1[
b10101111 w

#56556000
b100001001100111 y

#56560000
0!
0[

#56565000
1!
b10110000 ;
1[
b10110000 w

#56566000
b100001001101010 y

#56570000
0!
0[

#56575000
1!
b10110001 ;
1[
b10110001 w

#56576000
b100001001101101 y

#56580000
0!
0[

#56585000
1!
b10110010 ;
1[
b10110010 w

#56586000
b100001001110000 y

#56590000
0!
0[

#56595000
1!
b10110011 ;
1[
b10110011 w

#56596000
b100001001110011 y

#56600000
0!
0[

#56605000
1!
b10110100 ;
1[
b10110100 w

#56606000
b100001001110110 y

#56610000
0!
0[

#56615000
1!
b10110101 ;
1[
b10110101 w

#56616000
b100001001111001 y

#56620000
0!
0[

#56625000
1!
b10110110 ;
1[
b10110110 w

#56626000
b100001001111100 y

#56630000
0!
0[

#56635000
1!
b10110111 ;
1[
b10110111 w

#56636000
b100001001111111 y

#56640000
0!
0[

#56645000
1!
b10111000 ;
1[
b10111000 w

#56646000
b100001010000010 y

#56650000
0!
0[

#56655000
1!
b10111001 ;
1[
b10111001 w

#56656000
b100001010000101 y

#56660000
0!
0[

#56665000
1!
b10111010 ;
1[
b10111010 w

#56666000
b100001010001000 y

#56670000
0!
0[

#56675000
1!
b10111011 ;
1[
b10111011 w

#56676000
b100001010001011 y

#56680000
0!
0[

#56685000
1!
b10111100 ;
1[
b10111100 w

#56686000
b100001010001110 y

#56690000
0!
0[

#56695000
1!
b10111101 ;
1[
b10111101 w

#56696000
b100001010010001 y

#56700000
0!
0[

#56705000
1!
b10111110 ;
1[
b10111110 w

#56706000
b100001010010100 y

#56710000
0!
0[

#56715000
1!
b10111111 ;
1[
b10111111 w

#56716000
b100001010010111 y

#56720000
0!
0[

#56725000
1!
b11000000 ;
1[
b11000000 w

#56726000
b100001010011010 y

#56730000
0!
0[

#56735000
1!
b11000001 ;
1[
b11000001 w

#56736000
b100001010011101 y

#56740000
0!
0[

#56745000
1!
b11000010 ;
1[
b11000010 w

#56746000
b100001010100000 y

#56750000
0!
0[

#56755000
1!
b11000011 ;
1[
b11000011 w

#56756000
b100001010100011 y

#56760000
0!
0[

#56765000
1!
b11000100 ;
1[
b11000100 w

#56766000
b100001010100110 y

#56770000
0!
0[

#56775000
1!
b11000101 ;
1[
b11000101 w

#56776000
b100001010101001 y

#56780000
0!
0[

#56785000
1!
b11000110 ;
1[
b11000110 w

#56786000
b100001010101100 y

#56790000
0!
0[

#56795000
1!
b11000111 ;
1[
b11000111 w

#56796000
b100001010101111 y

#56800000
0!
0[

#56805000
1!
b11001000 ;
1[
b11001000 w

#56806000
b100001010110010 y

#56810000
0!
0[

#56815000
1!
b11001001 ;
1[
b11001001 w

#56816000
b100001010110101 y

#56820000
0!
0[

#56825000
1!
b11001010 ;
1[
b11001010 w

#56826000
b100001010111000 y

#56830000
0!
0[

#56835000
1!
b11001011 ;
1[
b11001011 w

#56836000
b100001010111011 y

#56840000
0!
0[

#56845000
1!
b11001100 ;
1[
b11001100 w

#56846000
b100001010111110 y

#56850000
0!
0[

#56855000
1!
b11001101 ;
1[
b11001101 w

#56856000
b100001011000001 y

#56860000
0!
0[

#56865000
1!
b11001110 ;
1[
b11001110 w

#56866000
b100001011000100 y

#56870000
0!
0[

#56875000
1!
b11001111 ;
1[
b11001111 w

#56876000
b100001011000111 y

#56880000
0!
0[

#56885000
1!
b11010000 ;
1[
b11010000 w

#56886000
b100001011001010 y

#56890000
0!
0[

#56895000
1!
b11010001 ;
1[
b11010001 w

#56896000
b100001011001101 y

#56900000
0!
0[

#56905000
1!
b11010010 ;
1[
b11010010 w

#56906000
b100001011010000 y

#56910000
0!
0[

#56915000
1!
b11010011 ;
1[
b11010011 w

#56916000
b100001011010011 y

#56920000
0!
0[

#56925000
1!
b11010100 ;
1[
b11010100 w

#56926000
b100001011010110 y

#56930000
0!
0[

#56935000
1!
b11010101 ;
1[
b11010101 w

#56936000
b100001011011001 y

#56940000
0!
0[

#56945000
1!
b11010110 ;
1[
b11010110 w

#56946000
b100001011011100 y

#56950000
0!
0[

#56955000
1!
b11010111 ;
1[
b11010111 w

#56956000
b100001011011111 y

#56960000
0!
0[

#56965000
1!
b11011000 ;
1[
b11011000 w

#56966000
b100001011100010 y

#56970000
0!
0[

#56975000
1!
b11011001 ;
1[
b11011001 w

#56976000
b100001011100101 y

#56980000
0!
0[

#56985000
1!
b11011010 ;
1[
b11011010 w

#56986000
b100001011101000 y

#56990000
0!
0[

#56995000
1!
b11011011 ;
1[
b11011011 w

#56996000
b100001011101011 y

#57000000
0!
0[

#57005000
1!
b11011100 ;
1[
b11011100 w

#57006000
b100001011101110 y

#57010000
0!
0[

#57015000
1!
b11011101 ;
1[
b11011101 w

#57016000
b100001011110001 y

#57020000
0!
0[

#57025000
1!
b11011110 ;
1[
b11011110 w

#57026000
b100001011110100 y

#57030000
0!
0[

#57035000
1!
b11011111 ;
1[
b11011111 w

#57036000
b100001011110111 y

#57040000
0!
0[

#57045000
1!
b11100000 ;
1[
b11100000 w

#57046000
b100001011111010 y

#57050000
0!
0[

#57055000
1!
b11100001 ;
1[
b11100001 w

#57056000
b100001011111101 y

#57060000
0!
0[

#57065000
1!
b11100010 ;
1[
b11100010 w

#57066000
b100001100000000 y

#57070000
0!
0[

#57075000
1!
b11100011 ;
1[
b11100011 w

#57076000
b100001100000011 y

#57080000
0!
0[

#57085000
1!
b11100100 ;
1[
b11100100 w

#57086000
b100001100000110 y

#57090000
0!
0[

#57095000
1!
b11100101 ;
1[
b11100101 w

#57096000
b100001100001001 y

#57100000
0!
0[

#57105000
1!
b11100110 ;
1[
b11100110 w

#57106000
b100001100001100 y

#57110000
0!
0[

#57115000
1!
b11100111 ;
1[
b11100111 w

#57116000
b100001100001111 y

#57120000
0!
0[

#57125000
1!
b11101000 ;
1[
b11101000 w

#57126000
b100001100010010 y

#57130000
0!
0[

#57135000
1!
b11101001 ;
1[
b11101001 w

#57136000
b100001100010101 y

#57140000
0!
0[

#57145000
1!
b11101010 ;
1[
b11101010 w

#57146000
b100001100011000 y

#57150000
0!
0[

#57155000
1!
b11101011 ;
1[
b11101011 w

#57156000
b100001100011011 y

#57160000
0!
0[

#57165000
1!
b11101100 ;
1[
b11101100 w

#57166000
b100001100011110 y

#57170000
0!
0[

#57175000
1!
b11101101 ;
1[
b11101101 w

#57176000
b100001100100001 y

#57180000
0!
0[

#57185000
1!
b11101110 ;
1[
b11101110 w

#57186000
b100001100100100 y

#57190000
0!
0[

#57195000
1!
b11101111 ;
1[
b11101111 w

#57196000
b100001100100111 y

#57200000
0!
0[

#57205000
1!
b11110000 ;
1[
b11110000 w

#57206000
b100001100101010 y

#57210000
0!
0[

#57215000
1!
b11110001 ;
1[
b11110001 w

#57216000
b100001100101101 y

#57220000
0!
0[

#57225000
1!
b11110010 ;
1[
b11110010 w

#57226000
b100001100110000 y

#57230000
0!
0[

#57235000
1!
b11110011 ;
1[
b11110011 w

#57236000
b100001100110011 y

#57240000
0!
0[

#57245000
1!
b11110100 ;
1[
b11110100 w

#57246000
b100001100110110 y

#57250000
0!
0[

#57255000
1!
b11110101 ;
1[
b11110101 w

#57256000
b100001100111001 y

#57260000
0!
0[

#57265000
1!
b11110110 ;
1[
b11110110 w

#57266000
b100001100111100 y

#57270000
0!
0[

#57275000
1!
b11110111 ;
1[
b11110111 w

#57276000
b100001100111111 y

#57280000
0!
0[

#57285000
1!
b11111000 ;
1[
b11111000 w

#57286000
b100001101000010 y

#57290000
0!
0[

#57295000
1!
b11111001 ;
1[
b11111001 w

#57296000
b100001101000101 y

#57300000
0!
0[

#57305000
1!
b11111010 ;
1[
b11111010 w

#57306000
b100001101001000 y

#57310000
0!
0[

#57315000
1!
b11111011 ;
1[
b11111011 w

#57316000
b100001101001011 y

#57320000
0!
0[

#57325000
1!
b11111100 ;
1[
b11111100 w

#57326000
b100001101001110 y

#57330000
0!
0[

#57335000
1!
b11111101 ;
1[
b11111101 w

#57336000
b100001101010001 y

#57340000
0!
0[

#57345000
1!
b11111110 ;
1[
b11111110 w

#57346000
b100001101010100 y

#57350000
0!
0[

#57355000
1!
b11111111 ;
1[
b11111111 w

#57356000
b100001101010111 y

#57360000
0!
0[

#57365000
1!
b100000000 ;
1[
b100000000 w

#57366000
b100001101011010 y

#57370000
0!
0[

#57375000
1!
b100000001 ;
1[
b100000001 w

#57376000
b100001101011101 y

#57380000
0!
0[

#57385000
1!
b100000010 ;
1[
b100000010 w

#57386000
b100001101100000 y

#57390000
0!
0[

#57395000
1!
b100000011 ;
1[
b100000011 w

#57396000
b100001101100011 y

#57400000
0!
0[

#57405000
1!
b100000100 ;
1[
b100000100 w

#57406000
b100001101100110 y

#57410000
0!
0[

#57415000
1!
b100000101 ;
1[
b100000101 w

#57416000
b100001101101001 y

#57420000
0!
0[

#57425000
1!
b100000110 ;
1[
b100000110 w

#57426000
b100001101101100 y

#57430000
0!
0[

#57435000
1!
b100000111 ;
1[
b100000111 w

#57436000
b100001101101111 y

#57440000
0!
0[

#57445000
1!
b100001000 ;
1[
b100001000 w

#57446000
b100001101110010 y

#57450000
0!
0[

#57455000
1!
b100001001 ;
1[
b100001001 w

#57456000
b100001101110101 y

#57460000
0!
0[

#57465000
1!
b100001010 ;
1[
b100001010 w

#57466000
b100001101111000 y

#57470000
0!
0[

#57475000
1!
b100001011 ;
1[
b100001011 w

#57476000
b100001101111011 y

#57480000
0!
0[

#57485000
1!
b100001100 ;
1[
b100001100 w

#57486000
b100001101111110 y

#57490000
0!
0[

#57495000
1!
b100001101 ;
1[
b100001101 w

#57496000
b100001110000001 y

#57500000
0!
0[

#57505000
1!
b100001110 ;
1[
b100001110 w

#57506000
b100001110000100 y

#57510000
0!
0[

#57515000
1!
b100001111 ;
1[
b100001111 w

#57516000
b100001110000111 y

#57520000
0!
0[

#57525000
1!
b100010000 ;
1[
b100010000 w

#57526000
b100001110001010 y

#57530000
0!
0[

#57535000
1!
b100010001 ;
1[
b100010001 w

#57536000
b100001110001101 y

#57540000
0!
0[

#57545000
1!
b100010010 ;
1[
b100010010 w

#57546000
b100001110010000 y

#57550000
0!
0[

#57555000
1!
b100010011 ;
1[
b100010011 w

#57556000
b100001110010011 y

#57560000
0!
0[

#57565000
1!
b100010100 ;
1[
b100010100 w

#57566000
b100001110010110 y

#57570000
0!
0[

#57575000
1!
b100010101 ;
1[
b100010101 w

#57576000
b100001110011001 y

#57580000
0!
0[

#57585000
1!
b100010110 ;
1[
b100010110 w

#57586000
b100001110011100 y

#57590000
0!
0[

#57595000
1!
b100010111 ;
1[
b100010111 w

#57596000
b100001110011111 y

#57600000
0!
0[

#57605000
1!
b100011000 ;
1[
b100011000 w

#57606000
b100001110100010 y

#57610000
0!
0[

#57615000
1!
b100011001 ;
1[
b100011001 w

#57616000
b100001110100101 y

#57620000
0!
0[

#57625000
1!
b100011010 ;
1[
b100011010 w

#57626000
b100001110101000 y

#57630000
0!
0[

#57635000
1!
b100011011 ;
1[
b100011011 w

#57636000
b100001110101011 y

#57640000
0!
0[

#57645000
1!
b100011100 ;
1[
b100011100 w

#57646000
b100001110101110 y

#57650000
0!
0[

#57655000
1!
b100011101 ;
1[
b100011101 w

#57656000
b100001110110001 y

#57660000
0!
0[

#57665000
1!
b100011110 ;
1[
b100011110 w

#57666000
b100001110110100 y

#57670000
0!
0[

#57675000
1!
b100011111 ;
1[
b100011111 w

#57676000
b100001110110111 y

#57680000
0!
0[

#57685000
1!
b100100000 ;
1[
b100100000 w

#57686000
b100001110111010 y

#57690000
0!
0[

#57695000
1!
b100100001 ;
1[
b100100001 w

#57696000
b100001110111101 y

#57700000
0!
0[

#57705000
1!
b100100010 ;
1[
b100100010 w

#57706000
b100001111000000 y

#57710000
0!
0[

#57715000
1!
b100100011 ;
1[
b100100011 w

#57716000
b100001111000011 y

#57720000
0!
0[

#57725000
1!
b100100100 ;
1[
b100100100 w

#57726000
b100001111000110 y

#57730000
0!
0[

#57735000
1!
b100100101 ;
1[
b100100101 w

#57736000
b100001111001001 y

#57740000
0!
0[

#57745000
1!
b100100110 ;
1[
b100100110 w

#57746000
b100001111001100 y

#57750000
0!
0[

#57755000
1!
b100100111 ;
1[
b100100111 w

#57756000
b100001111001111 y

#57760000
0!
0[

#57765000
1!
b100101000 ;
1[
b100101000 w

#57766000
b100001111010010 y

#57770000
0!
0[

#57775000
1!
b100101001 ;
1[
b100101001 w

#57776000
b100001111010101 y

#57780000
0!
0[

#57785000
1!
b100101010 ;
1[
b100101010 w

#57786000
b100001111011000 y

#57790000
0!
0[

#57795000
1!
b100101011 ;
1[
b100101011 w

#57796000
b100001111011011 y

#57800000
0!
0[

#57805000
1!
b100101100 ;
1[
b100101100 w

#57806000
b100001111011110 y

#57810000
0!
0[

#57815000
1!
b100101101 ;
1[
b100101101 w

#57816000
b100001111100001 y

#57820000
0!
0[

#57825000
1!
b100101110 ;
1[
b100101110 w

#57826000
b100001111100100 y

#57830000
0!
0[

#57835000
1!
b100101111 ;
1[
b100101111 w

#57836000
b100001111100111 y

#57840000
0!
0[

#57845000
1!
b100110000 ;
1[
b100110000 w

#57846000
b100001111101010 y

#57850000
0!
0[

#57855000
1!
b100110001 ;
1[
b100110001 w

#57856000
b100001111101101 y

#57860000
0!
0[

#57865000
1!
b100110010 ;
1[
b100110010 w

#57866000
b100001111110000 y

#57870000
0!
0[

#57875000
1!
b100110011 ;
1[
b100110011 w

#57876000
b100001111110011 y

#57880000
0!
0[

#57885000
1!
b100110100 ;
1[
b100110100 w

#57886000
b100001111110110 y

#57890000
0!
0[

#57895000
1!
b100110101 ;
1[
b100110101 w

#57896000
b100001111111001 y

#57900000
0!
0[

#57905000
1!
b100110110 ;
1[
b100110110 w

#57906000
b100001111111100 y

#57910000
0!
0[

#57915000
1!
b100110111 ;
1[
b100110111 w

#57916000
b100001111111111 y

#57920000
0!
0[

#57925000
1!
b100111000 ;
1[
b100111000 w

#57926000
b100010000000010 y

#57930000
0!
0[

#57935000
1!
b100111001 ;
1[
b100111001 w

#57936000
b100010000000101 y

#57940000
0!
0[

#57945000
1!
b100111010 ;
1[
b100111010 w

#57946000
b100010000001000 y

#57950000
0!
0[

#57955000
1!
b100111011 ;
1[
b100111011 w

#57956000
b100010000001011 y

#57960000
0!
0[

#57965000
1!
b100111100 ;
1[
b100111100 w

#57966000
b100010000001110 y

#57970000
0!
0[

#57975000
1!
b100111101 ;
1[
b100111101 w

#57976000
b100010000010001 y

#57980000
0!
0[

#57985000
1!
b100111110 ;
1[
b100111110 w

#57986000
b100010000010100 y

#57990000
0!
0[

#57995000
1!
b100111111 ;
1[
b100111111 w

#57996000
b100010000010111 y

#58000000
0!
0[

#58005000
1!
b101000000 ;
1[
b101000000 w

#58006000
b100010000011010 y

#58010000
0!
0[

#58015000
1!
b101000001 ;
1[
b101000001 w

#58016000
b100010000011101 y

#58020000
0!
0[

#58025000
1!
b101000010 ;
1[
b101000010 w

#58026000
b100010000100000 y

#58030000
0!
0[

#58035000
1!
b101000011 ;
1[
b101000011 w

#58036000
b100010000100011 y

#58040000
0!
0[

#58045000
1!
b101000100 ;
1[
b101000100 w

#58046000
b100010000100110 y

#58050000
0!
0[

#58055000
1!
b101000101 ;
1[
b101000101 w

#58056000
b100010000101001 y

#58060000
0!
0[

#58065000
1!
b101000110 ;
1[
b101000110 w

#58066000
b100010000101100 y

#58070000
0!
0[

#58075000
1!
b101000111 ;
1[
b101000111 w

#58076000
b100010000101111 y

#58080000
0!
0[

#58085000
1!
b101001000 ;
1[
b101001000 w

#58086000
b100010000110010 y

#58090000
0!
0[

#58095000
1!
b101001001 ;
1[
b101001001 w

#58096000
b100010000110101 y

#58100000
0!
0[

#58105000
1!
b101001010 ;
1[
b101001010 w

#58106000
b100010000111000 y

#58110000
0!
0[

#58115000
1!
b101001011 ;
1[
b101001011 w

#58116000
b100010000111011 y

#58120000
0!
0[

#58125000
1!
b101001100 ;
1[
b101001100 w

#58126000
b100010000111110 y

#58130000
0!
0[

#58135000
1!
b101001101 ;
1[
b101001101 w

#58136000
b100010001000001 y

#58140000
0!
0[

#58145000
1!
b101001110 ;
1[
b101001110 w

#58146000
b100010001000100 y

#58150000
0!
0[

#58155000
1!
b101001111 ;
1[
b101001111 w

#58156000
b100010001000111 y

#58160000
0!
0[

#58165000
1!
b101010000 ;
1[
b101010000 w

#58166000
b100010001001010 y

#58170000
0!
0[

#58175000
1!
b101010001 ;
1[
b101010001 w

#58176000
b100010001001101 y

#58180000
0!
0[

#58185000
1!
b101010010 ;
1[
b101010010 w

#58186000
b100010001010000 y

#58190000
0!
0[

#58195000
1!
b101010011 ;
1[
b101010011 w

#58196000
b100010001010011 y

#58200000
0!
0[

#58205000
1!
b101010100 ;
1[
b101010100 w

#58206000
b100010001010110 y

#58210000
0!
0[

#58215000
1!
b101010101 ;
1[
b101010101 w

#58216000
b100010001011001 y

#58220000
0!
0[

#58225000
1!
b101010110 ;
1[
b101010110 w

#58226000
b100010001011100 y

#58230000
0!
0[

#58235000
1!
b101010111 ;
1[
b101010111 w

#58236000
b100010001011111 y

#58240000
0!
0[

#58245000
1!
b101011000 ;
1[
b101011000 w

#58246000
b100010001100010 y

#58250000
0!
0[

#58255000
1!
b101011001 ;
1[
b101011001 w

#58256000
b100010001100101 y

#58260000
0!
0[

#58265000
1!
b101011010 ;
1[
b101011010 w

#58266000
b100010001101000 y

#58270000
0!
0[

#58275000
1!
b101011011 ;
1[
b101011011 w

#58276000
b100010001101011 y

#58280000
0!
0[

#58285000
1!
b101011100 ;
1[
b101011100 w

#58286000
b100010001101110 y

#58290000
0!
0[

#58295000
1!
b101011101 ;
1[
b101011101 w

#58296000
b100010001110001 y

#58300000
0!
0[

#58305000
1!
b101011110 ;
1[
b101011110 w

#58306000
b100010001110100 y

#58310000
0!
0[

#58315000
1!
b101011111 ;
1[
b101011111 w

#58316000
b100010001110111 y

#58320000
0!
0[

#58325000
1!
b101100000 ;
1[
b101100000 w

#58326000
b100010001111010 y

#58330000
0!
0[

#58335000
1!
b101100001 ;
1[
b101100001 w

#58336000
b100010001111101 y

#58340000
0!
0[

#58345000
1!
b101100010 ;
1[
b101100010 w

#58346000
b100010010000000 y

#58350000
0!
0[

#58355000
1!
b101100011 ;
1[
b101100011 w

#58356000
b100010010000011 y

#58360000
0!
0[

#58365000
1!
b101100100 ;
1[
b101100100 w

#58366000
b100010010000110 y

#58370000
0!
0[

#58375000
1!
b101100101 ;
1[
b101100101 w

#58376000
b100010010001001 y

#58380000
0!
0[

#58385000
1!
b101100110 ;
1[
b101100110 w

#58386000
b100010010001100 y

#58390000
0!
0[

#58395000
1!
b101100111 ;
1[
b101100111 w

#58396000
b100010010001111 y

#58400000
0!
0[

#58405000
1!
b101101000 ;
1[
b101101000 w

#58406000
b100010010010010 y

#58410000
0!
0[

#58415000
1!
b101101001 ;
1[
b101101001 w

#58416000
b100010010010101 y

#58420000
0!
0[

#58425000
1!
b101101010 ;
1[
b101101010 w

#58426000
b100010010011000 y

#58430000
0!
0[

#58435000
1!
b101101011 ;
1[
b101101011 w

#58436000
b100010010011011 y

#58440000
0!
0[

#58445000
1!
b101101100 ;
1[
b101101100 w

#58446000
b100010010011110 y

#58450000
0!
0[

#58455000
1!
b101101101 ;
1[
b101101101 w

#58456000
b100010010100001 y

#58460000
0!
0[

#58465000
1!
b101101110 ;
1[
b101101110 w

#58466000
b100010010100100 y

#58470000
0!
0[

#58475000
1!
b101101111 ;
1[
b101101111 w

#58476000
b100010010100111 y

#58480000
0!
0[

#58485000
1!
b101110000 ;
1[
b101110000 w

#58486000
b100010010101010 y

#58490000
0!
0[

#58495000
1!
b101110001 ;
1[
b101110001 w

#58496000
b100010010101101 y

#58500000
0!
0[

#58505000
1!
b101110010 ;
1[
b101110010 w

#58506000
b100010010110000 y

#58510000
0!
0[

#58515000
1!
b101110011 ;
1[
b101110011 w

#58516000
b100010010110011 y

#58520000
0!
0[

#58525000
1!
b101110100 ;
1[
b101110100 w

#58526000
b100010010110110 y

#58530000
0!
0[

#58535000
1!
b101110101 ;
1[
b101110101 w

#58536000
b100010010111001 y

#58540000
0!
0[

#58545000
1!
b101110110 ;
1[
b101110110 w

#58546000
b100010010111100 y

#58550000
0!
0[

#58555000
1!
b101110111 ;
1[
b101110111 w

#58556000
b100010010111111 y

#58560000
0!
0[

#58565000
1!
b101111000 ;
1[
b101111000 w

#58566000
b100010011000010 y

#58570000
0!
0[

#58575000
1!
b101111001 ;
1[
b101111001 w

#58576000
b100010011000101 y

#58580000
0!
0[

#58585000
1!
b101111010 ;
1[
b101111010 w

#58586000
b100010011001000 y

#58590000
0!
0[

#58595000
1!
b101111011 ;
1[
b101111011 w

#58596000
b100010011001011 y

#58600000
0!
0[

#58605000
1!
b101111100 ;
1[
b101111100 w

#58606000
b100010011001110 y

#58610000
0!
0[

#58615000
1!
b101111101 ;
1[
b101111101 w

#58616000
b100010011010001 y

#58620000
0!
0[

#58625000
1!
b101111110 ;
1[
b101111110 w

#58626000
b100010011010100 y

#58630000
0!
0[

#58635000
1!
b101111111 ;
1[
b101111111 w

#58636000
b100010011010111 y

#58640000
0!
0[

#58645000
1!
b110000000 ;
1[
b110000000 w

#58646000
b100010011011010 y

#58650000
0!
0[

#58655000
1!
b110000001 ;
1[
b110000001 w

#58656000
b100010011011101 y

#58660000
0!
0[

#58665000
1!
b110000010 ;
1[
b110000010 w

#58666000
b100010011100000 y

#58670000
0!
0[

#58675000
1!
b110000011 ;
1[
b110000011 w

#58676000
b100010011100011 y

#58680000
0!
0[

#58685000
1!
b110000100 ;
1[
b110000100 w

#58686000
b100010011100110 y

#58690000
0!
0[

#58695000
1!
b110000101 ;
1[
b110000101 w

#58696000
b100010011101001 y

#58700000
0!
0[

#58705000
1!
b110000110 ;
1[
b110000110 w

#58706000
b100010011101100 y

#58710000
0!
0[

#58715000
1!
b110000111 ;
1[
b110000111 w

#58716000
b100010011101111 y

#58720000
0!
0[

#58725000
1!
b110001000 ;
1[
b110001000 w

#58726000
b100010011110010 y

#58730000
0!
0[

#58735000
1!
b110001001 ;
1[
b110001001 w

#58736000
b100010011110101 y

#58740000
0!
0[

#58745000
1!
b110001010 ;
1[
b110001010 w

#58746000
b100010011111000 y

#58750000
0!
0[

#58755000
1!
b110001011 ;
1[
b110001011 w

#58756000
b100010011111011 y

#58760000
0!
0[

#58765000
1!
b110001100 ;
1[
b110001100 w

#58766000
b100010011111110 y

#58770000
0!
0[

#58775000
1!
b110001101 ;
1[
b110001101 w

#58776000
b100010100000001 y

#58780000
0!
0[

#58785000
1!
b110001110 ;
1[
b110001110 w

#58786000
b100010100000100 y

#58790000
0!
0[

#58795000
1!
b110001111 ;
1[
b110001111 w

#58796000
b100010100000111 y

#58800000
0!
0[

#58805000
1!
b110010000 ;
1[
b110010000 w

#58806000
b100010100001010 y

#58810000
0!
0[

#58815000
1!
b110010001 ;
1[
b110010001 w

#58816000
b100010100001101 y

#58820000
0!
0[

#58825000
1!
b110010010 ;
1[
b110010010 w

#58826000
b100010100010000 y

#58830000
0!
0[

#58835000
1!
b110010011 ;
1[
b110010011 w

#58836000
b100010100010011 y

#58840000
0!
0[

#58845000
1!
b110010100 ;
1[
b110010100 w

#58846000
b100010100010110 y

#58850000
0!
0[

#58855000
1!
b110010101 ;
1[
b110010101 w

#58856000
b100010100011001 y

#58860000
0!
0[

#58865000
1!
b110010110 ;
1[
b110010110 w

#58866000
b100010100011100 y

#58870000
0!
0[

#58875000
1!
b110010111 ;
1[
b110010111 w

#58876000
b100010100011111 y

#58880000
0!
0[

#58885000
1!
b110011000 ;
1[
b110011000 w

#58886000
b100010100100010 y

#58890000
0!
0[

#58895000
1!
b110011001 ;
1[
b110011001 w

#58896000
b100010100100101 y

#58900000
0!
0[

#58905000
1!
b110011010 ;
1[
b110011010 w

#58906000
b100010100101000 y

#58910000
0!
0[

#58915000
1!
b110011011 ;
1[
b110011011 w

#58916000
b100010100101011 y

#58920000
0!
0[

#58925000
1!
b110011100 ;
1[
b110011100 w

#58926000
b100010100101110 y

#58930000
0!
0[

#58935000
1!
b110011101 ;
1[
b110011101 w

#58936000
b100010100110001 y

#58940000
0!
0[

#58945000
1!
b110011110 ;
1[
b110011110 w

#58946000
b100010100110100 y

#58950000
0!
0[

#58955000
1!
b110011111 ;
1[
b110011111 w

#58956000
b100010100110111 y

#58960000
0!
0[

#58965000
1!
b110100000 ;
1[
b110100000 w

#58966000
b100010100111010 y

#58970000
0!
0[

#58975000
1!
b110100001 ;
1[
b110100001 w

#58976000
b100010100111101 y

#58980000
0!
0[

#58985000
1!
b110100010 ;
1[
b110100010 w

#58986000
b100010101000000 y

#58990000
0!
0[

#58995000
1!
b110100011 ;
1[
b110100011 w

#58996000
b100010101000011 y

#59000000
0!
0[

#59005000
1!
b110100100 ;
1[
b110100100 w

#59006000
b100010101000110 y

#59010000
0!
0[

#59015000
1!
b110100101 ;
1[
b110100101 w

#59016000
b100010101001001 y

#59020000
0!
0[

#59025000
1!
b110100110 ;
1[
b110100110 w

#59026000
b100010101001100 y

#59030000
0!
0[

#59035000
1!
b110100111 ;
1[
b110100111 w

#59036000
b100010101001111 y

#59040000
0!
0[

#59045000
1!
b110101000 ;
1[
b110101000 w

#59046000
b100010101010010 y

#59050000
0!
0[

#59055000
1!
b110101001 ;
1[
b110101001 w

#59056000
b100010101010101 y

#59060000
0!
0[

#59065000
1!
b110101010 ;
1[
b110101010 w

#59066000
b100010101011000 y

#59070000
0!
0[

#59075000
1!
b110101011 ;
1[
b110101011 w

#59076000
b100010101011011 y

#59080000
0!
0[

#59085000
1!
b110101100 ;
1[
b110101100 w

#59086000
b100010101011110 y

#59090000
0!
0[

#59095000
1!
b110101101 ;
1[
b110101101 w

#59096000
b100010101100001 y

#59100000
0!
0[

#59105000
1!
b110101110 ;
1[
b110101110 w

#59106000
b100010101100100 y

#59110000
0!
0[

#59115000
1!
b110101111 ;
1[
b110101111 w

#59116000
b100010101100111 y

#59120000
0!
0[

#59125000
1!
b110110000 ;
1[
b110110000 w

#59126000
b100010101101010 y

#59130000
0!
0[

#59135000
1!
b110110001 ;
1[
b110110001 w

#59136000
b100010101101101 y

#59140000
0!
0[

#59145000
1!
b110110010 ;
1[
b110110010 w

#59146000
b100010101110000 y

#59150000
0!
0[

#59155000
1!
b110110011 ;
1[
b110110011 w

#59156000
b100010101110011 y

#59160000
0!
0[

#59165000
1!
b110110100 ;
1[
b110110100 w

#59166000
b100010101110110 y

#59170000
0!
0[

#59175000
1!
b110110101 ;
1[
b110110101 w

#59176000
b100010101111001 y

#59180000
0!
0[

#59185000
1!
b110110110 ;
1[
b110110110 w

#59186000
b100010101111100 y

#59190000
0!
0[

#59195000
1!
b110110111 ;
1[
b110110111 w

#59196000
b100010101111111 y

#59200000
0!
0[

#59205000
1!
b110111000 ;
1[
b110111000 w

#59206000
b100010110000010 y

#59210000
0!
0[

#59215000
1!
b110111001 ;
1[
b110111001 w

#59216000
b100010110000101 y

#59220000
0!
0[

#59225000
1!
b110111010 ;
1[
b110111010 w

#59226000
b100010110001000 y

#59230000
0!
0[

#59235000
1!
b110111011 ;
1[
b110111011 w

#59236000
b100010110001011 y

#59240000
0!
0[

#59245000
1!
b110111100 ;
1[
b110111100 w

#59246000
b100010110001110 y

#59250000
0!
0[

#59255000
1!
b110111101 ;
1[
b110111101 w

#59256000
b100010110010001 y

#59260000
0!
0[

#59265000
1!
b110111110 ;
1[
b110111110 w

#59266000
b100010110010100 y

#59270000
0!
0[

#59275000
1!
b110111111 ;
1[
b110111111 w

#59276000
b100010110010111 y

#59280000
0!
0[

#59285000
1!
b111000000 ;
1[
b111000000 w

#59286000
b100010110011010 y

#59290000
0!
0[

#59295000
1!
b111000001 ;
1[
b111000001 w

#59296000
b100010110011101 y

#59300000
0!
0[

#59305000
1!
b111000010 ;
1[
b111000010 w

#59306000
b100010110100000 y

#59310000
0!
0[

#59315000
1!
b111000011 ;
1[
b111000011 w

#59316000
b100010110100011 y

#59320000
0!
0[

#59325000
1!
b111000100 ;
1[
b111000100 w

#59326000
b100010110100110 y

#59330000
0!
0[

#59335000
1!
b111000101 ;
1[
b111000101 w

#59336000
b100010110101001 y

#59340000
0!
0[

#59345000
1!
b111000110 ;
1[
b111000110 w

#59346000
b100010110101100 y

#59350000
0!
0[

#59355000
1!
b111000111 ;
1[
b111000111 w

#59356000
b100010110101111 y

#59360000
0!
0[

#59365000
1!
b111001000 ;
1[
b111001000 w

#59366000
b100010110110010 y

#59370000
0!
0[

#59375000
1!
b111001001 ;
1[
b111001001 w

#59376000
b100010110110101 y

#59380000
0!
0[

#59385000
1!
b111001010 ;
1[
b111001010 w

#59386000
b100010110111000 y

#59390000
0!
0[

#59395000
1!
b111001011 ;
1[
b111001011 w

#59396000
b100010110111011 y

#59400000
0!
0[

#59405000
1!
b111001100 ;
1[
b111001100 w

#59406000
b100010110111110 y

#59410000
0!
0[

#59415000
1!
b111001101 ;
1[
b111001101 w

#59416000
b100010111000001 y

#59420000
0!
0[

#59425000
1!
b111001110 ;
1[
b111001110 w

#59426000
b100010111000100 y

#59430000
0!
0[

#59435000
1!
b111001111 ;
1[
b111001111 w

#59436000
b100010111000111 y

#59440000
0!
0[

#59445000
1!
b111010000 ;
1[
b111010000 w

#59446000
b100010111001010 y

#59450000
0!
0[

#59455000
1!
b111010001 ;
1[
b111010001 w

#59456000
b100010111001101 y

#59460000
0!
0[

#59465000
1!
b111010010 ;
1[
b111010010 w

#59466000
b100010111010000 y

#59470000
0!
0[

#59475000
1!
b111010011 ;
1[
b111010011 w

#59476000
b100010111010011 y

#59480000
0!
0[

#59485000
1!
b111010100 ;
1[
b111010100 w

#59486000
b100010111010110 y

#59490000
0!
0[

#59495000
1!
b111010101 ;
1[
b111010101 w

#59496000
b100010111011001 y

#59500000
0!
0[

#59505000
1!
b111010110 ;
1[
b111010110 w

#59506000
b100010111011100 y

#59510000
0!
0[

#59515000
1!
b111010111 ;
1[
b111010111 w

#59516000
b100010111011111 y

#59520000
0!
0[

#59525000
1!
b111011000 ;
1[
b111011000 w

#59526000
b100010111100010 y

#59530000
0!
0[

#59535000
1!
b111011001 ;
1[
b111011001 w

#59536000
b100010111100101 y

#59540000
0!
0[

#59545000
1!
b111011010 ;
1[
b111011010 w

#59546000
b100010111101000 y

#59550000
0!
0[

#59555000
1!
b111011011 ;
1[
b111011011 w

#59556000
b100010111101011 y

#59560000
0!
0[

#59565000
1!
b111011100 ;
1[
b111011100 w

#59566000
b100010111101110 y

#59570000
0!
0[

#59575000
1!
b111011101 ;
1[
b111011101 w

#59576000
b100010111110001 y

#59580000
0!
0[

#59585000
1!
b111011110 ;
1[
b111011110 w

#59586000
b100010111110100 y

#59590000
0!
0[

#59595000
1!
b111011111 ;
1[
b111011111 w

#59596000
b100010111110111 y

#59600000
0!
0[

#59605000
1!
b111100000 ;
1[
b111100000 w

#59606000
b100010111111010 y

#59610000
0!
0[

#59615000
1!
b111100001 ;
1[
b111100001 w

#59616000
b100010111111101 y

#59620000
0!
0[

#59625000
1!
b111100010 ;
1[
b111100010 w

#59626000
b100011000000000 y

#59630000
0!
0[

#59635000
1!
b111100011 ;
1[
b111100011 w

#59636000
b100011000000011 y

#59640000
0!
0[

#59645000
1!
b111100100 ;
1[
b111100100 w

#59646000
b100011000000110 y

#59650000
0!
0[

#59655000
1!
b111100101 ;
1[
b111100101 w

#59656000
b100011000001001 y

#59660000
0!
0[

#59665000
1!
b111100110 ;
1[
b111100110 w

#59666000
b100011000001100 y

#59670000
0!
0[

#59675000
1!
b111100111 ;
1[
b111100111 w

#59676000
b100011000001111 y

#59680000
0!
0[

#59685000
1!
b111101000 ;
1[
b111101000 w

#59686000
b100011000010010 y

#59690000
0!
0[

#59695000
1!
b111101001 ;
1[
b111101001 w

#59696000
b100011000010101 y

#59700000
0!
0[

#59705000
1!
b111101010 ;
1[
b111101010 w

#59706000
b100011000011000 y

#59710000
0!
0[

#59715000
1!
b111101011 ;
1[
b111101011 w

#59716000
b100011000011011 y

#59720000
0!
0[

#59725000
1!
b111101100 ;
1[
b111101100 w

#59726000
b100011000011110 y

#59730000
0!
0[

#59735000
1!
b111101101 ;
1[
b111101101 w

#59736000
b100011000100001 y

#59740000
0!
0[

#59745000
1!
b111101110 ;
1[
b111101110 w

#59746000
b100011000100100 y

#59750000
0!
0[

#59755000
1!
b111101111 ;
1[
b111101111 w

#59756000
b100011000100111 y

#59760000
0!
0[

#59765000
1!
b111110000 ;
1[
b111110000 w

#59766000
b100011000101010 y

#59770000
0!
0[

#59775000
1!
b111110001 ;
1[
b111110001 w

#59776000
b100011000101101 y

#59780000
0!
0[

#59785000
1!
b111110010 ;
1[
b111110010 w

#59786000
b100011000110000 y

#59790000
0!
0[

#59795000
1!
b111110011 ;
1[
b111110011 w

#59796000
b100011000110011 y

#59800000
0!
0[

#59805000
1!
b111110100 ;
1[
b111110100 w

#59806000
b100011000110110 y

#59810000
0!
0[

#59815000
1!
b111110101 ;
1[
b111110101 w

#59816000
b100011000111001 y

#59820000
0!
0[

#59825000
1!
b111110110 ;
1[
b111110110 w

#59826000
b100011000111100 y

#59830000
0!
0[

#59835000
1!
b111110111 ;
1[
b111110111 w

#59836000
b100011000111111 y

#59840000
0!
0[

#59845000
1!
b111111000 ;
1[
b111111000 w

#59846000
b100011001000010 y

#59850000
0!
0[

#59855000
1!
b111111001 ;
1[
b111111001 w

#59856000
b100011001000101 y

#59860000
0!
0[

#59865000
1!
b111111010 ;
1[
b111111010 w

#59866000
b100011001001000 y

#59870000
0!
0[

#59875000
1!
b111111011 ;
1[
b111111011 w

#59876000
b100011001001011 y

#59880000
0!
0[

#59885000
1!
b111111100 ;
1[
b111111100 w

#59886000
b100011001001110 y

#59890000
0!
0[

#59895000
1!
b111111101 ;
1[
b111111101 w

#59896000
b100011001010001 y

#59900000
0!
0[

#59905000
1!
b111111110 ;
1[
b111111110 w

#59906000
b100011001010100 y

#59910000
0!
0[

#59915000
1!
b111111111 ;
1[
b111111111 w

#59916000
b100011001010111 y

#59920000
0!
0[

#59925000
1!
b1000000000 ;
1[
b1000000000 w

#59926000
b100011001011010 y

#59930000
0!
0[

#59935000
1!
b1000000001 ;
1[
b1000000001 w

#59936000
b100011001011101 y

#59940000
0!
0[

#59945000
1!
b1000000010 ;
1[
b1000000010 w

#59946000
b100011001100000 y

#59950000
0!
0[

#59955000
1!
b1000000011 ;
1[
b1000000011 w

#59956000
b100011001100011 y

#59960000
0!
0[

#59965000
1!
b1000000100 ;
1[
b1000000100 w

#59966000
b100011001100110 y

#59970000
0!
0[

#59975000
1!
b1000000101 ;
1[
b1000000101 w

#59976000
b100011001101001 y

#59980000
0!
0[

#59985000
1!
b1000000110 ;
1[
b1000000110 w

#59986000
b100011001101100 y

#59990000
0!
0[

#59995000
1!
b1000000111 ;
1[
b1000000111 w

#59996000
b100011001101111 y

#60000000
0!
0[

#60005000
1!
b1000001000 ;
1[
b1000001000 w

#60006000
b100011001110010 y

#60010000
0!
0[

#60015000
1!
b1000001001 ;
1[
b1000001001 w

#60016000
b100011001110101 y

#60020000
0!
0[

#60025000
1!
b1000001010 ;
1[
b1000001010 w

#60026000
b100011001111000 y

#60030000
0!
0[

#60035000
1!
b1000001011 ;
1[
b1000001011 w

#60036000
b100011001111011 y

#60040000
0!
0[

#60045000
1!
b1000001100 ;
1[
b1000001100 w

#60046000
b100011001111110 y

#60050000
0!
0[

#60055000
1!
b1000001101 ;
1[
b1000001101 w

#60056000
b100011010000001 y

#60060000
0!
0[

#60065000
1!
b1000001110 ;
1[
b1000001110 w

#60066000
b100011010000100 y

#60070000
0!
0[

#60075000
1!
b1000001111 ;
1[
b1000001111 w

#60076000
b100011010000111 y

#60080000
0!
0[

#60085000
1!
b1000010000 ;
1[
b1000010000 w

#60086000
b100011010001010 y

#60090000
0!
0[

#60095000
1!
b1000010001 ;
1[
b1000010001 w

#60096000
b100011010001101 y

#60100000
0!
0[

#60105000
1!
b1000010010 ;
1[
b1000010010 w

#60106000
b100011010010000 y

#60110000
0!
0[

#60115000
1!
b1000010011 ;
1[
b1000010011 w

#60116000
b100011010010011 y

#60120000
0!
0[

#60125000
1!
b1000010100 ;
1[
b1000010100 w

#60126000
b100011010010110 y

#60130000
0!
0[

#60135000
1!
b1000010101 ;
1[
b1000010101 w

#60136000
b100011010011001 y

#60140000
0!
0[

#60145000
1!
b1000010110 ;
1[
b1000010110 w

#60146000
b100011010011100 y

#60150000
0!
0[

#60155000
1!
b1000010111 ;
1[
b1000010111 w

#60156000
b100011010011111 y

#60160000
0!
0[

#60165000
1!
b1000011000 ;
1[
b1000011000 w

#60166000
b100011010100010 y

#60170000
0!
0[

#60175000
1!
b1000011001 ;
1[
b1000011001 w

#60176000
b100011010100101 y

#60180000
0!
0[

#60185000
1!
b1000011010 ;
1[
b1000011010 w

#60186000
b100011010101000 y

#60190000
0!
0[

#60195000
1!
b1000011011 ;
1[
b1000011011 w

#60196000
b100011010101011 y

#60200000
0!
0[

#60205000
1!
b1000011100 ;
1[
b1000011100 w

#60206000
b100011010101110 y

#60210000
0!
0[

#60215000
1!
b1000011101 ;
1[
b1000011101 w

#60216000
b100011010110001 y

#60220000
0!
0[

#60225000
1!
b1000011110 ;
1[
b1000011110 w

#60226000
b100011010110100 y

#60230000
0!
0[

#60235000
1!
b1000011111 ;
1[
b1000011111 w

#60236000
b100011010110111 y

#60240000
0!
0[

#60245000
1!
b1000100000 ;
1[
b1000100000 w

#60246000
b100011010111010 y

#60250000
0!
0[

#60255000
1!
b1000100001 ;
1[
b1000100001 w

#60256000
b100011010111101 y

#60260000
0!
0[

#60265000
1!
b1000100010 ;
1[
b1000100010 w

#60266000
b100011011000000 y

#60270000
0!
0[

#60275000
1!
b1000100011 ;
1[
b1000100011 w

#60276000
b100011011000011 y

#60280000
0!
0[

#60285000
1!
b1000100100 ;
1[
b1000100100 w

#60286000
b100011011000110 y

#60290000
0!
0[

#60295000
1!
b1000100101 ;
1[
b1000100101 w

#60296000
b100011011001001 y

#60300000
0!
0[

#60305000
1!
b1000100110 ;
1[
b1000100110 w

#60306000
b100011011001100 y

#60310000
0!
0[

#60315000
1!
b1000100111 ;
1[
b1000100111 w

#60316000
b100011011001111 y

#60320000
0!
0[

#60325000
1!
b1000101000 ;
1[
b1000101000 w

#60326000
b100011011010010 y

#60330000
0!
0[

#60335000
1!
b1000101001 ;
1[
b1000101001 w

#60336000
b100011011010101 y

#60340000
0!
0[

#60345000
1!
b1000101010 ;
1[
b1000101010 w

#60346000
b100011011011000 y

#60350000
0!
0[

#60355000
1!
b1000101011 ;
1[
b1000101011 w

#60356000
b100011011011011 y

#60360000
0!
0[

#60365000
1!
b1000101100 ;
1[
b1000101100 w

#60366000
b100011011011110 y

#60370000
0!
0[

#60375000
1!
b1000101101 ;
1[
b1000101101 w

#60376000
b100011011100001 y

#60380000
0!
0[

#60385000
1!
b1000101110 ;
1[
b1000101110 w

#60386000
b100011011100100 y

#60390000
0!
0[

#60395000
1!
b1000101111 ;
1[
b1000101111 w

#60396000
b100011011100111 y

#60400000
0!
0[

#60405000
1!
b1000110000 ;
1[
b1000110000 w

#60406000
b100011011101010 y

#60410000
0!
0[

#60415000
1!
b1000110001 ;
1[
b1000110001 w

#60416000
b100011011101101 y

#60420000
0!
0[

#60425000
1!
b1000110010 ;
1[
b1000110010 w

#60426000
b100011011110000 y

#60430000
0!
0[

#60435000
1!
b1000110011 ;
1[
b1000110011 w

#60436000
b100011011110011 y

#60440000
0!
0[

#60445000
1!
b1000110100 ;
1[
b1000110100 w

#60446000
b100011011110110 y

#60450000
0!
0[

#60455000
1!
b1000110101 ;
1[
b1000110101 w

#60456000
b100011011111001 y

#60460000
0!
0[

#60465000
1!
b1000110110 ;
1[
b1000110110 w

#60466000
b100011011111100 y

#60470000
0!
0[

#60475000
1!
b1000110111 ;
1[
b1000110111 w

#60476000
b100011011111111 y

#60480000
0!
0[

#60485000
1!
b1000111000 ;
1[
b1000111000 w

#60486000
b100011100000010 y

#60490000
0!
0[

#60495000
1!
b1000111001 ;
1[
b1000111001 w

#60496000
b100011100000101 y

#60500000
0!
0[

#60505000
1!
b1000111010 ;
1[
b1000111010 w

#60506000
b100011100001000 y

#60510000
0!
0[

#60515000
1!
b1000111011 ;
1[
b1000111011 w

#60516000
b100011100001011 y

#60520000
0!
0[

#60525000
1!
b1000111100 ;
1[
b1000111100 w

#60526000
b100011100001110 y

#60530000
0!
0[

#60535000
1!
b1000111101 ;
1[
b1000111101 w

#60536000
b100011100010001 y

#60540000
0!
0[

#60545000
1!
b1000111110 ;
1[
b1000111110 w

#60546000
b100011100010100 y

#60550000
0!
0[

#60555000
1!
b1000111111 ;
1[
b1000111111 w

#60556000
b100011100010111 y

#60560000
0!
0[

#60565000
1!
b1001000000 ;
1[
b1001000000 w

#60566000
b100011100011010 y

#60570000
0!
0[

#60575000
1!
b1001000001 ;
1[
b1001000001 w

#60576000
b100011100011101 y

#60580000
0!
0[

#60585000
1!
b1001000010 ;
1[
b1001000010 w

#60586000
b100011100100000 y

#60590000
0!
0[

#60595000
1!
b1001000011 ;
1[
b1001000011 w

#60596000
b100011100100011 y

#60600000
0!
0[

#60605000
1!
b1001000100 ;
1[
b1001000100 w

#60606000
b100011100100110 y

#60610000
0!
0[

#60615000
1!
b1001000101 ;
1[
b1001000101 w

#60616000
b100011100101001 y

#60620000
0!
0[

#60625000
1!
b1001000110 ;
1[
b1001000110 w

#60626000
b100011100101100 y

#60630000
0!
0[

#60635000
1!
b1001000111 ;
1[
b1001000111 w

#60636000
b100011100101111 y

#60640000
0!
0[

#60645000
1!
b1001001000 ;
1[
b1001001000 w

#60646000
b100011100110010 y

#60650000
0!
0[

#60655000
1!
b1001001001 ;
1[
b1001001001 w

#60656000
b100011100110101 y

#60660000
0!
0[

#60665000
1!
b1001001010 ;
1[
b1001001010 w

#60666000
b100011100111000 y

#60670000
0!
0[

#60675000
1!
b1001001011 ;
1[
b1001001011 w

#60676000
b100011100111011 y

#60680000
0!
0[

#60685000
1!
b1001001100 ;
1[
b1001001100 w

#60686000
b100011100111110 y

#60690000
0!
0[

#60695000
1!
b1001001101 ;
1[
b1001001101 w

#60696000
b100011101000001 y

#60700000
0!
0[

#60705000
1!
b1001001110 ;
1[
b1001001110 w

#60706000
b100011101000100 y

#60710000
0!
0[

#60715000
1!
b1001001111 ;
1[
b1001001111 w

#60716000
b100011101000111 y

#60720000
0!
0[

#60725000
1!
b1001010000 ;
1[
b1001010000 w

#60726000
b100011101001010 y

#60730000
0!
0[

#60735000
1!
b1001010001 ;
1[
b1001010001 w

#60736000
b100011101001101 y

#60740000
0!
0[

#60745000
1!
b1001010010 ;
1[
b1001010010 w

#60746000
b100011101010000 y

#60750000
0!
0[

#60755000
1!
b1001010011 ;
1[
b1001010011 w

#60756000
b100011101010011 y

#60760000
0!
0[

#60765000
1!
b1001010100 ;
1[
b1001010100 w

#60766000
b100011101010110 y

#60770000
0!
0[

#60775000
1!
b1001010101 ;
1[
b1001010101 w

#60776000
b100011101011001 y

#60780000
0!
0[

#60785000
1!
b1001010110 ;
1[
b1001010110 w

#60786000
b100011101011100 y

#60790000
0!
0[

#60795000
1!
b1001010111 ;
1[
b1001010111 w

#60796000
b100011101011111 y

#60800000
0!
0[

#60805000
1!
b1001011000 ;
1[
b1001011000 w

#60806000
b100011101100010 y

#60810000
0!
0[

#60815000
1!
b1001011001 ;
1[
b1001011001 w

#60816000
b100011101100101 y

#60820000
0!
0[

#60825000
1!
b1001011010 ;
1[
b1001011010 w

#60826000
b100011101101000 y

#60830000
0!
0[

#60835000
1!
b1001011011 ;
1[
b1001011011 w

#60836000
b100011101101011 y

#60840000
0!
0[

#60845000
1!
b1001011100 ;
1[
b1001011100 w

#60846000
b100011101101110 y

#60850000
0!
0[

#60855000
1!
b1001011101 ;
1[
b1001011101 w

#60856000
b100011101110001 y

#60860000
0!
0[

#60865000
1!
b1001011110 ;
1[
b1001011110 w

#60866000
b100011101110100 y

#60870000
0!
0[

#60875000
1!
b1001011111 ;
1[
b1001011111 w

#60876000
b100011101110111 y

#60880000
0!
0[

#60885000
1!
b1001100000 ;
1[
b1001100000 w

#60886000
b100011101111010 y

#60890000
0!
0[

#60895000
1!
b1001100001 ;
1[
b1001100001 w

#60896000
b100011101111101 y

#60900000
0!
0[

#60905000
1!
b1001100010 ;
1[
b1001100010 w

#60906000
b100011110000000 y

#60910000
0!
0[

#60915000
1!
b1001100011 ;
1[
b1001100011 w

#60916000
b100011110000011 y

#60920000
0!
0[

#60925000
1!
b1001100100 ;
1[
b1001100100 w

#60926000
b100011110000110 y

#60930000
0!
0[

#60935000
1!
b1001100101 ;
1[
b1001100101 w

#60936000
b100011110001001 y

#60940000
0!
0[

#60945000
1!
b1001100110 ;
1[
b1001100110 w

#60946000
b100011110001100 y

#60950000
0!
0[

#60955000
1!
b1001100111 ;
1[
b1001100111 w

#60956000
b100011110001111 y

#60960000
0!
0[

#60965000
1!
b1001101000 ;
1[
b1001101000 w

#60966000
b100011110010010 y

#60970000
0!
0[

#60975000
1!
b1001101001 ;
1[
b1001101001 w

#60976000
b100011110010101 y

#60980000
0!
0[

#60985000
1!
b1001101010 ;
1[
b1001101010 w

#60986000
b100011110011000 y

#60990000
0!
0[

#60995000
1!
b1001101011 ;
1[
b1001101011 w

#60996000
b100011110011011 y

#61000000
0!
0[

#61005000
1!
b1001101100 ;
1[
b1001101100 w

#61006000
b100011110011110 y

#61010000
0!
0[

#61015000
1!
b1001101101 ;
1[
b1001101101 w

#61016000
b100011110100001 y

#61020000
0!
0[

#61025000
1!
b1001101110 ;
1[
b1001101110 w

#61026000
b100011110100100 y

#61030000
0!
0[

#61035000
1!
b1001101111 ;
1[
b1001101111 w

#61036000
b100011110100111 y

#61040000
0!
0[

#61045000
1!
b1001110000 ;
1[
b1001110000 w

#61046000
b100011110101010 y

#61050000
0!
0[

#61055000
1!
b1001110001 ;
1[
b1001110001 w

#61056000
b100011110101101 y

#61060000
0!
0[

#61065000
1!
b1001110010 ;
1[
b1001110010 w

#61066000
b100011110110000 y

#61070000
0!
0[

#61075000
1!
b1001110011 ;
1[
b1001110011 w

#61076000
b100011110110011 y

#61080000
0!
0[

#61085000
1!
b1001110100 ;
1[
b1001110100 w

#61086000
b100011110110110 y

#61090000
0!
0[

#61095000
1!
b1001110101 ;
1[
b1001110101 w

#61096000
b100011110111001 y

#61100000
0!
0[

#61105000
1!
b1001110110 ;
1[
b1001110110 w

#61106000
b100011110111100 y

#61110000
0!
0[

#61115000
1!
b1001110111 ;
1[
b1001110111 w

#61116000
b100011110111111 y

#61120000
0!
0[

#61125000
1!
b1001111000 ;
1[
b1001111000 w

#61126000
b100011111000010 y

#61130000
0!
0[

#61135000
1!
b1001111001 ;
1[
b1001111001 w

#61136000
b100011111000101 y

#61140000
0!
0[

#61145000
1!
b1001111010 ;
1[
b1001111010 w

#61146000
b100011111001000 y

#61150000
0!
0[

#61155000
1!
b1001111011 ;
1[
b1001111011 w

#61156000
b100011111001011 y

#61160000
0!
0[

#61165000
1!
b1001111100 ;
1[
b1001111100 w

#61166000
b100011111001110 y

#61170000
0!
0[

#61175000
1!
b1001111101 ;
1[
b1001111101 w

#61176000
b100011111010001 y

#61180000
0!
0[

#61185000
1!
b1001111110 ;
1[
b1001111110 w

#61186000
b100011111010100 y

#61190000
0!
0[

#61195000
1!
b1001111111 ;
1[
b1001111111 w

#61196000
b100011111010111 y

#61200000
0!
0[

#61205000
1!
b1010000000 ;
1[
b1010000000 w

#61206000
b100011111011010 y

#61210000
0!
0[

#61215000
1!
b1010000001 ;
1[
b1010000001 w

#61216000
b100011111011101 y

#61220000
0!
0[

#61225000
1!
b1010000010 ;
1[
b1010000010 w

#61226000
b100011111100000 y

#61230000
0!
0[

#61235000
1!
b1010000011 ;
1[
b1010000011 w

#61236000
b100011111100011 y

#61240000
0!
0[

#61245000
1!
b1010000100 ;
1[
b1010000100 w

#61246000
b100011111100110 y

#61250000
0!
0[

#61255000
1!
b1010000101 ;
1[
b1010000101 w

#61256000
b100011111101001 y

#61260000
0!
0[

#61265000
1!
b1010000110 ;
1[
b1010000110 w

#61266000
b100011111101100 y

#61270000
0!
0[

#61275000
1!
b1010000111 ;
1[
b1010000111 w

#61276000
b100011111101111 y

#61280000
0!
0[

#61285000
1!
b1010001000 ;
1[
b1010001000 w

#61286000
b100011111110010 y

#61290000
0!
0[

#61295000
1!
b1010001001 ;
1[
b1010001001 w

#61296000
b100011111110101 y

#61300000
0!
0[

#61305000
1!
b1010001010 ;
1[
b1010001010 w

#61306000
b100011111111000 y

#61310000
0!
0[

#61315000
1!
b1010001011 ;
1[
b1010001011 w

#61316000
b100011111111011 y

#61320000
0!
0[

#61325000
1!
b1010001100 ;
1[
b1010001100 w

#61326000
b100011111111110 y

#61330000
0!
0[

#61335000
1!
b1010001101 ;
1[
b1010001101 w

#61336000
b100100000000001 y

#61340000
0!
0[

#61345000
1!
b1010001110 ;
1[
b1010001110 w

#61346000
b100100000000100 y

#61350000
0!
0[

#61355000
1!
b1010001111 ;
1[
b1010001111 w

#61356000
b100100000000111 y

#61360000
0!
0[

#61365000
1!
b1010010000 ;
1[
b1010010000 w

#61366000
b100100000001010 y

#61370000
0!
0[

#61375000
1!
b1010010001 ;
1[
b1010010001 w

#61376000
b100100000001101 y

#61380000
0!
0[

#61385000
1!
b1010010010 ;
1[
b1010010010 w

#61386000
b100100000010000 y

#61390000
0!
0[

#61395000
1!
b1010010011 ;
1[
b1010010011 w

#61396000
b100100000010011 y

#61400000
0!
0[

#61405000
1!
b1010010100 ;
1[
b1010010100 w

#61406000
b100100000010110 y

#61410000
0!
0[

#61415000
1!
b1010010101 ;
1[
b1010010101 w

#61416000
b100100000011001 y

#61420000
0!
0[

#61425000
1!
b1010010110 ;
1[
b1010010110 w

#61426000
b100100000011100 y

#61430000
0!
0[

#61435000
1!
b1010010111 ;
1[
b1010010111 w

#61436000
b100100000011111 y

#61440000
0!
0[

#61445000
1!
b1010011000 ;
1[
b1010011000 w

#61446000
b100100000100010 y

#61450000
0!
0[

#61455000
1!
b1010011001 ;
1[
b1010011001 w

#61456000
b100100000100101 y

#61460000
0!
0[

#61465000
1!
b1010011010 ;
1[
b1010011010 w

#61466000
b100100000101000 y

#61470000
0!
0[

#61475000
1!
b1010011011 ;
1[
b1010011011 w

#61476000
b100100000101011 y

#61480000
0!
0[

#61485000
1!
b1010011100 ;
1[
b1010011100 w

#61486000
b100100000101110 y

#61490000
0!
0[

#61495000
1!
b1010011101 ;
1[
b1010011101 w

#61496000
b100100000110001 y

#61500000
0!
0[

#61505000
1!
b1010011110 ;
1[
b1010011110 w

#61506000
b100100000110100 y

#61510000
0!
0[

#61515000
1!
b1010011111 ;
1[
b1010011111 w

#61516000
b100100000110111 y

#61520000
0!
0[

#61525000
1!
b1010100000 ;
1[
b1010100000 w

#61526000
b100100000111010 y

#61530000
0!
0[

#61535000
1!
b1010100001 ;
1[
b1010100001 w

#61536000
b100100000111101 y

#61540000
0!
0[

#61545000
1!
b1010100010 ;
1[
b1010100010 w

#61546000
b100100001000000 y

#61550000
0!
0[

#61555000
1!
b1010100011 ;
1[
b1010100011 w

#61556000
b100100001000011 y

#61560000
0!
0[

#61565000
1!
b1010100100 ;
1[
b1010100100 w

#61566000
b100100001000110 y

#61570000
0!
0[

#61575000
1!
b1010100101 ;
1[
b1010100101 w

#61576000
b100100001001001 y

#61580000
0!
0[

#61585000
1!
b1010100110 ;
1[
b1010100110 w

#61586000
b100100001001100 y

#61590000
0!
0[

#61595000
1!
b1010100111 ;
1[
b1010100111 w

#61596000
b100100001001111 y

#61600000
0!
0[

#61605000
1!
b1010101000 ;
1[
b1010101000 w

#61606000
b100100001010010 y

#61610000
0!
0[

#61615000
1!
b1010101001 ;
1[
b1010101001 w

#61616000
b100100001010101 y

#61620000
0!
0[

#61625000
1!
b1010101010 ;
1[
b1010101010 w

#61626000
b100100001011000 y

#61630000
0!
0[

#61635000
1!
b1010101011 ;
1[
b1010101011 w

#61636000
b100100001011011 y

#61640000
0!
0[

#61645000
1!
b1010101100 ;
1[
b1010101100 w

#61646000
b100100001011110 y

#61650000
0!
0[

#61655000
1!
b1010101101 ;
1[
b1010101101 w

#61656000
b100100001100001 y

#61660000
0!
0[

#61665000
1!
b1010101110 ;
1[
b1010101110 w

#61666000
b100100001100100 y

#61670000
0!
0[

#61675000
1!
b1010101111 ;
1[
b1010101111 w

#61676000
b100100001100111 y

#61680000
0!
0[

#61685000
1!
b1010110000 ;
1[
b1010110000 w

#61686000
b100100001101010 y

#61690000
0!
0[

#61695000
1!
b1010110001 ;
1[
b1010110001 w

#61696000
b100100001101101 y

#61700000
0!
0[

#61705000
1!
b1010110010 ;
1[
b1010110010 w

#61706000
b100100001110000 y

#61710000
0!
0[

#61715000
1!
b1010110011 ;
1[
b1010110011 w

#61716000
b100100001110011 y

#61720000
0!
0[

#61725000
1!
b1010110100 ;
1[
b1010110100 w

#61726000
b100100001110110 y

#61730000
0!
0[

#61735000
1!
b1010110101 ;
1[
b1010110101 w

#61736000
b100100001111001 y

#61740000
0!
0[

#61745000
1!
b1010110110 ;
1[
b1010110110 w

#61746000
b100100001111100 y

#61750000
0!
0[

#61755000
1!
b1010110111 ;
1[
b1010110111 w

#61756000
b100100001111111 y

#61760000
0!
0[

#61765000
1!
b1010111000 ;
1[
b1010111000 w

#61766000
b100100010000010 y

#61770000
0!
0[

#61775000
1!
b1010111001 ;
1[
b1010111001 w

#61776000
b100100010000101 y

#61780000
0!
0[

#61785000
1!
b1010111010 ;
1[
b1010111010 w

#61786000
b100100010001000 y

#61790000
0!
0[

#61795000
1!
b1010111011 ;
1[
b1010111011 w

#61796000
b100100010001011 y

#61800000
0!
0[

#61805000
1!
b1010111100 ;
1[
b1010111100 w

#61806000
b100100010001110 y

#61810000
0!
0[

#61815000
1!
b1010111101 ;
1[
b1010111101 w

#61816000
b100100010010001 y

#61820000
0!
0[

#61825000
1!
b1010111110 ;
1[
b1010111110 w

#61826000
b100100010010100 y

#61830000
0!
0[

#61835000
1!
b1010111111 ;
1[
b1010111111 w

#61836000
b100100010010111 y

#61840000
0!
0[

#61845000
1!
b1011000000 ;
1[
b1011000000 w

#61846000
b100100010011010 y

#61850000
0!
0[

#61855000
1!
b1011000001 ;
1[
b1011000001 w

#61856000
b100100010011101 y

#61860000
0!
0[

#61865000
1!
b1011000010 ;
1[
b1011000010 w

#61866000
b100100010100000 y

#61870000
0!
0[

#61875000
1!
b1011000011 ;
1[
b1011000011 w

#61876000
b100100010100011 y

#61880000
0!
0[

#61885000
1!
b1011000100 ;
1[
b1011000100 w

#61886000
b100100010100110 y

#61890000
0!
0[

#61895000
1!
b1011000101 ;
1[
b1011000101 w

#61896000
b100100010101001 y

#61900000
0!
0[

#61905000
1!
b1011000110 ;
1[
b1011000110 w

#61906000
b100100010101100 y

#61910000
0!
0[

#61915000
1!
b1011000111 ;
1[
b1011000111 w

#61916000
b100100010101111 y

#61920000
0!
0[

#61925000
1!
b1011001000 ;
1[
b1011001000 w

#61926000
b100100010110010 y

#61930000
0!
0[

#61935000
1!
b1011001001 ;
1[
b1011001001 w

#61936000
b100100010110101 y

#61940000
0!
0[

#61945000
1!
b1011001010 ;
1[
b1011001010 w

#61946000
b100100010111000 y

#61950000
0!
0[

#61955000
1!
b1011001011 ;
1[
b1011001011 w

#61956000
b100100010111011 y

#61960000
0!
0[

#61965000
1!
b1011001100 ;
1[
b1011001100 w

#61966000
b100100010111110 y

#61970000
0!
0[

#61975000
1!
b1011001101 ;
1[
b1011001101 w

#61976000
b100100011000001 y

#61980000
0!
0[

#61985000
1!
b1011001110 ;
1[
b1011001110 w

#61986000
b100100011000100 y

#61990000
0!
0[

#61995000
1!
b1011001111 ;
1[
b1011001111 w

#61996000
b100100011000111 y

#62000000
0!
0[

#62005000
1!
b1011010000 ;
1[
b1011010000 w

#62006000
b100100011001010 y

#62010000
0!
0[

#62015000
1!
b1011010001 ;
1[
b1011010001 w

#62016000
b100100011001101 y

#62020000
0!
0[

#62025000
1!
b1011010010 ;
1[
b1011010010 w

#62026000
b100100011010000 y

#62030000
0!
0[

#62035000
1!
b1011010011 ;
1[
b1011010011 w

#62036000
b100100011010011 y

#62040000
0!
0[

#62045000
1!
b1011010100 ;
1[
b1011010100 w

#62046000
b100100011010110 y

#62050000
0!
0[

#62055000
1!
b1011010101 ;
1[
b1011010101 w

#62056000
b100100011011001 y

#62060000
0!
0[

#62065000
1!
b1011010110 ;
1[
b1011010110 w

#62066000
b100100011011100 y

#62070000
0!
0[

#62075000
1!
b1011010111 ;
1[
b1011010111 w

#62076000
b100100011011111 y

#62080000
0!
0[

#62085000
1!
b1011011000 ;
1[
b1011011000 w

#62086000
b100100011100010 y

#62090000
0!
0[

#62095000
1!
b1011011001 ;
1[
b1011011001 w

#62096000
b100100011100101 y

#62100000
0!
0[

#62105000
1!
b1011011010 ;
1[
b1011011010 w

#62106000
b100100011101000 y

#62110000
0!
0[

#62115000
1!
b1011011011 ;
1[
b1011011011 w

#62116000
b100100011101011 y

#62120000
0!
0[

#62125000
1!
b1011011100 ;
1[
b1011011100 w

#62126000
b100100011101110 y

#62130000
0!
0[

#62135000
1!
b1011011101 ;
1[
b1011011101 w

#62136000
b100100011110001 y

#62140000
0!
0[

#62145000
1!
b1011011110 ;
1[
b1011011110 w

#62146000
b100100011110100 y

#62150000
0!
0[

#62155000
1!
b1011011111 ;
1[
b1011011111 w

#62156000
b100100011110111 y

#62160000
0!
0[

#62165000
1!
b1011100000 ;
1[
b1011100000 w

#62166000
b100100011111010 y

#62170000
0!
0[

#62175000
1!
b1011100001 ;
1[
b1011100001 w

#62176000
b100100011111101 y

#62180000
0!
0[

#62185000
1!
b1011100010 ;
1[
b1011100010 w

#62186000
b100100100000000 y

#62190000
0!
0[

#62195000
1!
b1011100011 ;
1[
b1011100011 w

#62196000
b100100100000011 y

#62200000
0!
0[

#62205000
1!
b1011100100 ;
1[
b1011100100 w

#62206000
b100100100000110 y

#62210000
0!
0[

#62215000
1!
b1011100101 ;
1[
b1011100101 w

#62216000
b100100100001001 y

#62220000
0!
0[

#62225000
1!
b1011100110 ;
1[
b1011100110 w

#62226000
b100100100001100 y

#62230000
0!
0[

#62235000
1!
b1011100111 ;
1[
b1011100111 w

#62236000
b100100100001111 y

#62240000
0!
0[

#62245000
1!
b1011101000 ;
1[
b1011101000 w

#62246000
b100100100010010 y

#62250000
0!
0[

#62255000
1!
b1011101001 ;
1[
b1011101001 w

#62256000
b100100100010101 y

#62260000
0!
0[

#62265000
1!
b1011101010 ;
1[
b1011101010 w

#62266000
b100100100011000 y

#62270000
0!
0[

#62275000
1!
b1011101011 ;
1[
b1011101011 w

#62276000
b100100100011011 y

#62280000
0!
0[

#62285000
1!
b1011101100 ;
1[
b1011101100 w

#62286000
b100100100011110 y

#62290000
0!
0[

#62295000
1!
b1011101101 ;
1[
b1011101101 w

#62296000
b100100100100001 y

#62300000
0!
0[

#62305000
1!
b1011101110 ;
1[
b1011101110 w

#62306000
b100100100100100 y

#62310000
0!
0[

#62315000
1!
b1011101111 ;
1[
b1011101111 w

#62316000
b100100100100111 y

#62320000
0!
0[

#62325000
1!
b1011110000 ;
1[
b1011110000 w

#62326000
b100100100101010 y

#62330000
0!
0[

#62335000
1!
b1011110001 ;
1[
b1011110001 w

#62336000
b100100100101101 y

#62340000
0!
0[

#62345000
1!
b1011110010 ;
1[
b1011110010 w

#62346000
b100100100110000 y

#62350000
0!
0[

#62355000
1!
b1011110011 ;
1[
b1011110011 w

#62356000
b100100100110011 y

#62360000
0!
0[

#62365000
1!
b1011110100 ;
1[
b1011110100 w

#62366000
b100100100110110 y

#62370000
0!
0[

#62375000
1!
b1011110101 ;
1[
b1011110101 w

#62376000
b100100100111001 y

#62380000
0!
0[

#62385000
1!
b1011110110 ;
1[
b1011110110 w

#62386000
b100100100111100 y

#62390000
0!
0[

#62395000
1!
b1011110111 ;
1[
b1011110111 w

#62396000
b100100100111111 y

#62400000
0!
0[

#62405000
1!
b1011111000 ;
1[
b1011111000 w

#62406000
b100100101000010 y

#62410000
0!
0[

#62415000
1!
b1011111001 ;
1[
b1011111001 w

#62416000
b100100101000101 y

#62420000
0!
0[

#62425000
1!
b1011111010 ;
1[
b1011111010 w

#62426000
b100100101001000 y

#62430000
0!
0[

#62435000
1!
b1011111011 ;
1[
b1011111011 w

#62436000
b100100101001011 y

#62440000
0!
0[

#62445000
1!
b1011111100 ;
1[
b1011111100 w

#62446000
b100100101001110 y

#62450000
0!
0[

#62455000
1!
b1011111101 ;
1[
b1011111101 w

#62456000
b100100101010001 y

#62460000
0!
0[

#62465000
1!
b1011111110 ;
1[
b1011111110 w

#62466000
b100100101010100 y

#62470000
0!
0[

#62475000
1!
b1011111111 ;
1[
b1011111111 w

#62476000
b100100101010111 y

#62480000
0!
0[

#62485000
1!
b1100000000 ;
1[
b1100000000 w

#62486000
b100100101011010 y

#62490000
0!
0[

#62495000
1!
b1100000001 ;
1[
b1100000001 w

#62496000
b100100101011101 y

#62500000
0!
0[

#62505000
1!
b1100000010 ;
1[
b1100000010 w

#62506000
b100100101100000 y

#62510000
0!
0[

#62515000
1!
b1100000011 ;
1[
b1100000011 w

#62516000
b100100101100011 y

#62520000
0!
0[

#62525000
1!
b1100000100 ;
1[
b1100000100 w

#62526000
b100100101100110 y

#62530000
0!
0[

#62535000
1!
b1100000101 ;
1[
b1100000101 w

#62536000
b100100101101001 y

#62540000
0!
0[

#62545000
1!
b1100000110 ;
1[
b1100000110 w

#62546000
b100100101101100 y

#62550000
0!
0[

#62555000
1!
b1100000111 ;
1[
b1100000111 w

#62556000
b100100101101111 y

#62560000
0!
0[

#62565000
1!
b1100001000 ;
1[
b1100001000 w

#62566000
b100100101110010 y

#62570000
0!
0[

#62575000
1!
b1100001001 ;
1[
b1100001001 w

#62576000
b100100101110101 y

#62580000
0!
0[

#62585000
1!
b1100001010 ;
1[
b1100001010 w

#62586000
b100100101111000 y

#62590000
0!
0[

#62595000
1!
b1100001011 ;
1[
b1100001011 w

#62596000
b100100101111011 y

#62600000
0!
0[

#62605000
1!
b1100001100 ;
1[
b1100001100 w

#62606000
b100100101111110 y

#62610000
0!
0[

#62615000
1!
b1100001101 ;
1[
b1100001101 w

#62616000
b100100110000001 y

#62620000
0!
0[

#62625000
1!
b1100001110 ;
1[
b1100001110 w

#62626000
b100100110000100 y

#62630000
0!
0[

#62635000
1!
b1100001111 ;
1[
b1100001111 w

#62636000
b100100110000111 y

#62640000
0!
0[

#62645000
1!
b1100010000 ;
1[
b1100010000 w

#62646000
b100100110001010 y

#62650000
0!
0[

#62655000
1!
b1100010001 ;
1[
b1100010001 w

#62656000
b100100110001101 y

#62660000
0!
0[

#62665000
1!
b1100010010 ;
1[
b1100010010 w

#62666000
b100100110010000 y

#62670000
0!
0[

#62675000
1!
b1100010011 ;
1[
b1100010011 w

#62676000
b100100110010011 y

#62680000
0!
0[

#62685000
1!
b1100010100 ;
1[
b1100010100 w

#62686000
b100100110010110 y

#62690000
0!
0[

#62695000
1!
b1100010101 ;
1[
b1100010101 w

#62696000
b100100110011001 y

#62700000
0!
0[

#62705000
1!
b1100010110 ;
1[
b1100010110 w

#62706000
b100100110011100 y

#62710000
0!
0[

#62715000
1!
b1100010111 ;
1[
b1100010111 w

#62716000
b100100110011111 y

#62720000
0!
0[

#62725000
1!
b1100011000 ;
1[
b1100011000 w

#62726000
b100100110100010 y

#62730000
0!
0[

#62735000
1!
b1100011001 ;
1[
b1100011001 w

#62736000
b100100110100101 y

#62740000
0!
0[

#62745000
1!
b1100011010 ;
1[
b1100011010 w

#62746000
b100100110101000 y

#62750000
0!
0[

#62755000
1!
b1100011011 ;
1[
b1100011011 w

#62756000
b100100110101011 y

#62760000
0!
0[

#62765000
1!
b1100011100 ;
1[
b1100011100 w

#62766000
b100100110101110 y

#62770000
0!
0[

#62775000
1!
b1100011101 ;
1[
b1100011101 w

#62776000
b100100110110001 y

#62780000
0!
0[

#62785000
1!
b1100011110 ;
1[
b1100011110 w

#62786000
b100100110110100 y

#62790000
0!
0[

#62795000
1!
b1100011111 ;
1[
b1100011111 w

#62796000
b100100110110111 y

#62800000
0!
0[

#62805000
1!
b1100100000 ;
1[
b1100100000 w

#62806000
b100100110111010 y

#62810000
0!
0[

#62815000
1!
b1100100001 ;
1[
b1100100001 w

#62816000
b100100110111101 y

#62820000
0!
0[

#62825000
1!
b1100100010 ;
1[
b1100100010 w

#62826000
b100100111000000 y

#62830000
0!
0[

#62835000
1!
b1100100011 ;
1[
b1100100011 w

#62836000
b100100111000011 y

#62840000
0!
0[

#62845000
1!
b1100100100 ;
1[
b1100100100 w

#62846000
b100100111000110 y

#62850000
0!
0[

#62855000
1!
b1100100101 ;
1[
b1100100101 w

#62856000
b100100111001001 y

#62860000
0!
0[

#62865000
1!
b1100100110 ;
1[
b1100100110 w

#62866000
b100100111001100 y

#62870000
0!
0[

#62875000
1!
b1100100111 ;
1[
b1100100111 w

#62876000
b100100111001111 y

#62880000
0!
0[

#62885000
1!
b1100101000 ;
1[
b1100101000 w

#62886000
b100100111010010 y

#62890000
0!
0[

#62895000
1!
b1100101001 ;
1[
b1100101001 w

#62896000
b100100111010101 y

#62900000
0!
0[

#62905000
1!
b1100101010 ;
1[
b1100101010 w

#62906000
b100100111011000 y

#62910000
0!
0[

#62915000
1!
b1100101011 ;
1[
b1100101011 w

#62916000
b100100111011011 y

#62920000
0!
0[

#62925000
1!
b1100101100 ;
1[
b1100101100 w

#62926000
b100100111011110 y

#62930000
0!
0[

#62935000
1!
b1100101101 ;
1[
b1100101101 w

#62936000
b100100111100001 y

#62940000
0!
0[

#62945000
1!
b1100101110 ;
1[
b1100101110 w

#62946000
b100100111100100 y

#62950000
0!
0[

#62955000
1!
b1100101111 ;
1[
b1100101111 w

#62956000
b100100111100111 y

#62960000
0!
0[

#62965000
1!
b1100110000 ;
1[
b1100110000 w

#62966000
b100100111101010 y

#62970000
0!
0[

#62975000
1!
b1100110001 ;
1[
b1100110001 w

#62976000
b100100111101101 y

#62980000
0!
0[

#62985000
1!
b1100110010 ;
1[
b1100110010 w

#62986000
b100100111110000 y

#62990000
0!
0[

#62995000
1!
b1100110011 ;
1[
b1100110011 w

#62996000
b100100111110011 y

#63000000
0!
0[

#63005000
1!
b1100110100 ;
1[
b1100110100 w

#63006000
b100100111110110 y

#63010000
0!
0[

#63015000
1!
b1100110101 ;
1[
b1100110101 w

#63016000
b100100111111001 y

#63020000
0!
0[

#63025000
1!
b1100110110 ;
1[
b1100110110 w

#63026000
b100100111111100 y

#63030000
0!
0[

#63035000
1!
b1100110111 ;
1[
b1100110111 w

#63036000
b100100111111111 y

#63040000
0!
0[

#63045000
1!
b1100111000 ;
1[
b1100111000 w

#63046000
b100101000000010 y

#63050000
0!
0[

#63055000
1!
b1100111001 ;
1[
b1100111001 w

#63056000
b100101000000101 y

#63060000
0!
0[

#63065000
1!
b1100111010 ;
1[
b1100111010 w

#63066000
b100101000001000 y

#63070000
0!
0[

#63075000
1!
b1100111011 ;
1[
b1100111011 w

#63076000
b100101000001011 y

#63080000
0!
0[

#63085000
1!
b1100111100 ;
1[
b1100111100 w

#63086000
b100101000001110 y

#63090000
0!
0[

#63095000
1!
b1100111101 ;
1[
b1100111101 w

#63096000
b100101000010001 y

#63100000
0!
0[

#63105000
1!
b1100111110 ;
1[
b1100111110 w

#63106000
b100101000010100 y

#63110000
0!
0[

#63115000
1!
b1100111111 ;
1[
b1100111111 w

#63116000
b100101000010111 y

#63120000
0!
0[

#63125000
1!
b1101000000 ;
1[
b1101000000 w

#63126000
b100101000011010 y

#63130000
0!
0[

#63135000
1!
b1101000001 ;
1[
b1101000001 w

#63136000
b100101000011101 y

#63140000
0!
0[

#63145000
1!
b1101000010 ;
1[
b1101000010 w

#63146000
b100101000100000 y

#63150000
0!
0[

#63155000
1!
b1101000011 ;
1[
b1101000011 w

#63156000
b100101000100011 y

#63160000
0!
0[

#63165000
1!
b1101000100 ;
1[
b1101000100 w

#63166000
b100101000100110 y

#63170000
0!
0[

#63175000
1!
b1101000101 ;
1[
b1101000101 w

#63176000
b100101000101001 y

#63180000
0!
0[

#63185000
1!
b1101000110 ;
1[
b1101000110 w

#63186000
b100101000101100 y

#63190000
0!
0[

#63195000
1!
b1101000111 ;
1[
b1101000111 w

#63196000
b100101000101111 y

#63200000
0!
0[

#63205000
1!
b1101001000 ;
1[
b1101001000 w

#63206000
b100101000110010 y

#63210000
0!
0[

#63215000
1!
b1101001001 ;
1[
b1101001001 w

#63216000
b100101000110101 y

#63220000
0!
0[

#63225000
1!
b1101001010 ;
1[
b1101001010 w

#63226000
b100101000111000 y

#63230000
0!
0[

#63235000
1!
b1101001011 ;
1[
b1101001011 w

#63236000
b100101000111011 y

#63240000
0!
0[

#63245000
1!
b1101001100 ;
1[
b1101001100 w

#63246000
b100101000111110 y

#63250000
0!
0[

#63255000
1!
b1101001101 ;
1[
b1101001101 w

#63256000
b100101001000001 y

#63260000
0!
0[

#63265000
1!
b1101001110 ;
1[
b1101001110 w

#63266000
b100101001000100 y

#63270000
0!
0[

#63275000
1!
b1101001111 ;
1[
b1101001111 w

#63276000
b100101001000111 y

#63280000
0!
0[

#63285000
1!
b1101010000 ;
1[
b1101010000 w

#63286000
b100101001001010 y

#63290000
0!
0[

#63295000
1!
b1101010001 ;
1[
b1101010001 w

#63296000
b100101001001101 y

#63300000
0!
0[

#63305000
1!
b1101010010 ;
1[
b1101010010 w

#63306000
b100101001010000 y

#63310000
0!
0[

#63315000
1!
b1101010011 ;
1[
b1101010011 w

#63316000
b100101001010011 y

#63320000
0!
0[

#63325000
1!
b1101010100 ;
1[
b1101010100 w

#63326000
b100101001010110 y

#63330000
0!
0[

#63335000
1!
b1101010101 ;
1[
b1101010101 w

#63336000
b100101001011001 y

#63340000
0!
0[

#63345000
1!
b1101010110 ;
1[
b1101010110 w

#63346000
b100101001011100 y

#63350000
0!
0[

#63355000
1!
b1101010111 ;
1[
b1101010111 w

#63356000
b100101001011111 y

#63360000
0!
0[

#63365000
1!
b1101011000 ;
1[
b1101011000 w

#63366000
b100101001100010 y

#63370000
0!
0[

#63375000
1!
b1101011001 ;
1[
b1101011001 w

#63376000
b100101001100101 y

#63380000
0!
0[

#63385000
1!
b1101011010 ;
1[
b1101011010 w

#63386000
b100101001101000 y

#63390000
0!
0[

#63395000
1!
b1101011011 ;
1[
b1101011011 w

#63396000
b100101001101011 y

#63400000
0!
0[

#63405000
1!
b1101011100 ;
1[
b1101011100 w

#63406000
b100101001101110 y

#63410000
0!
0[

#63415000
1!
b1101011101 ;
1[
b1101011101 w

#63416000
b100101001110001 y

#63420000
0!
0[

#63425000
1!
b1101011110 ;
1[
b1101011110 w

#63426000
b100101001110100 y

#63430000
0!
0[

#63435000
1!
b1101011111 ;
1[
b1101011111 w

#63436000
b100101001110111 y

#63440000
0!
0[

#63445000
1!
b1101100000 ;
1[
b1101100000 w

#63446000
b100101001111010 y

#63450000
0!
0[

#63455000
1!
b1101100001 ;
1[
b1101100001 w

#63456000
b100101001111101 y

#63460000
0!
0[

#63465000
1!
b1101100010 ;
1[
b1101100010 w

#63466000
b100101010000000 y

#63470000
0!
0[

#63475000
1!
b1101100011 ;
1[
b1101100011 w

#63476000
b100101010000011 y

#63480000
0!
0[

#63485000
1!
b1101100100 ;
1[
b1101100100 w

#63486000
b100101010000110 y

#63490000
0!
0[

#63495000
1!
b1101100101 ;
1[
b1101100101 w

#63496000
b100101010001001 y

#63500000
0!
0[

#63505000
1!
b1101100110 ;
1[
b1101100110 w

#63506000
b100101010001100 y

#63510000
0!
0[

#63515000
1!
b1101100111 ;
1[
b1101100111 w

#63516000
b100101010001111 y

#63520000
0!
0[

#63525000
1!
b1101101000 ;
1[
b1101101000 w

#63526000
b100101010010010 y

#63530000
0!
0[

#63535000
1!
b1101101001 ;
1[
b1101101001 w

#63536000
b100101010010101 y

#63540000
0!
0[

#63545000
1!
b1101101010 ;
1[
b1101101010 w

#63546000
b100101010011000 y

#63550000
0!
0[

#63555000
1!
b1101101011 ;
1[
b1101101011 w

#63556000
b100101010011011 y

#63560000
0!
0[

#63565000
1!
b1101101100 ;
1[
b1101101100 w

#63566000
b100101010011110 y

#63570000
0!
0[

#63575000
1!
b1101101101 ;
1[
b1101101101 w

#63576000
b100101010100001 y

#63580000
0!
0[

#63585000
1!
b1101101110 ;
1[
b1101101110 w

#63586000
b100101010100100 y

#63590000
0!
0[

#63595000
1!
b1101101111 ;
1[
b1101101111 w

#63596000
b100101010100111 y

#63600000
0!
0[

#63605000
1!
b1101110000 ;
1[
b1101110000 w

#63606000
b100101010101010 y

#63610000
0!
0[

#63615000
1!
b1101110001 ;
1[
b1101110001 w

#63616000
b100101010101101 y

#63620000
0!
0[

#63625000
1!
b1101110010 ;
1[
b1101110010 w

#63626000
b100101010110000 y

#63630000
0!
0[

#63635000
1!
b1101110011 ;
1[
b1101110011 w

#63636000
b100101010110011 y

#63640000
0!
0[

#63645000
1!
b1101110100 ;
1[
b1101110100 w

#63646000
b100101010110110 y

#63650000
0!
0[

#63655000
1!
b1101110101 ;
1[
b1101110101 w

#63656000
b100101010111001 y

#63660000
0!
0[

#63665000
1!
b1101110110 ;
1[
b1101110110 w

#63666000
b100101010111100 y

#63670000
0!
0[

#63675000
1!
b1101110111 ;
1[
b1101110111 w

#63676000
b100101010111111 y

#63680000
0!
0[

#63685000
1!
b1101111000 ;
1[
b1101111000 w

#63686000
b100101011000010 y

#63690000
0!
0[

#63695000
1!
b1101111001 ;
1[
b1101111001 w

#63696000
b100101011000101 y

#63700000
0!
0[

#63705000
1!
b1101111010 ;
1[
b1101111010 w

#63706000
b100101011001000 y

#63710000
0!
0[

#63715000
1!
b1101111011 ;
1[
b1101111011 w

#63716000
b100101011001011 y

#63720000
0!
0[

#63725000
1!
b1101111100 ;
1[
b1101111100 w

#63726000
b100101011001110 y

#63730000
0!
0[

#63735000
1!
b1101111101 ;
1[
b1101111101 w

#63736000
b100101011010001 y

#63740000
0!
0[

#63745000
1!
b1101111110 ;
1[
b1101111110 w

#63746000
b100101011010100 y

#63750000
0!
0[

#63755000
1!
b1101111111 ;
1[
b1101111111 w

#63756000
b100101011010111 y

#63760000
0!
0[

#63765000
1!
b1110000000 ;
1[
b1110000000 w

#63766000
b100101011011010 y

#63770000
0!
0[

#63775000
1!
b1110000001 ;
1[
b1110000001 w

#63776000
b100101011011101 y

#63780000
0!
0[

#63785000
1!
b1110000010 ;
1[
b1110000010 w

#63786000
b100101011100000 y

#63790000
0!
0[

#63795000
1!
b1110000011 ;
1[
b1110000011 w

#63796000
b100101011100011 y

#63800000
0!
0[

#63805000
1!
b1110000100 ;
1[
b1110000100 w

#63806000
b100101011100110 y

#63810000
0!
0[

#63815000
1!
b1110000101 ;
1[
b1110000101 w

#63816000
b100101011101001 y

#63820000
0!
0[

#63825000
1!
b1110000110 ;
1[
b1110000110 w

#63826000
b100101011101100 y

#63830000
0!
0[

#63835000
1!
b1110000111 ;
1[
b1110000111 w

#63836000
b100101011101111 y

#63840000
0!
0[

#63845000
1!
b1110001000 ;
1[
b1110001000 w

#63846000
b100101011110010 y

#63850000
0!
0[

#63855000
1!
b1110001001 ;
1[
b1110001001 w

#63856000
b100101011110101 y

#63860000
0!
0[

#63865000
1!
b1110001010 ;
1[
b1110001010 w

#63866000
b100101011111000 y

#63870000
0!
0[

#63875000
1!
b1110001011 ;
1[
b1110001011 w

#63876000
b100101011111011 y

#63880000
0!
0[

#63885000
1!
b1110001100 ;
1[
b1110001100 w

#63886000
b100101011111110 y

#63890000
0!
0[

#63895000
1!
b1110001101 ;
1[
b1110001101 w

#63896000
b100101100000001 y

#63900000
0!
0[

#63905000
1!
b1110001110 ;
1[
b1110001110 w

#63906000
b100101100000100 y

#63910000
0!
0[

#63915000
1!
b1110001111 ;
1[
b1110001111 w

#63916000
b100101100000111 y

#63920000
0!
0[

#63925000
1!
b1110010000 ;
1[
b1110010000 w

#63926000
b100101100001010 y

#63930000
0!
0[

#63935000
1!
b1110010001 ;
1[
b1110010001 w

#63936000
b100101100001101 y

#63940000
0!
0[

#63945000
1!
b1110010010 ;
1[
b1110010010 w

#63946000
b100101100010000 y

#63950000
0!
0[

#63955000
1!
b1110010011 ;
1[
b1110010011 w

#63956000
b100101100010011 y

#63960000
0!
0[

#63965000
1!
b1110010100 ;
1[
b1110010100 w

#63966000
b100101100010110 y

#63970000
0!
0[

#63975000
1!
b1110010101 ;
1[
b1110010101 w

#63976000
b100101100011001 y

#63980000
0!
0[

#63985000
1!
b1110010110 ;
1[
b1110010110 w

#63986000
b100101100011100 y

#63990000
0!
0[

#63995000
1!
b1110010111 ;
1[
b1110010111 w

#63996000
b100101100011111 y

#64000000
0!
0[

#64005000
1!
b1110011000 ;
1[
b1110011000 w

#64006000
b100101100100010 y

#64010000
0!
0[

#64015000
1!
b1110011001 ;
1[
b1110011001 w

#64016000
b100101100100101 y

#64020000
0!
0[

#64025000
1!
b1110011010 ;
1[
b1110011010 w

#64026000
b100101100101000 y

#64030000
0!
0[

#64035000
1!
b1110011011 ;
1[
b1110011011 w

#64036000
b100101100101011 y

#64040000
0!
0[

#64045000
1!
b1110011100 ;
1[
b1110011100 w

#64046000
b100101100101110 y

#64050000
0!
0[

#64055000
1!
b1110011101 ;
1[
b1110011101 w

#64056000
b100101100110001 y

#64060000
0!
0[

#64065000
1!
b1110011110 ;
1[
b1110011110 w

#64066000
b100101100110100 y

#64070000
0!
0[

#64075000
1!
b1110011111 ;
1[
b1110011111 w

#64076000
b100101100110111 y

#64080000
0!
0[

#64085000
1!
b1110100000 ;
1[
b1110100000 w

#64086000
b100101100111010 y

#64090000
0!
0[

#64095000
1!
b1110100001 ;
1[
b1110100001 w

#64096000
b100101100111101 y

#64100000
0!
0[

#64105000
1!
b1110100010 ;
1[
b1110100010 w

#64106000
b100101101000000 y

#64110000
0!
0[

#64115000
1!
b1110100011 ;
1[
b1110100011 w

#64116000
b100101101000011 y

#64120000
0!
0[

#64125000
1!
b1110100100 ;
1[
b1110100100 w

#64126000
b100101101000110 y

#64130000
0!
0[

#64135000
1!
b1110100101 ;
1[
b1110100101 w

#64136000
b100101101001001 y

#64140000
0!
0[

#64145000
1!
b1110100110 ;
1[
b1110100110 w

#64146000
b100101101001100 y

#64150000
0!
0[

#64155000
1!
b1110100111 ;
1[
b1110100111 w

#64156000
b100101101001111 y

#64160000
0!
0[

#64165000
1!
b1110101000 ;
1[
b1110101000 w

#64166000
b100101101010010 y

#64170000
0!
0[

#64175000
1!
b1110101001 ;
1[
b1110101001 w

#64176000
b100101101010101 y

#64180000
0!
0[

#64185000
1!
b1110101010 ;
1[
b1110101010 w

#64186000
b100101101011000 y

#64190000
0!
0[

#64195000
1!
b1110101011 ;
1[
b1110101011 w

#64196000
b100101101011011 y

#64200000
0!
0[

#64205000
1!
b1110101100 ;
1[
b1110101100 w

#64206000
b100101101011110 y

#64210000
0!
0[

#64215000
1!
b1110101101 ;
1[
b1110101101 w

#64216000
b100101101100001 y

#64220000
0!
0[

#64225000
1!
b1110101110 ;
1[
b1110101110 w

#64226000
b100101101100100 y

#64230000
0!
0[

#64235000
1!
b1110101111 ;
1[
b1110101111 w

#64236000
b100101101100111 y

#64240000
0!
0[

#64245000
1!
b1110110000 ;
1[
b1110110000 w

#64246000
b100101101101010 y

#64250000
0!
0[

#64255000
1!
b1110110001 ;
1[
b1110110001 w

#64256000
b100101101101101 y

#64260000
0!
0[

#64265000
1!
b1110110010 ;
1[
b1110110010 w

#64266000
b100101101110000 y

#64270000
0!
0[

#64275000
1!
b1110110011 ;
1[
b1110110011 w

#64276000
b100101101110011 y

#64280000
0!
0[

#64285000
1!
b1110110100 ;
1[
b1110110100 w

#64286000
b100101101110110 y

#64290000
0!
0[

#64295000
1!
b1110110101 ;
1[
b1110110101 w

#64296000
b100101101111001 y

#64300000
0!
0[

#64305000
1!
b1110110110 ;
1[
b1110110110 w

#64306000
b100101101111100 y

#64310000
0!
0[

#64315000
1!
b1110110111 ;
1[
b1110110111 w

#64316000
b100101101111111 y

#64320000
0!
0[

#64325000
1!
b1110111000 ;
1[
b1110111000 w

#64326000
b100101110000010 y

#64330000
0!
0[

#64335000
1!
b1110111001 ;
1[
b1110111001 w

#64336000
b100101110000101 y

#64340000
0!
0[

#64345000
1!
b1110111010 ;
1[
b1110111010 w

#64346000
b100101110001000 y

#64350000
0!
0[

#64355000
1!
b1110111011 ;
1[
b1110111011 w

#64356000
b100101110001011 y

#64360000
0!
0[

#64365000
1!
b1110111100 ;
1[
b1110111100 w

#64366000
b100101110001110 y

#64370000
0!
0[

#64375000
1!
b1110111101 ;
1[
b1110111101 w

#64376000
b100101110010001 y

#64380000
0!
0[

#64385000
1!
b1110111110 ;
1[
b1110111110 w

#64386000
b100101110010100 y

#64390000
0!
0[

#64395000
1!
b1110111111 ;
1[
b1110111111 w

#64396000
b100101110010111 y

#64400000
0!
0[

#64405000
1!
b1111000000 ;
1[
b1111000000 w

#64406000
b100101110011010 y

#64410000
0!
0[

#64415000
1!
b1111000001 ;
1[
b1111000001 w

#64416000
b100101110011101 y

#64420000
0!
0[

#64425000
1!
b1111000010 ;
1[
b1111000010 w

#64426000
b100101110100000 y

#64430000
0!
0[

#64435000
1!
b1111000011 ;
1[
b1111000011 w

#64436000
b100101110100011 y

#64440000
0!
0[

#64445000
1!
b1111000100 ;
1[
b1111000100 w

#64446000
b100101110100110 y

#64450000
0!
0[

#64455000
1!
b1111000101 ;
1[
b1111000101 w

#64456000
b100101110101001 y

#64460000
0!
0[

#64465000
1!
b1111000110 ;
1[
b1111000110 w

#64466000
b100101110101100 y

#64470000
0!
0[

#64475000
1!
b1111000111 ;
1[
b1111000111 w

#64476000
b100101110101111 y

#64480000
0!
0[

#64485000
1!
b1111001000 ;
1[
b1111001000 w

#64486000
b100101110110010 y

#64490000
0!
0[

#64495000
1!
b1111001001 ;
1[
b1111001001 w

#64496000
b100101110110101 y

#64500000
0!
0[

#64505000
1!
b1111001010 ;
1[
b1111001010 w

#64506000
b100101110111000 y

#64510000
0!
0[

#64515000
1!
b1111001011 ;
1[
b1111001011 w

#64516000
b100101110111011 y

#64520000
0!
0[

#64525000
1!
b1111001100 ;
1[
b1111001100 w

#64526000
b100101110111110 y

#64530000
0!
0[

#64535000
1!
b1111001101 ;
1[
b1111001101 w

#64536000
b100101111000001 y

#64540000
0!
0[

#64545000
1!
b1111001110 ;
1[
b1111001110 w

#64546000
b100101111000100 y

#64550000
0!
0[

#64555000
1!
b1111001111 ;
1[
b1111001111 w

#64556000
b100101111000111 y

#64560000
0!
0[

#64565000
1!
b1111010000 ;
1[
b1111010000 w

#64566000
b100101111001010 y

#64570000
0!
0[

#64575000
1!
b1111010001 ;
1[
b1111010001 w

#64576000
b100101111001101 y

#64580000
0!
0[

#64585000
1!
b1111010010 ;
1[
b1111010010 w

#64586000
b100101111010000 y

#64590000
0!
0[

#64595000
1!
b1111010011 ;
1[
b1111010011 w

#64596000
b100101111010011 y

#64600000
0!
0[

#64605000
1!
b1111010100 ;
1[
b1111010100 w

#64606000
b100101111010110 y

#64610000
0!
0[

#64615000
1!
b1111010101 ;
1[
b1111010101 w

#64616000
b100101111011001 y

#64620000
0!
0[

#64625000
1!
b1111010110 ;
1[
b1111010110 w

#64626000
b100101111011100 y

#64630000
0!
0[

#64635000
1!
b1111010111 ;
1[
b1111010111 w

#64636000
b100101111011111 y

#64640000
0!
0[

#64645000
1!
b1111011000 ;
1[
b1111011000 w

#64646000
b100101111100010 y

#64650000
0!
0[

#64655000
1!
b1111011001 ;
1[
b1111011001 w

#64656000
b100101111100101 y

#64660000
0!
0[

#64665000
1!
b1111011010 ;
1[
b1111011010 w

#64666000
b100101111101000 y

#64670000
0!
0[

#64675000
1!
b1111011011 ;
1[
b1111011011 w

#64676000
b100101111101011 y

#64680000
0!
0[

#64685000
1!
b1111011100 ;
1[
b1111011100 w

#64686000
b100101111101110 y

#64690000
0!
0[

#64695000
1!
b1111011101 ;
1[
b1111011101 w

#64696000
b100101111110001 y

#64700000
0!
0[

#64705000
1!
b1111011110 ;
1[
b1111011110 w

#64706000
b100101111110100 y

#64710000
0!
0[

#64715000
1!
b1111011111 ;
1[
b1111011111 w

#64716000
b100101111110111 y

#64720000
0!
0[

#64725000
1!
b1111100000 ;
1[
b1111100000 w

#64726000
b100101111111010 y

#64730000
0!
0[

#64735000
1!
b1111100001 ;
1[
b1111100001 w

#64736000
b100101111111101 y

#64740000
0!
0[

#64745000
1!
b1111100010 ;
1[
b1111100010 w

#64746000
b100110000000000 y

#64750000
0!
0[

#64755000
1!
b1111100011 ;
1[
b1111100011 w

#64756000
b100110000000011 y

#64760000
0!
0[

#64765000
1!
b1111100100 ;
1[
b1111100100 w

#64766000
b100110000000110 y

#64770000
0!
0[

#64775000
1!
b1111100101 ;
1[
b1111100101 w

#64776000
b100110000001001 y

#64780000
0!
0[

#64785000
1!
b1111100110 ;
1[
b1111100110 w

#64786000
b100110000001100 y

#64790000
0!
0[

#64795000
1!
b1111100111 ;
1[
b1111100111 w

#64796000
b100110000001111 y

#64800000
0!
0[

#64805000
1!
b1111101000 ;
1[
b1111101000 w

#64806000
b100110000010010 y

#64810000
0!
0[

#64815000
1!
b1111101001 ;
1[
b1111101001 w

#64816000
b100110000010101 y

#64820000
0!
0[

#64825000
1!
b1111101010 ;
1[
b1111101010 w

#64826000
b100110000011000 y

#64830000
0!
0[

#64835000
1!
b1111101011 ;
1[
b1111101011 w

#64836000
b100110000011011 y

#64840000
0!
0[

#64845000
1!
b1111101100 ;
1[
b1111101100 w

#64846000
b100110000011110 y

#64850000
0!
0[

#64855000
1!
b1111101101 ;
1[
b1111101101 w

#64856000
b100110000100001 y

#64860000
0!
0[

#64865000
1!
b1111101110 ;
1[
b1111101110 w

#64866000
b100110000100100 y

#64870000
0!
0[

#64875000
1!
b1111101111 ;
1[
b1111101111 w

#64876000
b100110000100111 y

#64880000
0!
0[

#64885000
1!
b1111110000 ;
1[
b1111110000 w

#64886000
b100110000101010 y

#64890000
0!
0[

#64895000
1!
b1111110001 ;
1[
b1111110001 w

#64896000
b100110000101101 y

#64900000
0!
0[

#64905000
1!
b1111110010 ;
1[
b1111110010 w

#64906000
b100110000110000 y

#64910000
0!
0[

#64915000
1!
b1111110011 ;
1[
b1111110011 w

#64916000
b100110000110011 y

#64920000
0!
0[

#64925000
1!
b1111110100 ;
1[
b1111110100 w

#64926000
b100110000110110 y

#64930000
0!
0[

#64935000
1!
b1111110101 ;
1[
b1111110101 w

#64936000
b100110000111001 y

#64940000
0!
0[

#64945000
1!
b1111110110 ;
1[
b1111110110 w

#64946000
b100110000111100 y

#64950000
0!
0[

#64955000
1!
b1111110111 ;
1[
b1111110111 w

#64956000
b100110000111111 y

#64960000
0!
0[

#64965000
1!
b1111111000 ;
1[
b1111111000 w

#64966000
b100110001000010 y

#64970000
0!
0[

#64975000
1!
b1111111001 ;
1[
b1111111001 w

#64976000
b100110001000101 y

#64980000
0!
0[

#64985000
1!
b1111111010 ;
1[
b1111111010 w

#64986000
b100110001001000 y

#64990000
0!
0[

#64995000
1!
b1111111011 ;
1[
b1111111011 w

#64996000
b100110001001011 y

#65000000
0!
0[

#65005000
1!
b1111111100 ;
1[
b1111111100 w

#65006000
b100110001001110 y

#65010000
0!
0[

#65015000
1!
b1111111101 ;
1[
b1111111101 w

#65016000
b100110001010001 y

#65020000
0!
0[

#65025000
1!
b1111111110 ;
1[
b1111111110 w

#65026000
b100110001010100 y

#65030000
0!
0[

#65035000
1!
b1111111111 ;
1[
b1111111111 w

#65036000
b100110001010111 y

#65040000
0!
0[

#65045000
1!
b10000000000 ;
1[
b10000000000 w

#65046000
b100110001011010 y

#65050000
0!
0[

#65055000
1!
b10000000001 ;
1[
b10000000001 w

#65056000
b100110001011101 y

#65060000
0!
0[

#65065000
1!
b10000000010 ;
1[
b10000000010 w

#65066000
b100110001100000 y

#65070000
0!
0[

#65075000
1!
b10000000011 ;
1[
b10000000011 w

#65076000
b100110001100011 y

#65080000
0!
0[

#65085000
1!
b10000000100 ;
1[
b10000000100 w

#65086000
b100110001100110 y

#65090000
0!
0[

#65095000
1!
b10000000101 ;
1[
b10000000101 w

#65096000
b100110001101001 y

#65100000
0!
0[

#65105000
1!
b10000000110 ;
1[
b10000000110 w

#65106000
b100110001101100 y

#65110000
0!
0[

#65115000
1!
b10000000111 ;
1[
b10000000111 w

#65116000
b100110001101111 y

#65120000
0!
0[

#65125000
1!
b10000001000 ;
1[
b10000001000 w

#65126000
b100110001110010 y

#65130000
0!
0[

#65135000
1!
b10000001001 ;
1[
b10000001001 w

#65136000
b100110001110101 y

#65140000
0!
0[

#65145000
1!
b10000001010 ;
1[
b10000001010 w

#65146000
b100110001111000 y

#65150000
0!
0[

#65155000
1!
b10000001011 ;
1[
b10000001011 w

#65156000
b100110001111011 y

#65160000
0!
0[

#65165000
1!
b10000001100 ;
1[
b10000001100 w

#65166000
b100110001111110 y

#65170000
0!
0[

#65175000
1!
b10000001101 ;
1[
b10000001101 w

#65176000
b100110010000001 y

#65180000
0!
0[

#65185000
1!
b10000001110 ;
1[
b10000001110 w

#65186000
b100110010000100 y

#65190000
0!
0[

#65195000
1!
b10000001111 ;
1[
b10000001111 w

#65196000
b100110010000111 y

#65200000
0!
0[

#65205000
1!
b10000010000 ;
1[
b10000010000 w

#65206000
b100110010001010 y

#65210000
0!
0[

#65215000
1!
b10000010001 ;
1[
b10000010001 w

#65216000
b100110010001101 y

#65220000
0!
0[

#65225000
1!
b10000010010 ;
1[
b10000010010 w

#65226000
b100110010010000 y

#65230000
0!
0[

#65235000
1!
b10000010011 ;
1[
b10000010011 w

#65236000
b100110010010011 y

#65240000
0!
0[

#65245000
1!
b10000010100 ;
1[
b10000010100 w

#65246000
b100110010010110 y

#65250000
0!
0[

#65255000
1!
b10000010101 ;
1[
b10000010101 w

#65256000
b100110010011001 y

#65260000
0!
0[

#65265000
1!
b10000010110 ;
1[
b10000010110 w

#65266000
b100110010011100 y

#65270000
0!
0[

#65275000
1!
b10000010111 ;
1[
b10000010111 w

#65276000
b100110010011111 y

#65280000
0!
0[

#65285000
1!
b10000011000 ;
1[
b10000011000 w

#65286000
b100110010100010 y

#65290000
0!
0[

#65295000
1!
b10000011001 ;
1[
b10000011001 w

#65296000
b100110010100101 y

#65300000
0!
0[

#65305000
1!
b10000011010 ;
1[
b10000011010 w

#65306000
b100110010101000 y

#65310000
0!
0[

#65315000
1!
b10000011011 ;
1[
b10000011011 w

#65316000
b100110010101011 y

#65320000
0!
0[

#65325000
1!
b10000011100 ;
1[
b10000011100 w

#65326000
b100110010101110 y

#65330000
0!
0[

#65335000
1!
b10000011101 ;
1[
b10000011101 w

#65336000
b100110010110001 y

#65340000
0!
0[

#65345000
1!
b10000011110 ;
1[
b10000011110 w

#65346000
b100110010110100 y

#65350000
0!
0[

#65355000
1!
b10000011111 ;
1[
b10000011111 w

#65356000
b100110010110111 y

#65360000
0!
0[

#65365000
1!
b10000100000 ;
1[
b10000100000 w

#65366000
b100110010111010 y

#65370000
0!
0[

#65375000
1!
b10000100001 ;
1[
b10000100001 w

#65376000
b100110010111101 y

#65380000
0!
0[

#65385000
1!
b10000100010 ;
1[
b10000100010 w

#65386000
b100110011000000 y

#65390000
0!
0[

#65395000
1!
b10000100011 ;
1[
b10000100011 w

#65396000
b100110011000011 y

#65400000
0!
0[

#65405000
1!
b10000100100 ;
1[
b10000100100 w

#65406000
b100110011000110 y

#65410000
0!
0[

#65415000
1!
b10000100101 ;
1[
b10000100101 w

#65416000
b100110011001001 y

#65420000
0!
0[

#65425000
1!
b10000100110 ;
1[
b10000100110 w

#65426000
b100110011001100 y

#65430000
0!
0[

#65435000
1!
b10000100111 ;
1[
b10000100111 w

#65436000
b100110011001111 y

#65440000
0!
0[

#65445000
1!
b10000101000 ;
1[
b10000101000 w

#65446000
b100110011010010 y

#65450000
0!
0[

#65455000
1!
b10000101001 ;
1[
b10000101001 w

#65456000
b100110011010101 y

#65460000
0!
0[

#65465000
1!
b10000101010 ;
1[
b10000101010 w

#65466000
b100110011011000 y

#65470000
0!
0[

#65475000
1!
b10000101011 ;
1[
b10000101011 w

#65476000
b100110011011011 y

#65480000
0!
0[

#65485000
1!
b10000101100 ;
1[
b10000101100 w

#65486000
b100110011011110 y

#65490000
0!
0[

#65495000
1!
b10000101101 ;
1[
b10000101101 w

#65496000
b100110011100001 y

#65500000
0!
0[

#65505000
1!
b10000101110 ;
1[
b10000101110 w

#65506000
b100110011100100 y

#65510000
0!
0[

#65515000
1!
b10000101111 ;
1[
b10000101111 w

#65516000
b100110011100111 y

#65520000
0!
0[

#65525000
1!
b10000110000 ;
1[
b10000110000 w

#65526000
b100110011101010 y

#65530000
0!
0[

#65535000
1!
b10000110001 ;
1[
b10000110001 w

#65536000
b100110011101101 y

#65540000
0!
0[

#65545000
1!
b10000110010 ;
1[
b10000110010 w

#65546000
b100110011110000 y

#65550000
0!
0[

#65555000
1!
b10000110011 ;
1[
b10000110011 w

#65556000
b100110011110011 y

#65560000
0!
0[

#65565000
1!
b10000110100 ;
1[
b10000110100 w

#65566000
b100110011110110 y

#65570000
0!
0[

#65575000
1!
b10000110101 ;
1[
b10000110101 w

#65576000
b100110011111001 y

#65580000
0!
0[

#65585000
1!
b10000110110 ;
1[
b10000110110 w

#65586000
b100110011111100 y

#65590000
0!
0[

#65595000
1!
b10000110111 ;
1[
b10000110111 w

#65596000
b100110011111111 y

#65600000
0!
0[

#65605000
1!
b10000111000 ;
1[
b10000111000 w

#65606000
b100110100000010 y

#65610000
0!
0[

#65615000
1!
b10000111001 ;
1[
b10000111001 w

#65616000
b100110100000101 y

#65620000
0!
0[

#65625000
1!
b10000111010 ;
1[
b10000111010 w

#65626000
b100110100001000 y

#65630000
0!
0[

#65635000
1!
b10000111011 ;
1[
b10000111011 w

#65636000
b100110100001011 y

#65640000
0!
0[

#65645000
1!
b10000111100 ;
1[
b10000111100 w

#65646000
b100110100001110 y

#65650000
0!
0[

#65655000
1!
b10000111101 ;
1[
b10000111101 w

#65656000
b100110100010001 y

#65660000
0!
0[

#65665000
1!
b10000111110 ;
1[
b10000111110 w

#65666000
b100110100010100 y

#65670000
0!
0[

#65675000
1!
b10000111111 ;
1[
b10000111111 w

#65676000
b100110100010111 y

#65680000
0!
0[

#65685000
1!
b10001000000 ;
1[
b10001000000 w

#65686000
b100110100011010 y

#65690000
0!
0[

#65695000
1!
b10001000001 ;
1[
b10001000001 w

#65696000
b100110100011101 y

#65700000
0!
0[

#65705000
1!
b10001000010 ;
1[
b10001000010 w

#65706000
b100110100100000 y

#65710000
0!
0[

#65715000
1!
b10001000011 ;
1[
b10001000011 w

#65716000
b100110100100011 y

#65720000
0!
0[

#65725000
1!
b10001000100 ;
1[
b10001000100 w

#65726000
b100110100100110 y

#65730000
0!
0[

#65735000
1!
b10001000101 ;
1[
b10001000101 w

#65736000
b100110100101001 y

#65740000
0!
0[

#65745000
1!
b10001000110 ;
1[
b10001000110 w

#65746000
b100110100101100 y

#65750000
0!
0[

#65755000
1!
b10001000111 ;
1[
b10001000111 w

#65756000
b100110100101111 y

#65760000
0!
0[

#65765000
1!
b10001001000 ;
1[
b10001001000 w

#65766000
b100110100110010 y

#65770000
0!
0[

#65775000
1!
b10001001001 ;
1[
b10001001001 w

#65776000
b100110100110101 y

#65780000
0!
0[

#65785000
1!
b10001001010 ;
1[
b10001001010 w

#65786000
b100110100111000 y

#65790000
0!
0[

#65795000
1!
b10001001011 ;
1[
b10001001011 w

#65796000
b100110100111011 y

#65800000
0!
0[

#65805000
1!
b10001001100 ;
1[
b10001001100 w

#65806000
b100110100111110 y

#65810000
0!
0[

#65815000
1!
b10001001101 ;
1[
b10001001101 w

#65816000
b100110101000001 y

#65820000
0!
0[

#65825000
1!
b10001001110 ;
1[
b10001001110 w

#65826000
b100110101000100 y

#65830000
0!
0[

#65835000
1!
b10001001111 ;
1[
b10001001111 w

#65836000
b100110101000111 y

#65840000
0!
0[

#65845000
1!
b10001010000 ;
1[
b10001010000 w

#65846000
b100110101001010 y

#65850000
0!
0[

#65855000
1!
b10001010001 ;
1[
b10001010001 w

#65856000
b100110101001101 y

#65860000
0!
0[

#65865000
1!
b10001010010 ;
1[
b10001010010 w

#65866000
b100110101010000 y

#65870000
0!
0[

#65875000
1!
b10001010011 ;
1[
b10001010011 w

#65876000
b100110101010011 y

#65880000
0!
0[

#65885000
1!
b10001010100 ;
1[
b10001010100 w

#65886000
b100110101010110 y

#65890000
0!
0[

#65895000
1!
b10001010101 ;
1[
b10001010101 w

#65896000
b100110101011001 y

#65900000
0!
0[

#65905000
1!
b10001010110 ;
1[
b10001010110 w

#65906000
b100110101011100 y

#65910000
0!
0[

#65915000
1!
b10001010111 ;
1[
b10001010111 w

#65916000
b100110101011111 y

#65920000
0!
0[

#65925000
1!
b10001011000 ;
1[
b10001011000 w

#65926000
b100110101100010 y

#65930000
0!
0[

#65935000
1!
b10001011001 ;
1[
b10001011001 w

#65936000
b100110101100101 y

#65940000
0!
0[

#65945000
1!
b10001011010 ;
1[
b10001011010 w

#65946000
b100110101101000 y

#65950000
0!
0[

#65955000
1!
b10001011011 ;
1[
b10001011011 w

#65956000
b100110101101011 y

#65960000
0!
0[

#65965000
1!
b10001011100 ;
1[
b10001011100 w

#65966000
b100110101101110 y

#65970000
0!
0[

#65975000
1!
b10001011101 ;
1[
b10001011101 w

#65976000
b100110101110001 y

#65980000
0!
0[

#65985000
1!
b10001011110 ;
1[
b10001011110 w

#65986000
b100110101110100 y

#65990000
0!
0[

#65995000
1!
b10001011111 ;
1[
b10001011111 w

#65996000
b100110101110111 y

#66000000
0!
0[

#66005000
1!
b10001100000 ;
1[
b10001100000 w

#66006000
b100110101111010 y

#66010000
0!
0[

#66015000
1!
b10001100001 ;
1[
b10001100001 w

#66016000
b100110101111101 y

#66020000
0!
0[

#66025000
1!
b10001100010 ;
1[
b10001100010 w

#66026000
b100110110000000 y

#66030000
0!
0[

#66035000
1!
b10001100011 ;
1[
b10001100011 w

#66036000
b100110110000011 y

#66040000
0!
0[

#66045000
1!
b10001100100 ;
1[
b10001100100 w

#66046000
b100110110000110 y

#66050000
0!
0[

#66055000
1!
b10001100101 ;
1[
b10001100101 w

#66056000
b100110110001001 y

#66060000
0!
0[

#66065000
1!
b10001100110 ;
1[
b10001100110 w

#66066000
b100110110001100 y

#66070000
0!
0[

#66075000
1!
b10001100111 ;
1[
b10001100111 w

#66076000
b100110110001111 y

#66080000
0!
0[

#66085000
1!
b10001101000 ;
1[
b10001101000 w

#66086000
b100110110010010 y

#66090000
0!
0[

#66095000
1!
b10001101001 ;
1[
b10001101001 w

#66096000
b100110110010101 y

#66100000
0!
0[

#66105000
1!
b10001101010 ;
1[
b10001101010 w

#66106000
b100110110011000 y

#66110000
0!
0[

#66115000
1!
b10001101011 ;
1[
b10001101011 w

#66116000
b100110110011011 y

#66120000
0!
0[

#66125000
1!
b10001101100 ;
1[
b10001101100 w

#66126000
b100110110011110 y

#66130000
0!
0[

#66135000
1!
b10001101101 ;
1[
b10001101101 w

#66136000
b100110110100001 y

#66140000
0!
0[

#66145000
1!
b10001101110 ;
1[
b10001101110 w

#66146000
b100110110100100 y

#66150000
0!
0[

#66155000
1!
b10001101111 ;
1[
b10001101111 w

#66156000
b100110110100111 y

#66160000
0!
0[

#66165000
1!
b10001110000 ;
1[
b10001110000 w

#66166000
b100110110101010 y

#66170000
0!
0[

#66175000
1!
b10001110001 ;
1[
b10001110001 w

#66176000
b100110110101101 y

#66180000
0!
0[

#66185000
1!
b10001110010 ;
1[
b10001110010 w

#66186000
b100110110110000 y

#66190000
0!
0[

#66195000
1!
b10001110011 ;
1[
b10001110011 w

#66196000
b100110110110011 y

#66200000
0!
0[

#66205000
1!
b10001110100 ;
1[
b10001110100 w

#66206000
b100110110110110 y

#66210000
0!
0[

#66215000
1!
b10001110101 ;
1[
b10001110101 w

#66216000
b100110110111001 y

#66220000
0!
0[

#66225000
1!
b10001110110 ;
1[
b10001110110 w

#66226000
b100110110111100 y

#66230000
0!
0[

#66235000
1!
b10001110111 ;
1[
b10001110111 w

#66236000
b100110110111111 y

#66240000
0!
0[

#66245000
1!
b10001111000 ;
1[
b10001111000 w

#66246000
b100110111000010 y

#66250000
0!
0[

#66255000
1!
b10001111001 ;
1[
b10001111001 w

#66256000
b100110111000101 y

#66260000
0!
0[

#66265000
1!
b10001111010 ;
1[
b10001111010 w

#66266000
b100110111001000 y

#66270000
0!
0[

#66275000
1!
b10001111011 ;
1[
b10001111011 w

#66276000
b100110111001011 y

#66280000
0!
0[

#66285000
1!
b10001111100 ;
1[
b10001111100 w

#66286000
b100110111001110 y

#66290000
0!
0[

#66295000
1!
b10001111101 ;
1[
b10001111101 w

#66296000
b100110111010001 y

#66300000
0!
0[

#66305000
1!
b10001111110 ;
1[
b10001111110 w

#66306000
b100110111010100 y

#66310000
0!
0[

#66315000
1!
b10001111111 ;
1[
b10001111111 w

#66316000
b100110111010111 y

#66320000
0!
0[

#66325000
1!
b10010000000 ;
1[
b10010000000 w

#66326000
b100110111011010 y

#66330000
0!
0[

#66335000
1!
b10010000001 ;
1[
b10010000001 w

#66336000
b100110111011101 y

#66340000
0!
0[

#66345000
1!
b10010000010 ;
1[
b10010000010 w

#66346000
b100110111100000 y

#66350000
0!
0[

#66355000
1!
b10010000011 ;
1[
b10010000011 w

#66356000
b100110111100011 y

#66360000
0!
0[

#66365000
1!
b10010000100 ;
1[
b10010000100 w

#66366000
b100110111100110 y

#66370000
0!
0[

#66375000
1!
b10010000101 ;
1[
b10010000101 w

#66376000
b100110111101001 y

#66380000
0!
0[

#66385000
1!
b10010000110 ;
1[
b10010000110 w

#66386000
b100110111101100 y

#66390000
0!
0[

#66395000
1!
b10010000111 ;
1[
b10010000111 w

#66396000
b100110111101111 y

#66400000
0!
0[

#66405000
1!
b10010001000 ;
1[
b10010001000 w

#66406000
b100110111110010 y

#66410000
0!
0[

#66415000
1!
b10010001001 ;
1[
b10010001001 w

#66416000
b100110111110101 y

#66420000
0!
0[

#66425000
1!
b10010001010 ;
1[
b10010001010 w

#66426000
b100110111111000 y

#66430000
0!
0[

#66435000
1!
b10010001011 ;
1[
b10010001011 w

#66436000
b100110111111011 y

#66440000
0!
0[

#66445000
1!
b10010001100 ;
1[
b10010001100 w

#66446000
b100110111111110 y

#66450000
0!
0[

#66455000
1!
b10010001101 ;
1[
b10010001101 w

#66456000
b100111000000001 y

#66460000
0!
0[

#66465000
1!
b10010001110 ;
1[
b10010001110 w

#66466000
b100111000000100 y

#66470000
0!
0[

#66475000
1!
b10010001111 ;
1[
b10010001111 w

#66476000
b100111000000111 y

#66480000
0!
0[

#66485000
1!
b10010010000 ;
1[
b10010010000 w

#66486000
b100111000001010 y

#66490000
0!
0[

#66495000
1!
b10010010001 ;
1[
b10010010001 w

#66496000
b100111000001101 y

#66500000
0!
0[

#66505000
1!
b10010010010 ;
1[
b10010010010 w

#66506000
b100111000010000 y

#66510000
0!
0[

#66515000
1!
b10010010011 ;
1[
b10010010011 w

#66516000
b100111000010011 y

#66520000
0!
0[

#66525000
1!
b10010010100 ;
1[
b10010010100 w

#66526000
b100111000010110 y

#66530000
0!
0[

#66535000
1!
b10010010101 ;
1[
b10010010101 w

#66536000
b100111000011001 y

#66540000
0!
0[

#66545000
1!
b10010010110 ;
1[
b10010010110 w

#66546000
b100111000011100 y

#66550000
0!
0[

#66555000
1!
b10010010111 ;
1[
b10010010111 w

#66556000
b100111000011111 y

#66560000
0!
0[

#66565000
1!
b10010011000 ;
1[
b10010011000 w

#66566000
b100111000100010 y

#66570000
0!
0[

#66575000
1!
b10010011001 ;
1[
b10010011001 w

#66576000
b100111000100101 y

#66580000
0!
0[

#66585000
1!
b10010011010 ;
1[
b10010011010 w

#66586000
b100111000101000 y

#66590000
0!
0[

#66595000
1!
b10010011011 ;
1[
b10010011011 w

#66596000
b100111000101011 y

#66600000
0!
0[

#66605000
1!
b10010011100 ;
1[
b10010011100 w

#66606000
b100111000101110 y

#66610000
0!
0[

#66615000
1!
b10010011101 ;
1[
b10010011101 w

#66616000
b100111000110001 y

#66620000
0!
0[

#66625000
1!
b10010011110 ;
1[
b10010011110 w

#66626000
b100111000110100 y

#66630000
0!
0[

#66635000
1!
b10010011111 ;
1[
b10010011111 w

#66636000
b100111000110111 y

#66640000
0!
0[

#66645000
1!
b10010100000 ;
1[
b10010100000 w

#66646000
b100111000111010 y

#66650000
0!
0[

#66655000
1!
b10010100001 ;
1[
b10010100001 w

#66656000
b100111000111101 y

#66660000
0!
0[

#66665000
1!
b10010100010 ;
1[
b10010100010 w

#66666000
b100111001000000 y

#66670000
0!
0[

#66675000
1!
b10010100011 ;
1[
b10010100011 w

#66676000
b100111001000011 y

#66680000
0!
0[

#66685000
1!
b10010100100 ;
1[
b10010100100 w

#66686000
b100111001000110 y

#66690000
0!
0[

#66695000
1!
b10010100101 ;
1[
b10010100101 w

#66696000
b100111001001001 y

#66700000
0!
0[

#66705000
1!
b10010100110 ;
1[
b10010100110 w

#66706000
b100111001001100 y

#66710000
0!
0[

#66715000
1!
b10010100111 ;
1[
b10010100111 w

#66716000
b100111001001111 y

#66720000
0!
0[

#66725000
1!
b10010101000 ;
1[
b10010101000 w

#66726000
b100111001010010 y

#66730000
0!
0[

#66735000
1!
b10010101001 ;
1[
b10010101001 w

#66736000
b100111001010101 y

#66740000
0!
0[

#66745000
1!
b10010101010 ;
1[
b10010101010 w

#66746000
b100111001011000 y

#66750000
0!
0[

#66755000
1!
b10010101011 ;
1[
b10010101011 w

#66756000
b100111001011011 y

#66760000
0!
0[

#66765000
1!
b10010101100 ;
1[
b10010101100 w

#66766000
b100111001011110 y

#66770000
0!
0[

#66775000
1!
b10010101101 ;
1[
b10010101101 w

#66776000
b100111001100001 y

#66780000
0!
0[

#66785000
1!
b10010101110 ;
1[
b10010101110 w

#66786000
b100111001100100 y

#66790000
0!
0[

#66795000
1!
b10010101111 ;
1[
b10010101111 w

#66796000
b100111001100111 y

#66800000
0!
0[

#66805000
1!
b10010110000 ;
1[
b10010110000 w

#66806000
b100111001101010 y

#66810000
0!
0[

#66815000
1!
b10010110001 ;
1[
b10010110001 w

#66816000
b100111001101101 y

#66820000
0!
0[

#66825000
1!
b10010110010 ;
1[
b10010110010 w

#66826000
b100111001110000 y

#66830000
0!
0[

#66835000
1!
b10010110011 ;
1[
b10010110011 w

#66836000
b100111001110011 y

#66840000
0!
0[

#66845000
1!
b10010110100 ;
1[
b10010110100 w

#66846000
b100111001110110 y

#66850000
0!
0[

#66855000
1!
b10010110101 ;
1[
b10010110101 w

#66856000
b100111001111001 y

#66860000
0!
0[

#66865000
1!
b10010110110 ;
1[
b10010110110 w

#66866000
b100111001111100 y

#66870000
0!
0[

#66875000
1!
b10010110111 ;
1[
b10010110111 w

#66876000
b100111001111111 y

#66880000
0!
0[

#66885000
1!
b10010111000 ;
1[
b10010111000 w

#66886000
b100111010000010 y

#66890000
0!
0[

#66895000
1!
b10010111001 ;
1[
b10010111001 w

#66896000
b100111010000101 y

#66900000
0!
0[

#66905000
1!
b10010111010 ;
1[
b10010111010 w

#66906000
b100111010001000 y

#66910000
0!
0[

#66915000
1!
b10010111011 ;
1[
b10010111011 w

#66916000
b100111010001011 y

#66920000
0!
0[

#66925000
1!
b10010111100 ;
1[
b10010111100 w

#66926000
b100111010001110 y

#66930000
0!
0[

#66935000
1!
b10010111101 ;
1[
b10010111101 w

#66936000
b100111010010001 y

#66940000
0!
0[

#66945000
1!
b10010111110 ;
1[
b10010111110 w

#66946000
b100111010010100 y

#66950000
0!
0[

#66955000
1!
b10010111111 ;
1[
b10010111111 w

#66956000
b100111010010111 y

#66960000
0!
0[

#66965000
1!
b10011000000 ;
1[
b10011000000 w

#66966000
b100111010011010 y

#66970000
0!
0[

#66975000
1!
b10011000001 ;
1[
b10011000001 w

#66976000
b100111010011101 y

#66980000
0!
0[

#66985000
1!
b10011000010 ;
1[
b10011000010 w

#66986000
b100111010100000 y

#66990000
0!
0[

#66995000
1!
b10011000011 ;
1[
b10011000011 w

#66996000
b100111010100011 y

#67000000
0!
0[

#67005000
1!
b10011000100 ;
1[
b10011000100 w

#67006000
b100111010100110 y

#67010000
0!
0[

#67015000
1!
b10011000101 ;
1[
b10011000101 w

#67016000
b100111010101001 y

#67020000
0!
0[

#67025000
1!
b10011000110 ;
1[
b10011000110 w

#67026000
b100111010101100 y

#67030000
0!
0[

#67035000
1!
b10011000111 ;
1[
b10011000111 w

#67036000
b100111010101111 y

#67040000
0!
0[

#67045000
1!
b10011001000 ;
1[
b10011001000 w

#67046000
b100111010110010 y

#67050000
0!
0[

#67055000
1!
b10011001001 ;
1[
b10011001001 w

#67056000
b100111010110101 y

#67060000
0!
0[

#67065000
1!
b10011001010 ;
1[
b10011001010 w

#67066000
b100111010111000 y

#67070000
0!
0[

#67075000
1!
b10011001011 ;
1[
b10011001011 w

#67076000
b100111010111011 y

#67080000
0!
0[

#67085000
1!
b10011001100 ;
1[
b10011001100 w

#67086000
b100111010111110 y

#67090000
0!
0[

#67095000
1!
b10011001101 ;
1[
b10011001101 w

#67096000
b100111011000001 y

#67100000
0!
0[

#67105000
1!
b10011001110 ;
1[
b10011001110 w

#67106000
b100111011000100 y

#67110000
0!
0[

#67115000
1!
b10011001111 ;
1[
b10011001111 w

#67116000
b100111011000111 y

#67120000
0!
0[

#67125000
1!
b10011010000 ;
1[
b10011010000 w

#67126000
b100111011001010 y

#67130000
0!
0[

#67135000
1!
b10011010001 ;
1[
b10011010001 w

#67136000
b100111011001101 y

#67140000
0!
0[

#67145000
1!
b10011010010 ;
1[
b10011010010 w

#67146000
b100111011010000 y

#67150000
0!
0[

#67155000
1!
b10011010011 ;
1[
b10011010011 w

#67156000
b100111011010011 y

#67160000
0!
0[

#67165000
1!
b10011010100 ;
1[
b10011010100 w

#67166000
b100111011010110 y

#67170000
0!
0[

#67175000
1!
b10011010101 ;
1[
b10011010101 w

#67176000
b100111011011001 y

#67180000
0!
0[

#67185000
1!
b10011010110 ;
1[
b10011010110 w

#67186000
b100111011011100 y

#67190000
0!
0[

#67195000
1!
b10011010111 ;
1[
b10011010111 w

#67196000
b100111011011111 y

#67200000
0!
0[

#67205000
1!
b10011011000 ;
1[
b10011011000 w

#67206000
b100111011100010 y

#67210000
0!
0[

#67215000
1!
b10011011001 ;
1[
b10011011001 w

#67216000
b100111011100101 y

#67220000
0!
0[

#67225000
1!
b10011011010 ;
1[
b10011011010 w

#67226000
b100111011101000 y

#67230000
0!
0[

#67235000
1!
b10011011011 ;
1[
b10011011011 w

#67236000
b100111011101011 y

#67240000
0!
0[

#67245000
1!
b10011011100 ;
1[
b10011011100 w

#67246000
b100111011101110 y

#67250000
0!
0[

#67255000
1!
b10011011101 ;
1[
b10011011101 w

#67256000
b100111011110001 y

#67260000
0!
0[

#67265000
1!
b10011011110 ;
1[
b10011011110 w

#67266000
b100111011110100 y

#67270000
0!
0[

#67275000
1!
b10011011111 ;
1[
b10011011111 w

#67276000
b100111011110111 y

#67280000
0!
0[

#67285000
1!
b10011100000 ;
1[
b10011100000 w

#67286000
b100111011111010 y

#67290000
0!
0[

#67295000
1!
b10011100001 ;
1[
b10011100001 w

#67296000
b100111011111101 y

#67300000
0!
0[

#67305000
1!
b10011100010 ;
1[
b10011100010 w

#67306000
b100111100000000 y

#67310000
0!
0[

#67315000
1!
b10011100011 ;
1[
b10011100011 w

#67316000
b100111100000011 y

#67320000
0!
0[

#67325000
1!
b10011100100 ;
1[
b10011100100 w

#67326000
b100111100000110 y

#67330000
0!
0[

#67335000
1!
b10011100101 ;
1[
b10011100101 w

#67336000
b100111100001001 y

#67340000
0!
0[

#67345000
1!
b10011100110 ;
1[
b10011100110 w

#67346000
b100111100001100 y

#67350000
0!
0[

#67355000
1!
b10011100111 ;
1[
b10011100111 w

#67356000
b100111100001111 y

#67360000
0!
0[

#67365000
1!
b10011101000 ;
1[
b10011101000 w

#67366000
b100111100010010 y

#67370000
0!
0[

#67375000
1!
b10011101001 ;
1[
b10011101001 w

#67376000
b100111100010101 y

#67380000
0!
0[

#67385000
1!
b10011101010 ;
1[
b10011101010 w

#67386000
b100111100011000 y

#67390000
0!
0[

#67395000
1!
b10011101011 ;
1[
b10011101011 w

#67396000
b100111100011011 y

#67400000
0!
0[

#67405000
1!
b10011101100 ;
1[
b10011101100 w

#67406000
b100111100011110 y

#67410000
0!
0[

#67415000
1!
b10011101101 ;
1[
b10011101101 w

#67416000
b100111100100001 y

#67420000
0!
0[

#67425000
1!
b10011101110 ;
1[
b10011101110 w

#67426000
b100111100100100 y

#67430000
0!
0[

#67435000
1!
b10011101111 ;
1[
b10011101111 w

#67436000
b100111100100111 y

#67440000
0!
0[

#67445000
1!
b10011110000 ;
1[
b10011110000 w

#67446000
b100111100101010 y

#67450000
0!
0[

#67455000
1!
b10011110001 ;
1[
b10011110001 w

#67456000
b100111100101101 y

#67460000
0!
0[

#67465000
1!
b10011110010 ;
1[
b10011110010 w

#67466000
b100111100110000 y

#67470000
0!
0[

#67475000
1!
b10011110011 ;
1[
b10011110011 w

#67476000
b100111100110011 y

#67480000
0!
0[

#67485000
1!
b10011110100 ;
1[
b10011110100 w

#67486000
b100111100110110 y

#67490000
0!
0[

#67495000
1!
b10011110101 ;
1[
b10011110101 w

#67496000
b100111100111001 y

#67500000
0!
0[

#67505000
1!
b10011110110 ;
1[
b10011110110 w

#67506000
b100111100111100 y

#67510000
0!
0[

#67515000
1!
b10011110111 ;
1[
b10011110111 w

#67516000
b100111100111111 y

#67520000
0!
0[

#67525000
1!
b10011111000 ;
1[
b10011111000 w

#67526000
b100111101000010 y

#67530000
0!
0[

#67535000
1!
b10011111001 ;
1[
b10011111001 w

#67536000
b100111101000101 y

#67540000
0!
0[

#67545000
1!
b10011111010 ;
1[
b10011111010 w

#67546000
b100111101001000 y

#67550000
0!
0[

#67555000
1!
b10011111011 ;
1[
b10011111011 w

#67556000
b100111101001011 y

#67560000
0!
0[

#67565000
1!
b10011111100 ;
1[
b10011111100 w

#67566000
b100111101001110 y

#67570000
0!
0[

#67575000
1!
b10011111101 ;
1[
b10011111101 w

#67576000
b100111101010001 y

#67580000
0!
0[

#67585000
1!
b10011111110 ;
1[
b10011111110 w

#67586000
b100111101010100 y

#67590000
0!
0[

#67595000
1!
b10011111111 ;
1[
b10011111111 w

#67596000
b100111101010111 y

#67600000
0!
0[

#67605000
1!
b10100000000 ;
1[
b10100000000 w

#67606000
b100111101011010 y

#67610000
0!
0[

#67615000
1!
b10100000001 ;
1[
b10100000001 w

#67616000
b100111101011101 y

#67620000
0!
0[

#67625000
1!
b10100000010 ;
1[
b10100000010 w

#67626000
b100111101100000 y

#67630000
0!
0[

#67635000
1!
b10100000011 ;
1[
b10100000011 w

#67636000
b100111101100011 y

#67640000
0!
0[

#67645000
1!
b10100000100 ;
1[
b10100000100 w

#67646000
b100111101100110 y

#67650000
0!
0[

#67655000
1!
b10100000101 ;
1[
b10100000101 w

#67656000
b100111101101001 y

#67660000
0!
0[

#67665000
1!
b10100000110 ;
1[
b10100000110 w

#67666000
b100111101101100 y

#67670000
0!
0[

#67675000
1!
b10100000111 ;
1[
b10100000111 w

#67676000
b100111101101111 y

#67680000
0!
0[

#67685000
1!
b10100001000 ;
1[
b10100001000 w

#67686000
b100111101110010 y

#67690000
0!
0[

#67695000
1!
b10100001001 ;
1[
b10100001001 w

#67696000
b100111101110101 y

#67700000
0!
0[

#67705000
1!
b10100001010 ;
1[
b10100001010 w

#67706000
b100111101111000 y

#67710000
0!
0[

#67715000
1!
b10100001011 ;
1[
b10100001011 w

#67716000
b100111101111011 y

#67720000
0!
0[

#67725000
1!
b10100001100 ;
1[
b10100001100 w

#67726000
b100111101111110 y

#67730000
0!
0[

#67735000
1!
b10100001101 ;
1[
b10100001101 w

#67736000
b100111110000001 y

#67740000
0!
0[

#67745000
1!
b10100001110 ;
1[
b10100001110 w

#67746000
b100111110000100 y

#67750000
0!
0[

#67755000
1!
b10100001111 ;
1[
b10100001111 w

#67756000
b100111110000111 y

#67760000
0!
0[

#67765000
1!
b10100010000 ;
1[
b10100010000 w

#67766000
b100111110001010 y

#67770000
0!
0[

#67775000
1!
b10100010001 ;
1[
b10100010001 w

#67776000
b100111110001101 y

#67780000
0!
0[

#67785000
1!
b10100010010 ;
1[
b10100010010 w

#67786000
b100111110010000 y

#67790000
0!
0[

#67795000
1!
b10100010011 ;
1[
b10100010011 w

#67796000
b100111110010011 y

#67800000
0!
0[

#67805000
1!
b10100010100 ;
1[
b10100010100 w

#67806000
b100111110010110 y

#67810000
0!
0[

#67815000
1!
b10100010101 ;
1[
b10100010101 w

#67816000
b100111110011001 y

#67820000
0!
0[

#67825000
1!
b10100010110 ;
1[
b10100010110 w

#67826000
b100111110011100 y

#67830000
0!
0[

#67835000
1!
b10100010111 ;
1[
b10100010111 w

#67836000
b100111110011111 y

#67840000
0!
0[

#67845000
1!
b10100011000 ;
1[
b10100011000 w

#67846000
b100111110100010 y

#67850000
0!
0[

#67855000
1!
b10100011001 ;
1[
b10100011001 w

#67856000
b100111110100101 y

#67860000
0!
0[

#67865000
1!
b10100011010 ;
1[
b10100011010 w

#67866000
b100111110101000 y

#67870000
0!
0[

#67875000
1!
b10100011011 ;
1[
b10100011011 w

#67876000
b100111110101011 y

#67880000
0!
0[

#67885000
1!
b10100011100 ;
1[
b10100011100 w

#67886000
b100111110101110 y

#67890000
0!
0[

#67895000
1!
b10100011101 ;
1[
b10100011101 w

#67896000
b100111110110001 y

#67900000
0!
0[

#67905000
1!
b10100011110 ;
1[
b10100011110 w

#67906000
b100111110110100 y

#67910000
0!
0[

#67915000
1!
b10100011111 ;
1[
b10100011111 w

#67916000
b100111110110111 y

#67920000
0!
0[

#67925000
1!
b10100100000 ;
1[
b10100100000 w

#67926000
b100111110111010 y

#67930000
0!
0[

#67935000
1!
b10100100001 ;
1[
b10100100001 w

#67936000
b100111110111101 y

#67940000
0!
0[

#67945000
1!
b10100100010 ;
1[
b10100100010 w

#67946000
b100111111000000 y

#67950000
0!
0[

#67955000
1!
b10100100011 ;
1[
b10100100011 w

#67956000
b100111111000011 y

#67960000
0!
0[

#67965000
1!
b10100100100 ;
1[
b10100100100 w

#67966000
b100111111000110 y

#67970000
0!
0[

#67975000
1!
b10100100101 ;
1[
b10100100101 w

#67976000
b100111111001001 y

#67980000
0!
0[

#67985000
1!
b10100100110 ;
1[
b10100100110 w

#67986000
b100111111001100 y

#67990000
0!
0[

#67995000
1!
b10100100111 ;
1[
b10100100111 w

#67996000
b100111111001111 y

#68000000
0!
0[

#68005000
1!
b10100101000 ;
1[
b10100101000 w

#68006000
b100111111010010 y

#68010000
0!
0[

#68015000
1!
b10100101001 ;
1[
b10100101001 w

#68016000
b100111111010101 y

#68020000
0!
0[

#68025000
1!
b10100101010 ;
1[
b10100101010 w

#68026000
b100111111011000 y

#68030000
0!
0[

#68035000
1!
b10100101011 ;
1[
b10100101011 w

#68036000
b100111111011011 y

#68040000
0!
0[

#68045000
1!
b10100101100 ;
1[
b10100101100 w

#68046000
b100111111011110 y

#68050000
0!
0[

#68055000
1!
b10100101101 ;
1[
b10100101101 w

#68056000
b100111111100001 y

#68060000
0!
0[

#68065000
1!
b10100101110 ;
1[
b10100101110 w

#68066000
b100111111100100 y

#68070000
0!
0[

#68075000
1!
b10100101111 ;
1[
b10100101111 w

#68076000
b100111111100111 y

#68080000
0!
0[

#68085000
1!
b10100110000 ;
1[
b10100110000 w

#68086000
b100111111101010 y

#68090000
0!
0[

#68095000
1!
b10100110001 ;
1[
b10100110001 w

#68096000
b100111111101101 y

#68100000
0!
0[

#68105000
1!
b10100110010 ;
1[
b10100110010 w

#68106000
b100111111110000 y

#68110000
0!
0[

#68115000
1!
b10100110011 ;
1[
b10100110011 w

#68116000
b100111111110011 y

#68120000
0!
0[

#68125000
1!
b10100110100 ;
1[
b10100110100 w

#68126000
b100111111110110 y

#68130000
0!
0[

#68135000
1!
b10100110101 ;
1[
b10100110101 w

#68136000
b100111111111001 y

#68140000
0!
0[

#68145000
1!
b10100110110 ;
1[
b10100110110 w

#68146000
b100111111111100 y

#68150000
0!
0[

#68155000
1!
b10100110111 ;
1[
b10100110111 w

#68156000
b100111111111111 y

#68160000
0!
0[

#68165000
1!
b10100111000 ;
1[
b10100111000 w

#68166000
b101000000000010 y

#68170000
0!
0[

#68175000
1!
b10100111001 ;
1[
b10100111001 w

#68176000
b101000000000101 y

#68180000
0!
0[

#68185000
1!
b10100111010 ;
1[
b10100111010 w

#68186000
b101000000001000 y

#68190000
0!
0[

#68195000
1!
b10100111011 ;
1[
b10100111011 w

#68196000
b101000000001011 y

#68200000
0!
0[

#68205000
1!
b10100111100 ;
1[
b10100111100 w

#68206000
b101000000001110 y

#68210000
0!
0[

#68215000
1!
b10100111101 ;
1[
b10100111101 w

#68216000
b101000000010001 y

#68220000
0!
0[

#68225000
1!
b10100111110 ;
1[
b10100111110 w

#68226000
b101000000010100 y

#68230000
0!
0[

#68235000
1!
b10100111111 ;
1[
b10100111111 w

#68236000
b101000000010111 y

#68240000
0!
0[

#68245000
1!
b10101000000 ;
1[
b10101000000 w

#68246000
b101000000011010 y

#68250000
0!
0[

#68255000
1!
b10101000001 ;
1[
b10101000001 w

#68256000
b101000000011101 y

#68260000
0!
0[

#68265000
1!
b10101000010 ;
1[
b10101000010 w

#68266000
b101000000100000 y

#68270000
0!
0[

#68275000
1!
b10101000011 ;
1[
b10101000011 w

#68276000
b101000000100011 y

#68280000
0!
0[

#68285000
1!
b10101000100 ;
1[
b10101000100 w

#68286000
b101000000100110 y

#68290000
0!
0[

#68295000
1!
b10101000101 ;
1[
b10101000101 w

#68296000
b101000000101001 y

#68300000
0!
0[

#68305000
1!
b10101000110 ;
1[
b10101000110 w

#68306000
b101000000101100 y

#68310000
0!
0[

#68315000
1!
b10101000111 ;
1[
b10101000111 w

#68316000
b101000000101111 y

#68320000
0!
0[

#68325000
1!
b10101001000 ;
1[
b10101001000 w

#68326000
b101000000110010 y

#68330000
0!
0[

#68335000
1!
b10101001001 ;
1[
b10101001001 w

#68336000
b101000000110101 y

#68340000
0!
0[

#68345000
1!
b10101001010 ;
1[
b10101001010 w

#68346000
b101000000111000 y

#68350000
0!
0[

#68355000
1!
b10101001011 ;
1[
b10101001011 w

#68356000
b101000000111011 y

#68360000
0!
0[

#68365000
1!
b10101001100 ;
1[
b10101001100 w

#68366000
b101000000111110 y

#68370000
0!
0[

#68375000
1!
b10101001101 ;
1[
b10101001101 w

#68376000
b101000001000001 y

#68380000
0!
0[

#68385000
1!
b10101001110 ;
1[
b10101001110 w

#68386000
b101000001000100 y

#68390000
0!
0[

#68395000
1!
b10101001111 ;
1[
b10101001111 w

#68396000
b101000001000111 y

#68400000
0!
0[

#68405000
1!
b10101010000 ;
1[
b10101010000 w

#68406000
b101000001001010 y

#68410000
0!
0[

#68415000
1!
b10101010001 ;
1[
b10101010001 w

#68416000
b101000001001101 y

#68420000
0!
0[

#68425000
1!
b10101010010 ;
1[
b10101010010 w

#68426000
b101000001010000 y

#68430000
0!
0[

#68435000
1!
b10101010011 ;
1[
b10101010011 w

#68436000
b101000001010011 y

#68440000
0!
0[

#68445000
1!
b10101010100 ;
1[
b10101010100 w

#68446000
b101000001010110 y

#68450000
0!
0[

#68455000
1!
b10101010101 ;
1[
b10101010101 w

#68456000
b101000001011001 y

#68460000
0!
0[

#68465000
1!
b10101010110 ;
1[
b10101010110 w

#68466000
b101000001011100 y

#68470000
0!
0[

#68475000
1!
b10101010111 ;
1[
b10101010111 w

#68476000
b101000001011111 y

#68480000
0!
0[

#68485000
1!
b10101011000 ;
1[
b10101011000 w

#68486000
b101000001100010 y

#68490000
0!
0[

#68495000
1!
b10101011001 ;
1[
b10101011001 w

#68496000
b101000001100101 y

#68500000
0!
0[

#68505000
1!
b10101011010 ;
1[
b10101011010 w

#68506000
b101000001101000 y

#68510000
0!
0[

#68515000
1!
b10101011011 ;
1[
b10101011011 w

#68516000
b101000001101011 y

#68520000
0!
0[

#68525000
1!
b10101011100 ;
1[
b10101011100 w

#68526000
b101000001101110 y

#68530000
0!
0[

#68535000
1!
b10101011101 ;
1[
b10101011101 w

#68536000
b101000001110001 y

#68540000
0!
0[

#68545000
1!
b10101011110 ;
1[
b10101011110 w

#68546000
b101000001110100 y

#68550000
0!
0[

#68555000
1!
b10101011111 ;
1[
b10101011111 w

#68556000
b101000001110111 y

#68560000
0!
0[

#68565000
1!
b10101100000 ;
1[
b10101100000 w

#68566000
b101000001111010 y

#68570000
0!
0[

#68575000
1!
b10101100001 ;
1[
b10101100001 w

#68576000
b101000001111101 y

#68580000
0!
0[

#68585000
1!
b10101100010 ;
1[
b10101100010 w

#68586000
b101000010000000 y

#68590000
0!
0[

#68595000
1!
b10101100011 ;
1[
b10101100011 w

#68596000
b101000010000011 y

#68600000
0!
0[

#68605000
1!
b10101100100 ;
1[
b10101100100 w

#68606000
b101000010000110 y

#68610000
0!
0[

#68615000
1!
b10101100101 ;
1[
b10101100101 w

#68616000
b101000010001001 y

#68620000
0!
0[

#68625000
1!
b10101100110 ;
1[
b10101100110 w

#68626000
b101000010001100 y

#68630000
0!
0[

#68635000
1!
b10101100111 ;
1[
b10101100111 w

#68636000
b101000010001111 y

#68640000
0!
0[

#68645000
1!
b10101101000 ;
1[
b10101101000 w

#68646000
b101000010010010 y

#68650000
0!
0[

#68655000
1!
b10101101001 ;
1[
b10101101001 w

#68656000
b101000010010101 y

#68660000
0!
0[

#68665000
1!
b10101101010 ;
1[
b10101101010 w

#68666000
b101000010011000 y

#68670000
0!
0[

#68675000
1!
b10101101011 ;
1[
b10101101011 w

#68676000
b101000010011011 y

#68680000
0!
0[

#68685000
1!
b10101101100 ;
1[
b10101101100 w

#68686000
b101000010011110 y

#68690000
0!
0[

#68695000
1!
b10101101101 ;
1[
b10101101101 w

#68696000
b101000010100001 y

#68700000
0!
0[

#68705000
1!
b10101101110 ;
1[
b10101101110 w

#68706000
b101000010100100 y

#68710000
0!
0[

#68715000
1!
b10101101111 ;
1[
b10101101111 w

#68716000
b101000010100111 y

#68720000
0!
0[

#68725000
1!
b10101110000 ;
1[
b10101110000 w

#68726000
b101000010101010 y

#68730000
0!
0[

#68735000
1!
b10101110001 ;
1[
b10101110001 w

#68736000
b101000010101101 y

#68740000
0!
0[

#68745000
1!
b10101110010 ;
1[
b10101110010 w

#68746000
b101000010110000 y

#68750000
0!
0[

#68755000
1!
b10101110011 ;
1[
b10101110011 w

#68756000
b101000010110011 y

#68760000
0!
0[

#68765000
1!
b10101110100 ;
1[
b10101110100 w

#68766000
b101000010110110 y

#68770000
0!
0[

#68775000
1!
b10101110101 ;
1[
b10101110101 w

#68776000
b101000010111001 y

#68780000
0!
0[

#68785000
1!
b10101110110 ;
1[
b10101110110 w

#68786000
b101000010111100 y

#68790000
0!
0[

#68795000
1!
b10101110111 ;
1[
b10101110111 w

#68796000
b101000010111111 y

#68800000
0!
0[

#68805000
1!
b10101111000 ;
1[
b10101111000 w

#68806000
b101000011000010 y

#68810000
0!
0[

#68815000
1!
b10101111001 ;
1[
b10101111001 w

#68816000
b101000011000101 y

#68820000
0!
0[

#68825000
1!
b10101111010 ;
1[
b10101111010 w

#68826000
b101000011001000 y

#68830000
0!
0[

#68835000
1!
b10101111011 ;
1[
b10101111011 w

#68836000
b101000011001011 y

#68840000
0!
0[

#68845000
1!
b10101111100 ;
1[
b10101111100 w

#68846000
b101000011001110 y

#68850000
0!
0[

#68855000
1!
b10101111101 ;
1[
b10101111101 w

#68856000
b101000011010001 y

#68860000
0!
0[

#68865000
1!
b10101111110 ;
1[
b10101111110 w

#68866000
b101000011010100 y

#68870000
0!
0[

#68875000
1!
b10101111111 ;
1[
b10101111111 w

#68876000
b101000011010111 y

#68880000
0!
0[

#68885000
1!
b10110000000 ;
1[
b10110000000 w

#68886000
b101000011011010 y

#68890000
0!
0[

#68895000
1!
b10110000001 ;
1[
b10110000001 w

#68896000
b101000011011101 y

#68900000
0!
0[

#68905000
1!
b10110000010 ;
1[
b10110000010 w

#68906000
b101000011100000 y

#68910000
0!
0[

#68915000
1!
b10110000011 ;
1[
b10110000011 w

#68916000
b101000011100011 y

#68920000
0!
0[

#68925000
1!
b10110000100 ;
1[
b10110000100 w

#68926000
b101000011100110 y

#68930000
0!
0[

#68935000
1!
b10110000101 ;
1[
b10110000101 w

#68936000
b101000011101001 y

#68940000
0!
0[

#68945000
1!
b10110000110 ;
1[
b10110000110 w

#68946000
b101000011101100 y

#68950000
0!
0[

#68955000
1!
b10110000111 ;
1[
b10110000111 w

#68956000
b101000011101111 y

#68960000
0!
0[

#68965000
1!
b10110001000 ;
1[
b10110001000 w

#68966000
b101000011110010 y

#68970000
0!
0[

#68975000
1!
b10110001001 ;
1[
b10110001001 w

#68976000
b101000011110101 y

#68980000
0!
0[

#68985000
1!
b10110001010 ;
1[
b10110001010 w

#68986000
b101000011111000 y

#68990000
0!
0[

#68995000
1!
b10110001011 ;
1[
b10110001011 w

#68996000
b101000011111011 y

#69000000
0!
0[

#69005000
1!
b10110001100 ;
1[
b10110001100 w

#69006000
b101000011111110 y

#69010000
0!
0[

#69015000
1!
b10110001101 ;
1[
b10110001101 w

#69016000
b101000100000001 y

#69020000
0!
0[

#69025000
1!
b10110001110 ;
1[
b10110001110 w

#69026000
b101000100000100 y

#69030000
0!
0[

#69035000
1!
b10110001111 ;
1[
b10110001111 w

#69036000
b101000100000111 y

#69040000
0!
0[

#69045000
1!
b10110010000 ;
1[
b10110010000 w

#69046000
b101000100001010 y

#69050000
0!
0[

#69055000
1!
b10110010001 ;
1[
b10110010001 w

#69056000
b101000100001101 y

#69060000
0!
0[

#69065000
1!
b10110010010 ;
1[
b10110010010 w

#69066000
b101000100010000 y

#69070000
0!
0[

#69075000
1!
b10110010011 ;
1[
b10110010011 w

#69076000
b101000100010011 y

#69080000
0!
0[

#69085000
1!
b10110010100 ;
1[
b10110010100 w

#69086000
b101000100010110 y

#69090000
0!
0[

#69095000
1!
b10110010101 ;
1[
b10110010101 w

#69096000
b101000100011001 y

#69100000
0!
0[

#69105000
1!
b10110010110 ;
1[
b10110010110 w

#69106000
b101000100011100 y

#69110000
0!
0[

#69115000
1!
b10110010111 ;
1[
b10110010111 w

#69116000
b101000100011111 y

#69120000
0!
0[

#69125000
1!
b10110011000 ;
1[
b10110011000 w

#69126000
b101000100100010 y

#69130000
0!
0[

#69135000
1!
b10110011001 ;
1[
b10110011001 w

#69136000
b101000100100101 y

#69140000
0!
0[

#69145000
1!
b10110011010 ;
1[
b10110011010 w

#69146000
b101000100101000 y

#69150000
0!
0[

#69155000
1!
b10110011011 ;
1[
b10110011011 w

#69156000
b101000100101011 y

#69160000
0!
0[

#69165000
1!
b10110011100 ;
1[
b10110011100 w

#69166000
b101000100101110 y

#69170000
0!
0[

#69175000
1!
b10110011101 ;
1[
b10110011101 w

#69176000
b101000100110001 y

#69180000
0!
0[

#69185000
1!
b10110011110 ;
1[
b10110011110 w

#69186000
b101000100110100 y

#69190000
0!
0[

#69195000
1!
b10110011111 ;
1[
b10110011111 w

#69196000
b101000100110111 y

#69200000
0!
0[

#69205000
1!
b10110100000 ;
1[
b10110100000 w

#69206000
b101000100111010 y

#69210000
0!
0[

#69215000
1!
b10110100001 ;
1[
b10110100001 w

#69216000
b101000100111101 y

#69220000
0!
0[

#69225000
1!
b10110100010 ;
1[
b10110100010 w

#69226000
b101000101000000 y

#69230000
0!
0[

#69235000
1!
b10110100011 ;
1[
b10110100011 w

#69236000
b101000101000011 y

#69240000
0!
0[

#69245000
1!
b10110100100 ;
1[
b10110100100 w

#69246000
b101000101000110 y

#69250000
0!
0[

#69255000
1!
b10110100101 ;
1[
b10110100101 w

#69256000
b101000101001001 y

#69260000
0!
0[

#69265000
1!
b10110100110 ;
1[
b10110100110 w

#69266000
b101000101001100 y

#69270000
0!
0[

#69275000
1!
b10110100111 ;
1[
b10110100111 w

#69276000
b101000101001111 y

#69280000
0!
0[

#69285000
1!
b10110101000 ;
1[
b10110101000 w

#69286000
b101000101010010 y

#69290000
0!
0[

#69295000
1!
b10110101001 ;
1[
b10110101001 w

#69296000
b101000101010101 y

#69300000
0!
0[

#69305000
1!
b10110101010 ;
1[
b10110101010 w

#69306000
b101000101011000 y

#69310000
0!
0[

#69315000
1!
b10110101011 ;
1[
b10110101011 w

#69316000
b101000101011011 y

#69320000
0!
0[

#69325000
1!
b10110101100 ;
1[
b10110101100 w

#69326000
b101000101011110 y

#69330000
0!
0[

#69335000
1!
b10110101101 ;
1[
b10110101101 w

#69336000
b101000101100001 y

#69340000
0!
0[

#69345000
1!
b10110101110 ;
1[
b10110101110 w

#69346000
b101000101100100 y

#69350000
0!
0[

#69355000
1!
b10110101111 ;
1[
b10110101111 w

#69356000
b101000101100111 y

#69360000
0!
0[

#69365000
1!
b10110110000 ;
1[
b10110110000 w

#69366000
b101000101101010 y

#69370000
0!
0[

#69375000
1!
b10110110001 ;
1[
b10110110001 w

#69376000
b101000101101101 y

#69380000
0!
0[

#69385000
1!
b10110110010 ;
1[
b10110110010 w

#69386000
b101000101110000 y

#69390000
0!
0[

#69395000
1!
b10110110011 ;
1[
b10110110011 w

#69396000
b101000101110011 y

#69400000
0!
0[

#69405000
1!
b10110110100 ;
1[
b10110110100 w

#69406000
b101000101110110 y

#69410000
0!
0[

#69415000
1!
b10110110101 ;
1[
b10110110101 w

#69416000
b101000101111001 y

#69420000
0!
0[

#69425000
1!
b10110110110 ;
1[
b10110110110 w

#69426000
b101000101111100 y

#69430000
0!
0[

#69435000
1!
b10110110111 ;
1[
b10110110111 w

#69436000
b101000101111111 y

#69440000
0!
0[

#69445000
1!
b10110111000 ;
1[
b10110111000 w

#69446000
b101000110000010 y

#69450000
0!
0[

#69455000
1!
b10110111001 ;
1[
b10110111001 w

#69456000
b101000110000101 y

#69460000
0!
0[

#69465000
1!
b10110111010 ;
1[
b10110111010 w

#69466000
b101000110001000 y

#69470000
0!
0[

#69475000
1!
b10110111011 ;
1[
b10110111011 w

#69476000
b101000110001011 y

#69480000
0!
0[

#69485000
1!
b10110111100 ;
1[
b10110111100 w

#69486000
b101000110001110 y

#69490000
0!
0[

#69495000
1!
b10110111101 ;
1[
b10110111101 w

#69496000
b101000110010001 y

#69500000
0!
0[

#69505000
1!
b10110111110 ;
1[
b10110111110 w

#69506000
b101000110010100 y

#69510000
0!
0[

#69515000
1!
b10110111111 ;
1[
b10110111111 w

#69516000
b101000110010111 y

#69520000
0!
0[

#69525000
1!
b10111000000 ;
1[
b10111000000 w

#69526000
b101000110011010 y

#69530000
0!
0[

#69535000
1!
b10111000001 ;
1[
b10111000001 w

#69536000
b101000110011101 y

#69540000
0!
0[

#69545000
1!
b10111000010 ;
1[
b10111000010 w

#69546000
b101000110100000 y

#69550000
0!
0[

#69555000
1!
b10111000011 ;
1[
b10111000011 w

#69556000
b101000110100011 y

#69560000
0!
0[

#69565000
1!
b10111000100 ;
1[
b10111000100 w

#69566000
b101000110100110 y

#69570000
0!
0[

#69575000
1!
b10111000101 ;
1[
b10111000101 w

#69576000
b101000110101001 y

#69580000
0!
0[

#69585000
1!
b10111000110 ;
1[
b10111000110 w

#69586000
b101000110101100 y

#69590000
0!
0[

#69595000
1!
b10111000111 ;
1[
b10111000111 w

#69596000
b101000110101111 y

#69600000
0!
0[

#69605000
1!
b10111001000 ;
1[
b10111001000 w

#69606000
b101000110110010 y

#69610000
0!
0[

#69615000
1!
b10111001001 ;
1[
b10111001001 w

#69616000
b101000110110101 y

#69620000
0!
0[

#69625000
1!
b10111001010 ;
1[
b10111001010 w

#69626000
b101000110111000 y

#69630000
0!
0[

#69635000
1!
b10111001011 ;
1[
b10111001011 w

#69636000
b101000110111011 y

#69640000
0!
0[

#69645000
1!
b10111001100 ;
1[
b10111001100 w

#69646000
b101000110111110 y

#69650000
0!
0[

#69655000
1!
b10111001101 ;
1[
b10111001101 w

#69656000
b101000111000001 y

#69660000
0!
0[

#69665000
1!
b10111001110 ;
1[
b10111001110 w

#69666000
b101000111000100 y

#69670000
0!
0[

#69675000
1!
b10111001111 ;
1[
b10111001111 w

#69676000
b101000111000111 y

#69680000
0!
0[

#69685000
1!
b10111010000 ;
1[
b10111010000 w

#69686000
b101000111001010 y

#69690000
0!
0[

#69695000
1!
b10111010001 ;
1[
b10111010001 w

#69696000
b101000111001101 y

#69700000
0!
0[

#69705000
1!
b10111010010 ;
1[
b10111010010 w

#69706000
b101000111010000 y

#69710000
0!
0[

#69715000
1!
b10111010011 ;
1[
b10111010011 w

#69716000
b101000111010011 y

#69720000
0!
0[

#69725000
1!
b10111010100 ;
1[
b10111010100 w

#69726000
b101000111010110 y

#69730000
0!
0[

#69735000
1!
b10111010101 ;
1[
b10111010101 w

#69736000
b101000111011001 y

#69740000
0!
0[

#69745000
1!
b10111010110 ;
1[
b10111010110 w

#69746000
b101000111011100 y

#69750000
0!
0[

#69755000
1!
b10111010111 ;
1[
b10111010111 w

#69756000
b101000111011111 y

#69760000
0!
0[

#69765000
1!
b10111011000 ;
1[
b10111011000 w

#69766000
b101000111100010 y

#69770000
0!
0[

#69775000
1!
b10111011001 ;
1[
b10111011001 w

#69776000
b101000111100101 y

#69780000
0!
0[

#69785000
1!
b10111011010 ;
1[
b10111011010 w

#69786000
b101000111101000 y

#69790000
0!
0[

#69795000
1!
b10111011011 ;
1[
b10111011011 w

#69796000
b101000111101011 y

#69800000
0!
0[

#69805000
1!
b10111011100 ;
1[
b10111011100 w

#69806000
b101000111101110 y

#69810000
0!
0[

#69815000
1!
b10111011101 ;
1[
b10111011101 w

#69816000
b101000111110001 y

#69820000
0!
0[

#69825000
1!
b10111011110 ;
1[
b10111011110 w

#69826000
b101000111110100 y

#69830000
0!
0[

#69835000
1!
b10111011111 ;
1[
b10111011111 w

#69836000
b101000111110111 y

#69840000
0!
0[

#69845000
1!
b10111100000 ;
1[
b10111100000 w

#69846000
b101000111111010 y

#69850000
0!
0[

#69855000
1!
b10111100001 ;
1[
b10111100001 w

#69856000
b101000111111101 y

#69860000
0!
0[

#69865000
1!
b10111100010 ;
1[
b10111100010 w

#69866000
b101001000000000 y

#69870000
0!
0[

#69875000
1!
b10111100011 ;
1[
b10111100011 w

#69876000
b101001000000011 y

#69880000
0!
0[

#69885000
1!
b10111100100 ;
1[
b10111100100 w

#69886000
b101001000000110 y

#69890000
0!
0[

#69895000
1!
b10111100101 ;
1[
b10111100101 w

#69896000
b101001000001001 y

#69900000
0!
0[

#69905000
1!
b10111100110 ;
1[
b10111100110 w

#69906000
b101001000001100 y

#69910000
0!
0[

#69915000
1!
b10111100111 ;
1[
b10111100111 w

#69916000
b101001000001111 y

#69920000
0!
0[

#69925000
1!
b10111101000 ;
1[
b10111101000 w

#69926000
b101001000010010 y

#69930000
0!
0[

#69935000
1!
b10111101001 ;
1[
b10111101001 w

#69936000
b101001000010101 y

#69940000
0!
0[

#69945000
1!
b10111101010 ;
1[
b10111101010 w

#69946000
b101001000011000 y

#69950000
0!
0[

#69955000
1!
b10111101011 ;
1[
b10111101011 w

#69956000
b101001000011011 y

#69960000
0!
0[

#69965000
1!
b10111101100 ;
1[
b10111101100 w

#69966000
b101001000011110 y

#69970000
0!
0[

#69975000
1!
b10111101101 ;
1[
b10111101101 w

#69976000
b101001000100001 y

#69980000
0!
0[

#69985000
1!
b10111101110 ;
1[
b10111101110 w

#69986000
b101001000100100 y

#69990000
0!
0[

#69995000
1!
b10111101111 ;
1[
b10111101111 w

#69996000
b101001000100111 y

#70000000
0!
0[

#70005000
1!
b10111110000 ;
1[
b10111110000 w

#70006000
b101001000101010 y

#70010000
0!
0[

#70015000
1!
b10111110001 ;
1[
b10111110001 w

#70016000
b101001000101101 y

#70020000
0!
0[

#70025000
1!
b10111110010 ;
1[
b10111110010 w

#70026000
b101001000110000 y

#70030000
0!
0[

#70035000
1!
b10111110011 ;
1[
b10111110011 w

#70036000
b101001000110011 y

#70040000
0!
0[

#70045000
1!
b10111110100 ;
1[
b10111110100 w

#70046000
b101001000110110 y

#70050000
0!
0[

#70055000
1!
b10111110101 ;
1[
b10111110101 w

#70056000
b101001000111001 y

#70060000
0!
0[

#70065000
1!
b10111110110 ;
1[
b10111110110 w

#70066000
b101001000111100 y

#70070000
0!
0[

#70075000
1!
b10111110111 ;
1[
b10111110111 w

#70076000
b101001000111111 y

#70080000
0!
0[

#70085000
1!
b10111111000 ;
1[
b10111111000 w

#70086000
b101001001000010 y

#70090000
0!
0[

#70095000
1!
b10111111001 ;
1[
b10111111001 w

#70096000
b101001001000101 y

#70100000
0!
0[

#70105000
1!
b10111111010 ;
1[
b10111111010 w

#70106000
b101001001001000 y

#70110000
0!
0[

#70115000
1!
b10111111011 ;
1[
b10111111011 w

#70116000
b101001001001011 y

#70120000
0!
0[

#70125000
1!
b10111111100 ;
1[
b10111111100 w

#70126000
b101001001001110 y

#70130000
0!
0[

#70135000
1!
b10111111101 ;
1[
b10111111101 w

#70136000
b101001001010001 y

#70140000
0!
0[

#70145000
1!
b10111111110 ;
1[
b10111111110 w

#70146000
b101001001010100 y

#70150000
0!
0[

#70155000
1!
b10111111111 ;
1[
b10111111111 w

#70156000
b101001001010111 y

#70160000
0!
0[

#70165000
1!
b11000000000 ;
1[
b11000000000 w

#70166000
b101001001011010 y

#70170000
0!
0[

#70175000
1!
b11000000001 ;
1[
b11000000001 w

#70176000
b101001001011101 y

#70180000
0!
0[

#70185000
1!
b11000000010 ;
1[
b11000000010 w

#70186000
b101001001100000 y

#70190000
0!
0[

#70195000
1!
b11000000011 ;
1[
b11000000011 w

#70196000
b101001001100011 y

#70200000
0!
0[

#70205000
1!
b11000000100 ;
1[
b11000000100 w

#70206000
b101001001100110 y

#70210000
0!
0[

#70215000
1!
b11000000101 ;
1[
b11000000101 w

#70216000
b101001001101001 y

#70220000
0!
0[

#70225000
1!
b11000000110 ;
1[
b11000000110 w

#70226000
b101001001101100 y

#70230000
0!
0[

#70235000
1!
b11000000111 ;
1[
b11000000111 w

#70236000
b101001001101111 y

#70240000
0!
0[

#70245000
1!
b11000001000 ;
1[
b11000001000 w

#70246000
b101001001110010 y

#70250000
0!
0[

#70255000
1!
b11000001001 ;
1[
b11000001001 w

#70256000
b101001001110101 y

#70260000
0!
0[

#70265000
1!
b11000001010 ;
1[
b11000001010 w

#70266000
b101001001111000 y

#70270000
0!
0[

#70275000
1!
b11000001011 ;
1[
b11000001011 w

#70276000
b101001001111011 y

#70280000
0!
0[

#70285000
1!
b11000001100 ;
1[
b11000001100 w

#70286000
b101001001111110 y

#70290000
0!
0[

#70295000
1!
b11000001101 ;
1[
b11000001101 w

#70296000
b101001010000001 y

#70300000
0!
0[

#70305000
1!
b11000001110 ;
1[
b11000001110 w

#70306000
b101001010000100 y

#70310000
0!
0[

#70315000
1!
b11000001111 ;
1[
b11000001111 w

#70316000
b101001010000111 y

#70320000
0!
0[

#70325000
1!
b11000010000 ;
1[
b11000010000 w

#70326000
b101001010001010 y

#70330000
0!
0[

#70335000
1!
b11000010001 ;
1[
b11000010001 w

#70336000
b101001010001101 y

#70340000
0!
0[

#70345000
1!
b11000010010 ;
1[
b11000010010 w

#70346000
b101001010010000 y

#70350000
0!
0[

#70355000
1!
b11000010011 ;
1[
b11000010011 w

#70356000
b101001010010011 y

#70360000
0!
0[

#70365000
1!
b11000010100 ;
1[
b11000010100 w

#70366000
b101001010010110 y

#70370000
0!
0[

#70375000
1!
b11000010101 ;
1[
b11000010101 w

#70376000
b101001010011001 y

#70380000
0!
0[

#70385000
1!
b11000010110 ;
1[
b11000010110 w

#70386000
b101001010011100 y

#70390000
0!
0[

#70395000
1!
b11000010111 ;
1[
b11000010111 w

#70396000
b101001010011111 y

#70400000
0!
0[

#70405000
1!
b11000011000 ;
1[
b11000011000 w

#70406000
b101001010100010 y

#70410000
0!
0[

#70415000
1!
b11000011001 ;
1[
b11000011001 w

#70416000
b101001010100101 y

#70420000
0!
0[

#70425000
1!
b11000011010 ;
1[
b11000011010 w

#70426000
b101001010101000 y

#70430000
0!
0[

#70435000
1!
b11000011011 ;
1[
b11000011011 w

#70436000
b101001010101011 y

#70440000
0!
0[

#70445000
1!
b11000011100 ;
1[
b11000011100 w

#70446000
b101001010101110 y

#70450000
0!
0[

#70455000
1!
b11000011101 ;
1[
b11000011101 w

#70456000
b101001010110001 y

#70460000
0!
0[

#70465000
1!
b11000011110 ;
1[
b11000011110 w

#70466000
b101001010110100 y

#70470000
0!
0[

#70475000
1!
b11000011111 ;
1[
b11000011111 w

#70476000
b101001010110111 y

#70480000
0!
0[

#70485000
1!
b11000100000 ;
1[
b11000100000 w

#70486000
b101001010111010 y

#70490000
0!
0[

#70495000
1!
b11000100001 ;
1[
b11000100001 w

#70496000
b101001010111101 y

#70500000
0!
0[

#70505000
1!
b11000100010 ;
1[
b11000100010 w

#70506000
b101001011000000 y

#70510000
0!
0[

#70515000
1!
b11000100011 ;
1[
b11000100011 w

#70516000
b101001011000011 y

#70520000
0!
0[

#70525000
1!
b11000100100 ;
1[
b11000100100 w

#70526000
b101001011000110 y

#70530000
0!
0[

#70535000
1!
b11000100101 ;
1[
b11000100101 w

#70536000
b101001011001001 y

#70540000
0!
0[

#70545000
1!
b11000100110 ;
1[
b11000100110 w

#70546000
b101001011001100 y

#70550000
0!
0[

#70555000
1!
b11000100111 ;
1[
b11000100111 w

#70556000
b101001011001111 y

#70560000
0!
0[

#70565000
1!
b11000101000 ;
1[
b11000101000 w

#70566000
b101001011010010 y

#70570000
0!
0[

#70575000
1!
b11000101001 ;
1[
b11000101001 w

#70576000
b101001011010101 y

#70580000
0!
0[

#70585000
1!
b11000101010 ;
1[
b11000101010 w

#70586000
b101001011011000 y

#70590000
0!
0[

#70595000
1!
b11000101011 ;
1[
b11000101011 w

#70596000
b101001011011011 y

#70600000
0!
0[

#70605000
1!
b11000101100 ;
1[
b11000101100 w

#70606000
b101001011011110 y

#70610000
0!
0[

#70615000
1!
b11000101101 ;
1[
b11000101101 w

#70616000
b101001011100001 y

#70620000
0!
0[

#70625000
1!
b11000101110 ;
1[
b11000101110 w

#70626000
b101001011100100 y

#70630000
0!
0[

#70635000
1!
b11000101111 ;
1[
b11000101111 w

#70636000
b101001011100111 y

#70640000
0!
0[

#70645000
1!
b11000110000 ;
1[
b11000110000 w

#70646000
b101001011101010 y

#70650000
0!
0[

#70655000
1!
b11000110001 ;
1[
b11000110001 w

#70656000
b101001011101101 y

#70660000
0!
0[

#70665000
1!
b11000110010 ;
1[
b11000110010 w

#70666000
b101001011110000 y

#70670000
0!
0[

#70675000
1!
b11000110011 ;
1[
b11000110011 w

#70676000
b101001011110011 y

#70680000
0!
0[

#70685000
1!
b11000110100 ;
1[
b11000110100 w

#70686000
b101001011110110 y

#70690000
0!
0[

#70695000
1!
b11000110101 ;
1[
b11000110101 w

#70696000
b101001011111001 y

#70700000
0!
0[

#70705000
1!
b11000110110 ;
1[
b11000110110 w

#70706000
b101001011111100 y

#70710000
0!
0[

#70715000
1!
b11000110111 ;
1[
b11000110111 w

#70716000
b101001011111111 y

#70720000
0!
0[

#70725000
1!
b11000111000 ;
1[
b11000111000 w

#70726000
b101001100000010 y

#70730000
0!
0[

#70735000
1!
b11000111001 ;
1[
b11000111001 w

#70736000
b101001100000101 y

#70740000
0!
0[

#70745000
1!
b11000111010 ;
1[
b11000111010 w

#70746000
b101001100001000 y

#70750000
0!
0[

#70755000
1!
b11000111011 ;
1[
b11000111011 w

#70756000
b101001100001011 y

#70760000
0!
0[

#70765000
1!
b11000111100 ;
1[
b11000111100 w

#70766000
b101001100001110 y

#70770000
0!
0[

#70775000
1!
b11000111101 ;
1[
b11000111101 w

#70776000
b101001100010001 y

#70780000
0!
0[

#70785000
1!
b11000111110 ;
1[
b11000111110 w

#70786000
b101001100010100 y

#70790000
0!
0[

#70795000
1!
b11000111111 ;
1[
b11000111111 w

#70796000
b101001100010111 y

#70800000
0!
0[

#70805000
1!
b11001000000 ;
1[
b11001000000 w

#70806000
b101001100011010 y

#70810000
0!
0[

#70815000
1!
b11001000001 ;
1[
b11001000001 w

#70816000
b101001100011101 y

#70820000
0!
0[

#70825000
1!
b11001000010 ;
1[
b11001000010 w

#70826000
b101001100100000 y

#70830000
0!
0[

#70835000
1!
b11001000011 ;
1[
b11001000011 w

#70836000
b101001100100011 y

#70840000
0!
0[

#70845000
1!
b11001000100 ;
1[
b11001000100 w

#70846000
b101001100100110 y

#70850000
0!
0[

#70855000
1!
b11001000101 ;
1[
b11001000101 w

#70856000
b101001100101001 y

#70860000
0!
0[

#70865000
1!
b11001000110 ;
1[
b11001000110 w

#70866000
b101001100101100 y

#70870000
0!
0[

#70875000
1!
b11001000111 ;
1[
b11001000111 w

#70876000
b101001100101111 y

#70880000
0!
0[

#70885000
1!
b11001001000 ;
1[
b11001001000 w

#70886000
b101001100110010 y

#70890000
0!
0[

#70895000
1!
b11001001001 ;
1[
b11001001001 w

#70896000
b101001100110101 y

#70900000
0!
0[

#70905000
1!
b11001001010 ;
1[
b11001001010 w

#70906000
b101001100111000 y

#70910000
0!
0[

#70915000
1!
b11001001011 ;
1[
b11001001011 w

#70916000
b101001100111011 y

#70920000
0!
0[

#70925000
1!
b11001001100 ;
1[
b11001001100 w

#70926000
b101001100111110 y

#70930000
0!
0[

#70935000
1!
b11001001101 ;
1[
b11001001101 w

#70936000
b101001101000001 y

#70940000
0!
0[

#70945000
1!
b11001001110 ;
1[
b11001001110 w

#70946000
b101001101000100 y

#70950000
0!
0[

#70955000
1!
b11001001111 ;
1[
b11001001111 w

#70956000
b101001101000111 y

#70960000
0!
0[

#70965000
1!
b11001010000 ;
1[
b11001010000 w

#70966000
b101001101001010 y

#70970000
0!
0[

#70975000
1!
b11001010001 ;
1[
b11001010001 w

#70976000
b101001101001101 y

#70980000
0!
0[

#70985000
1!
b11001010010 ;
1[
b11001010010 w

#70986000
b101001101010000 y

#70990000
0!
0[

#70995000
1!
b11001010011 ;
1[
b11001010011 w

#70996000
b101001101010011 y

#71000000
0!
0[

#71005000
1!
b11001010100 ;
1[
b11001010100 w

#71006000
b101001101010110 y

#71010000
0!
0[

#71015000
1!
b11001010101 ;
1[
b11001010101 w

#71016000
b101001101011001 y

#71020000
0!
0[

#71025000
1!
b11001010110 ;
1[
b11001010110 w

#71026000
b101001101011100 y

#71030000
0!
0[

#71035000
1!
b11001010111 ;
1[
b11001010111 w

#71036000
b101001101011111 y

#71040000
0!
0[

#71045000
1!
b11001011000 ;
1[
b11001011000 w

#71046000
b101001101100010 y

#71050000
0!
0[

#71055000
1!
b11001011001 ;
1[
b11001011001 w

#71056000
b101001101100101 y

#71060000
0!
0[

#71065000
1!
b11001011010 ;
1[
b11001011010 w

#71066000
b101001101101000 y

#71070000
0!
0[

#71075000
1!
b11001011011 ;
1[
b11001011011 w

#71076000
b101001101101011 y

#71080000
0!
0[

#71085000
1!
b11001011100 ;
1[
b11001011100 w

#71086000
b101001101101110 y

#71090000
0!
0[

#71095000
1!
b11001011101 ;
1[
b11001011101 w

#71096000
b101001101110001 y

#71100000
0!
0[

#71105000
1!
b11001011110 ;
1[
b11001011110 w

#71106000
b101001101110100 y

#71110000
0!
0[

#71115000
1!
b11001011111 ;
1[
b11001011111 w

#71116000
b101001101110111 y

#71120000
0!
0[

#71125000
1!
b11001100000 ;
1[
b11001100000 w

#71126000
b101001101111010 y

#71130000
0!
0[

#71135000
1!
b11001100001 ;
1[
b11001100001 w

#71136000
b101001101111101 y

#71140000
0!
0[

#71145000
1!
b11001100010 ;
1[
b11001100010 w

#71146000
b101001110000000 y

#71150000
0!
0[

#71155000
1!
b11001100011 ;
1[
b11001100011 w

#71156000
b101001110000011 y

#71160000
0!
0[

#71165000
1!
b11001100100 ;
1[
b11001100100 w

#71166000
b101001110000110 y

#71170000
0!
0[

#71175000
1!
b11001100101 ;
1[
b11001100101 w

#71176000
b101001110001001 y

#71180000
0!
0[

#71185000
1!
b11001100110 ;
1[
b11001100110 w

#71186000
b101001110001100 y

#71190000
0!
0[

#71195000
1!
b11001100111 ;
1[
b11001100111 w

#71196000
b101001110001111 y

#71200000
0!
0[

#71205000
1!
b11001101000 ;
1[
b11001101000 w

#71206000
b101001110010010 y

#71210000
0!
0[

#71215000
1!
b11001101001 ;
1[
b11001101001 w

#71216000
b101001110010101 y

#71220000
0!
0[

#71225000
1!
b11001101010 ;
1[
b11001101010 w

#71226000
b101001110011000 y

#71230000
0!
0[

#71235000
1!
b11001101011 ;
1[
b11001101011 w

#71236000
b101001110011011 y

#71240000
0!
0[

#71245000
1!
b11001101100 ;
1[
b11001101100 w

#71246000
b101001110011110 y

#71250000
0!
0[

#71255000
1!
b11001101101 ;
1[
b11001101101 w

#71256000
b101001110100001 y

#71260000
0!
0[

#71265000
1!
b11001101110 ;
1[
b11001101110 w

#71266000
b101001110100100 y

#71270000
0!
0[

#71275000
1!
b11001101111 ;
1[
b11001101111 w

#71276000
b101001110100111 y

#71280000
0!
0[

#71285000
1!
b11001110000 ;
1[
b11001110000 w

#71286000
b101001110101010 y

#71290000
0!
0[

#71295000
1!
b11001110001 ;
1[
b11001110001 w

#71296000
b101001110101101 y

#71300000
0!
0[

#71305000
1!
b11001110010 ;
1[
b11001110010 w

#71306000
b101001110110000 y

#71310000
0!
0[

#71315000
1!
b11001110011 ;
1[
b11001110011 w

#71316000
b101001110110011 y

#71320000
0!
0[

#71325000
1!
b11001110100 ;
1[
b11001110100 w

#71326000
b101001110110110 y

#71330000
0!
0[

#71335000
1!
b11001110101 ;
1[
b11001110101 w

#71336000
b101001110111001 y

#71340000
0!
0[

#71345000
1!
b11001110110 ;
1[
b11001110110 w

#71346000
b101001110111100 y

#71350000
0!
0[

#71355000
1!
b11001110111 ;
1[
b11001110111 w

#71356000
b101001110111111 y

#71360000
0!
0[

#71365000
1!
b11001111000 ;
1[
b11001111000 w

#71366000
b101001111000010 y

#71370000
0!
0[

#71375000
1!
b11001111001 ;
1[
b11001111001 w

#71376000
b101001111000101 y

#71380000
0!
0[

#71385000
1!
b11001111010 ;
1[
b11001111010 w

#71386000
b101001111001000 y

#71390000
0!
0[

#71395000
1!
b11001111011 ;
1[
b11001111011 w

#71396000
b101001111001011 y

#71400000
0!
0[

#71405000
1!
b11001111100 ;
1[
b11001111100 w

#71406000
b101001111001110 y

#71410000
0!
0[

#71415000
1!
b11001111101 ;
1[
b11001111101 w

#71416000
b101001111010001 y

#71420000
0!
0[

#71425000
1!
b11001111110 ;
1[
b11001111110 w

#71426000
b101001111010100 y

#71430000
0!
0[

#71435000
1!
b11001111111 ;
1[
b11001111111 w

#71436000
b101001111010111 y

#71440000
0!
0[

#71445000
1!
b11010000000 ;
1[
b11010000000 w

#71446000
b101001111011010 y

#71450000
0!
0[

#71455000
1!
b11010000001 ;
1[
b11010000001 w

#71456000
b101001111011101 y

#71460000
0!
0[

#71465000
1!
b11010000010 ;
1[
b11010000010 w

#71466000
b101001111100000 y

#71470000
0!
0[

#71475000
1!
b11010000011 ;
1[
b11010000011 w

#71476000
b101001111100011 y

#71480000
0!
0[

#71485000
1!
b11010000100 ;
1[
b11010000100 w

#71486000
b101001111100110 y

#71490000
0!
0[

#71495000
1!
b11010000101 ;
1[
b11010000101 w

#71496000
b101001111101001 y

#71500000
0!
0[

#71505000
1!
b11010000110 ;
1[
b11010000110 w

#71506000
b101001111101100 y

#71510000
0!
0[

#71515000
1!
b11010000111 ;
1[
b11010000111 w

#71516000
b101001111101111 y

#71520000
0!
0[

#71525000
1!
b11010001000 ;
1[
b11010001000 w

#71526000
b101001111110010 y

#71530000
0!
0[

#71535000
1!
b11010001001 ;
1[
b11010001001 w

#71536000
b101001111110101 y

#71540000
0!
0[

#71545000
1!
b11010001010 ;
1[
b11010001010 w

#71546000
b101001111111000 y

#71550000
0!
0[

#71555000
1!
b11010001011 ;
1[
b11010001011 w

#71556000
b101001111111011 y

#71560000
0!
0[

#71565000
1!
b11010001100 ;
1[
b11010001100 w

#71566000
b101001111111110 y

#71570000
0!
0[

#71575000
1!
b11010001101 ;
1[
b11010001101 w

#71576000
b101010000000001 y

#71580000
0!
0[

#71585000
1!
b11010001110 ;
1[
b11010001110 w

#71586000
b101010000000100 y

#71590000
0!
0[

#71595000
1!
b11010001111 ;
1[
b11010001111 w

#71596000
b101010000000111 y

#71600000
0!
0[

#71605000
1!
b11010010000 ;
1[
b11010010000 w

#71606000
b101010000001010 y

#71610000
0!
0[

#71615000
1!
b11010010001 ;
1[
b11010010001 w

#71616000
b101010000001101 y

#71620000
0!
0[

#71625000
1!
b11010010010 ;
1[
b11010010010 w

#71626000
b101010000010000 y

#71630000
0!
0[

#71635000
1!
b11010010011 ;
1[
b11010010011 w

#71636000
b101010000010011 y

#71640000
0!
0[

#71645000
1!
b11010010100 ;
1[
b11010010100 w

#71646000
b101010000010110 y

#71650000
0!
0[

#71655000
1!
b11010010101 ;
1[
b11010010101 w

#71656000
b101010000011001 y

#71660000
0!
0[

#71665000
1!
b11010010110 ;
1[
b11010010110 w

#71666000
b101010000011100 y

#71670000
0!
0[

#71675000
1!
b11010010111 ;
1[
b11010010111 w

#71676000
b101010000011111 y

#71680000
0!
0[

#71685000
1!
b11010011000 ;
1[
b11010011000 w

#71686000
b101010000100010 y

#71690000
0!
0[

#71695000
1!
b11010011001 ;
1[
b11010011001 w

#71696000
b101010000100101 y

#71700000
0!
0[

#71705000
1!
b11010011010 ;
1[
b11010011010 w

#71706000
b101010000101000 y

#71710000
0!
0[

#71715000
1!
b11010011011 ;
1[
b11010011011 w

#71716000
b101010000101011 y

#71720000
0!
0[

#71725000
1!
b11010011100 ;
1[
b11010011100 w

#71726000
b101010000101110 y

#71730000
0!
0[

#71735000
1!
b11010011101 ;
1[
b11010011101 w

#71736000
b101010000110001 y

#71740000
0!
0[

#71745000
1!
b11010011110 ;
1[
b11010011110 w

#71746000
b101010000110100 y

#71750000
0!
0[

#71755000
1!
b11010011111 ;
1[
b11010011111 w

#71756000
b101010000110111 y

#71760000
0!
0[

#71765000
1!
b11010100000 ;
1[
b11010100000 w

#71766000
b101010000111010 y

#71770000
0!
0[

#71775000
1!
b11010100001 ;
1[
b11010100001 w

#71776000
b101010000111101 y

#71780000
0!
0[

#71785000
1!
b11010100010 ;
1[
b11010100010 w

#71786000
b101010001000000 y

#71790000
0!
0[

#71795000
1!
b11010100011 ;
1[
b11010100011 w

#71796000
b101010001000011 y

#71800000
0!
0[

#71805000
1!
b11010100100 ;
1[
b11010100100 w

#71806000
b101010001000110 y

#71810000
0!
0[

#71815000
1!
b11010100101 ;
1[
b11010100101 w

#71816000
b101010001001001 y

#71820000
0!
0[

#71825000
1!
b11010100110 ;
1[
b11010100110 w

#71826000
b101010001001100 y

#71830000
0!
0[

#71835000
1!
b11010100111 ;
1[
b11010100111 w

#71836000
b101010001001111 y

#71840000
0!
0[

#71845000
1!
b11010101000 ;
1[
b11010101000 w

#71846000
b101010001010010 y

#71850000
0!
0[

#71855000
1!
b11010101001 ;
1[
b11010101001 w

#71856000
b101010001010101 y

#71860000
0!
0[

#71865000
1!
b11010101010 ;
1[
b11010101010 w

#71866000
b101010001011000 y

#71870000
0!
0[

#71875000
1!
b11010101011 ;
1[
b11010101011 w

#71876000
b101010001011011 y

#71880000
0!
0[

#71885000
1!
b11010101100 ;
1[
b11010101100 w

#71886000
b101010001011110 y

#71890000
0!
0[

#71895000
1!
b11010101101 ;
1[
b11010101101 w

#71896000
b101010001100001 y

#71900000
0!
0[

#71905000
1!
b11010101110 ;
1[
b11010101110 w

#71906000
b101010001100100 y

#71910000
0!
0[

#71915000
1!
b11010101111 ;
1[
b11010101111 w

#71916000
b101010001100111 y

#71920000
0!
0[

#71925000
1!
b11010110000 ;
1[
b11010110000 w

#71926000
b101010001101010 y

#71930000
0!
0[

#71935000
1!
b11010110001 ;
1[
b11010110001 w

#71936000
b101010001101101 y

#71940000
0!
0[

#71945000
1!
b11010110010 ;
1[
b11010110010 w

#71946000
b101010001110000 y

#71950000
0!
0[

#71955000
1!
b11010110011 ;
1[
b11010110011 w

#71956000
b101010001110011 y

#71960000
0!
0[

#71965000
1!
b11010110100 ;
1[
b11010110100 w

#71966000
b101010001110110 y

#71970000
0!
0[

#71975000
1!
b11010110101 ;
1[
b11010110101 w

#71976000
b101010001111001 y

#71980000
0!
0[

#71985000
1!
b11010110110 ;
1[
b11010110110 w

#71986000
b101010001111100 y

#71990000
0!
0[

#71995000
1!
b11010110111 ;
1[
b11010110111 w

#71996000
b101010001111111 y

#72000000
0!
0[

#72005000
1!
b11010111000 ;
1[
b11010111000 w

#72006000
b101010010000010 y

#72010000
0!
0[

#72015000
1!
b11010111001 ;
1[
b11010111001 w

#72016000
b101010010000101 y

#72020000
0!
0[

#72025000
1!
b11010111010 ;
1[
b11010111010 w

#72026000
b101010010001000 y

#72030000
0!
0[

#72035000
1!
b11010111011 ;
1[
b11010111011 w

#72036000
b101010010001011 y

#72040000
0!
0[

#72045000
1!
b11010111100 ;
1[
b11010111100 w

#72046000
b101010010001110 y

#72050000
0!
0[

#72055000
1!
b11010111101 ;
1[
b11010111101 w

#72056000
b101010010010001 y

#72060000
0!
0[

#72065000
1!
b11010111110 ;
1[
b11010111110 w

#72066000
b101010010010100 y

#72070000
0!
0[

#72075000
1!
b11010111111 ;
1[
b11010111111 w

#72076000
b101010010010111 y

#72080000
0!
0[

#72085000
1!
b11011000000 ;
1[
b11011000000 w

#72086000
b101010010011010 y

#72090000
0!
0[

#72095000
1!
b11011000001 ;
1[
b11011000001 w

#72096000
b101010010011101 y

#72100000
0!
0[

#72105000
1!
b11011000010 ;
1[
b11011000010 w

#72106000
b101010010100000 y

#72110000
0!
0[

#72115000
1!
b11011000011 ;
1[
b11011000011 w

#72116000
b101010010100011 y

#72120000
0!
0[

#72125000
1!
b11011000100 ;
1[
b11011000100 w

#72126000
b101010010100110 y

#72130000
0!
0[

#72135000
1!
b11011000101 ;
1[
b11011000101 w

#72136000
b101010010101001 y

#72140000
0!
0[

#72145000
1!
b11011000110 ;
1[
b11011000110 w

#72146000
b101010010101100 y

#72150000
0!
0[

#72155000
1!
b11011000111 ;
1[
b11011000111 w

#72156000
b101010010101111 y

#72160000
0!
0[

#72165000
1!
b11011001000 ;
1[
b11011001000 w

#72166000
b101010010110010 y

#72170000
0!
0[

#72175000
1!
b11011001001 ;
1[
b11011001001 w

#72176000
b101010010110101 y

#72180000
0!
0[

#72185000
1!
b11011001010 ;
1[
b11011001010 w

#72186000
b101010010111000 y

#72190000
0!
0[

#72195000
1!
b11011001011 ;
1[
b11011001011 w

#72196000
b101010010111011 y

#72200000
0!
0[

#72205000
1!
b11011001100 ;
1[
b11011001100 w

#72206000
b101010010111110 y

#72210000
0!
0[

#72215000
1!
b11011001101 ;
1[
b11011001101 w

#72216000
b101010011000001 y

#72220000
0!
0[

#72225000
1!
b11011001110 ;
1[
b11011001110 w

#72226000
b101010011000100 y

#72230000
0!
0[

#72235000
1!
b11011001111 ;
1[
b11011001111 w

#72236000
b101010011000111 y

#72240000
0!
0[

#72245000
1!
b11011010000 ;
1[
b11011010000 w

#72246000
b101010011001010 y

#72250000
0!
0[

#72255000
1!
b11011010001 ;
1[
b11011010001 w

#72256000
b101010011001101 y

#72260000
0!
0[

#72265000
1!
b11011010010 ;
1[
b11011010010 w

#72266000
b101010011010000 y

#72270000
0!
0[

#72275000
1!
b11011010011 ;
1[
b11011010011 w

#72276000
b101010011010011 y

#72280000
0!
0[

#72285000
1!
b11011010100 ;
1[
b11011010100 w

#72286000
b101010011010110 y

#72290000
0!
0[

#72295000
1!
b11011010101 ;
1[
b11011010101 w

#72296000
b101010011011001 y

#72300000
0!
0[

#72305000
1!
b11011010110 ;
1[
b11011010110 w

#72306000
b101010011011100 y

#72310000
0!
0[

#72315000
1!
b11011010111 ;
1[
b11011010111 w

#72316000
b101010011011111 y

#72320000
0!
0[

#72325000
1!
b11011011000 ;
1[
b11011011000 w

#72326000
b101010011100010 y

#72330000
0!
0[

#72335000
1!
b11011011001 ;
1[
b11011011001 w

#72336000
b101010011100101 y

#72340000
0!
0[

#72345000
1!
b11011011010 ;
1[
b11011011010 w

#72346000
b101010011101000 y

#72350000
0!
0[

#72355000
1!
b11011011011 ;
1[
b11011011011 w

#72356000
b101010011101011 y

#72360000
0!
0[

#72365000
1!
b11011011100 ;
1[
b11011011100 w

#72366000
b101010011101110 y

#72370000
0!
0[

#72375000
1!
b11011011101 ;
1[
b11011011101 w

#72376000
b101010011110001 y

#72380000
0!
0[

#72385000
1!
b11011011110 ;
1[
b11011011110 w

#72386000
b101010011110100 y

#72390000
0!
0[

#72395000
1!
b11011011111 ;
1[
b11011011111 w

#72396000
b101010011110111 y

#72400000
0!
0[

#72405000
1!
b11011100000 ;
1[
b11011100000 w

#72406000
b101010011111010 y

#72410000
0!
0[

#72415000
1!
b11011100001 ;
1[
b11011100001 w

#72416000
b101010011111101 y

#72420000
0!
0[

#72425000
1!
b11011100010 ;
1[
b11011100010 w

#72426000
b101010100000000 y

#72430000
0!
0[

#72435000
1!
b11011100011 ;
1[
b11011100011 w

#72436000
b101010100000011 y

#72440000
0!
0[

#72445000
1!
b11011100100 ;
1[
b11011100100 w

#72446000
b101010100000110 y

#72450000
0!
0[

#72455000
1!
b11011100101 ;
1[
b11011100101 w

#72456000
b101010100001001 y

#72460000
0!
0[

#72465000
1!
b11011100110 ;
1[
b11011100110 w

#72466000
b101010100001100 y

#72470000
0!
0[

#72475000
1!
b11011100111 ;
1[
b11011100111 w

#72476000
b101010100001111 y

#72480000
0!
0[

#72485000
1!
b11011101000 ;
1[
b11011101000 w

#72486000
b101010100010010 y

#72490000
0!
0[

#72495000
1!
b11011101001 ;
1[
b11011101001 w

#72496000
b101010100010101 y

#72500000
0!
0[

#72505000
1!
b11011101010 ;
1[
b11011101010 w

#72506000
b101010100011000 y

#72510000
0!
0[

#72515000
1!
b11011101011 ;
1[
b11011101011 w

#72516000
b101010100011011 y

#72520000
0!
0[

#72525000
1!
b11011101100 ;
1[
b11011101100 w

#72526000
b101010100011110 y

#72530000
0!
0[

#72535000
1!
b11011101101 ;
1[
b11011101101 w

#72536000
b101010100100001 y

#72540000
0!
0[

#72545000
1!
b11011101110 ;
1[
b11011101110 w

#72546000
b101010100100100 y

#72550000
0!
0[

#72555000
1!
b11011101111 ;
1[
b11011101111 w

#72556000
b101010100100111 y

#72560000
0!
0[

#72565000
1!
b11011110000 ;
1[
b11011110000 w

#72566000
b101010100101010 y

#72570000
0!
0[

#72575000
1!
b11011110001 ;
1[
b11011110001 w

#72576000
b101010100101101 y

#72580000
0!
0[

#72585000
1!
b11011110010 ;
1[
b11011110010 w

#72586000
b101010100110000 y

#72590000
0!
0[

#72595000
1!
b11011110011 ;
1[
b11011110011 w

#72596000
b101010100110011 y

#72600000
0!
0[

#72605000
1!
b11011110100 ;
1[
b11011110100 w

#72606000
b101010100110110 y

#72610000
0!
0[

#72615000
1!
b11011110101 ;
1[
b11011110101 w

#72616000
b101010100111001 y

#72620000
0!
0[

#72625000
1!
b11011110110 ;
1[
b11011110110 w

#72626000
b101010100111100 y

#72630000
0!
0[

#72635000
1!
b11011110111 ;
1[
b11011110111 w

#72636000
b101010100111111 y

#72640000
0!
0[

#72645000
1!
b11011111000 ;
1[
b11011111000 w

#72646000
b101010101000010 y

#72650000
0!
0[

#72655000
1!
b11011111001 ;
1[
b11011111001 w

#72656000
b101010101000101 y

#72660000
0!
0[

#72665000
1!
b11011111010 ;
1[
b11011111010 w

#72666000
b101010101001000 y

#72670000
0!
0[

#72675000
1!
b11011111011 ;
1[
b11011111011 w

#72676000
b101010101001011 y

#72680000
0!
0[

#72685000
1!
b11011111100 ;
1[
b11011111100 w

#72686000
b101010101001110 y

#72690000
0!
0[

#72695000
1!
b11011111101 ;
1[
b11011111101 w

#72696000
b101010101010001 y

#72700000
0!
0[

#72705000
1!
b11011111110 ;
1[
b11011111110 w

#72706000
b101010101010100 y

#72710000
0!
0[

#72715000
1!
b11011111111 ;
1[
b11011111111 w

#72716000
b101010101010111 y

#72720000
0!
0[

#72725000
1!
b11100000000 ;
1[
b11100000000 w

#72726000
b101010101011010 y

#72730000
0!
0[

#72735000
1!
b11100000001 ;
1[
b11100000001 w

#72736000
b101010101011101 y

#72740000
0!
0[

#72745000
1!
b11100000010 ;
1[
b11100000010 w

#72746000
b101010101100000 y

#72750000
0!
0[

#72755000
1!
b11100000011 ;
1[
b11100000011 w

#72756000
b101010101100011 y

#72760000
0!
0[

#72765000
1!
b11100000100 ;
1[
b11100000100 w

#72766000
b101010101100110 y

#72770000
0!
0[

#72775000
1!
b11100000101 ;
1[
b11100000101 w

#72776000
b101010101101001 y

#72780000
0!
0[

#72785000
1!
b11100000110 ;
1[
b11100000110 w

#72786000
b101010101101100 y

#72790000
0!
0[

#72795000
1!
b11100000111 ;
1[
b11100000111 w

#72796000
b101010101101111 y

#72800000
0!
0[

#72805000
1!
b11100001000 ;
1[
b11100001000 w

#72806000
b101010101110010 y

#72810000
0!
0[

#72815000
1!
b11100001001 ;
1[
b11100001001 w

#72816000
b101010101110101 y

#72820000
0!
0[

#72825000
1!
b11100001010 ;
1[
b11100001010 w

#72826000
b101010101111000 y

#72830000
0!
0[

#72835000
1!
b11100001011 ;
1[
b11100001011 w

#72836000
b101010101111011 y

#72840000
0!
0[

#72845000
1!
b11100001100 ;
1[
b11100001100 w

#72846000
b101010101111110 y

#72850000
0!
0[

#72855000
1!
b11100001101 ;
1[
b11100001101 w

#72856000
b101010110000001 y

#72860000
0!
0[

#72865000
1!
b11100001110 ;
1[
b11100001110 w

#72866000
b101010110000100 y

#72870000
0!
0[

#72875000
1!
b11100001111 ;
1[
b11100001111 w

#72876000
b101010110000111 y

#72880000
0!
0[

#72885000
1!
b11100010000 ;
1[
b11100010000 w

#72886000
b101010110001010 y

#72890000
0!
0[

#72895000
1!
b11100010001 ;
1[
b11100010001 w

#72896000
b101010110001101 y

#72900000
0!
0[

#72905000
1!
b11100010010 ;
1[
b11100010010 w

#72906000
b101010110010000 y

#72910000
0!
0[

#72915000
1!
b11100010011 ;
1[
b11100010011 w

#72916000
b101010110010011 y

#72920000
0!
0[

#72925000
1!
b11100010100 ;
1[
b11100010100 w

#72926000
b101010110010110 y

#72930000
0!
0[

#72935000
1!
b11100010101 ;
1[
b11100010101 w

#72936000
b101010110011001 y

#72940000
0!
0[

#72945000
1!
b11100010110 ;
1[
b11100010110 w

#72946000
b101010110011100 y

#72950000
0!
0[

#72955000
1!
b11100010111 ;
1[
b11100010111 w

#72956000
b101010110011111 y

#72960000
0!
0[

#72965000
1!
b11100011000 ;
1[
b11100011000 w

#72966000
b101010110100010 y

#72970000
0!
0[

#72975000
1!
b11100011001 ;
1[
b11100011001 w

#72976000
b101010110100101 y

#72980000
0!
0[

#72985000
1!
b11100011010 ;
1[
b11100011010 w

#72986000
b101010110101000 y

#72990000
0!
0[

#72995000
1!
b11100011011 ;
1[
b11100011011 w

#72996000
b101010110101011 y

#73000000
0!
0[

#73005000
1!
b11100011100 ;
1[
b11100011100 w

#73006000
b101010110101110 y

#73010000
0!
0[

#73015000
1!
b11100011101 ;
1[
b11100011101 w

#73016000
b101010110110001 y

#73020000
0!
0[

#73025000
1!
b11100011110 ;
1[
b11100011110 w

#73026000
b101010110110100 y

#73030000
0!
0[

#73035000
1!
b11100011111 ;
1[
b11100011111 w

#73036000
b101010110110111 y

#73040000
0!
0[

#73045000
1!
b11100100000 ;
1[
b11100100000 w

#73046000
b101010110111010 y

#73050000
0!
0[

#73055000
1!
b11100100001 ;
1[
b11100100001 w

#73056000
b101010110111101 y

#73060000
0!
0[

#73065000
1!
b11100100010 ;
1[
b11100100010 w

#73066000
b101010111000000 y

#73070000
0!
0[

#73075000
1!
b11100100011 ;
1[
b11100100011 w

#73076000
b101010111000011 y

#73080000
0!
0[

#73085000
1!
b11100100100 ;
1[
b11100100100 w

#73086000
b101010111000110 y

#73090000
0!
0[

#73095000
1!
b11100100101 ;
1[
b11100100101 w

#73096000
b101010111001001 y

#73100000
0!
0[

#73105000
1!
b11100100110 ;
1[
b11100100110 w

#73106000
b101010111001100 y

#73110000
0!
0[

#73115000
1!
b11100100111 ;
1[
b11100100111 w

#73116000
b101010111001111 y

#73120000
0!
0[

#73125000
1!
b11100101000 ;
1[
b11100101000 w

#73126000
b101010111010010 y

#73130000
0!
0[

#73135000
1!
b11100101001 ;
1[
b11100101001 w

#73136000
b101010111010101 y

#73140000
0!
0[

#73145000
1!
b11100101010 ;
1[
b11100101010 w

#73146000
b101010111011000 y

#73150000
0!
0[

#73155000
1!
b11100101011 ;
1[
b11100101011 w

#73156000
b101010111011011 y

#73160000
0!
0[

#73165000
1!
b11100101100 ;
1[
b11100101100 w

#73166000
b101010111011110 y

#73170000
0!
0[

#73175000
1!
b11100101101 ;
1[
b11100101101 w

#73176000
b101010111100001 y

#73180000
0!
0[

#73185000
1!
b11100101110 ;
1[
b11100101110 w

#73186000
b101010111100100 y

#73190000
0!
0[

#73195000
1!
b11100101111 ;
1[
b11100101111 w

#73196000
b101010111100111 y

#73200000
0!
0[

#73205000
1!
b11100110000 ;
1[
b11100110000 w

#73206000
b101010111101010 y

#73210000
0!
0[

#73215000
1!
b11100110001 ;
1[
b11100110001 w

#73216000
b101010111101101 y

#73220000
0!
0[

#73225000
1!
b11100110010 ;
1[
b11100110010 w

#73226000
b101010111110000 y

#73230000
0!
0[

#73235000
1!
b11100110011 ;
1[
b11100110011 w

#73236000
b101010111110011 y

#73240000
0!
0[

#73245000
1!
b11100110100 ;
1[
b11100110100 w

#73246000
b101010111110110 y

#73250000
0!
0[

#73255000
1!
b11100110101 ;
1[
b11100110101 w

#73256000
b101010111111001 y

#73260000
0!
0[

#73265000
1!
b11100110110 ;
1[
b11100110110 w

#73266000
b101010111111100 y

#73270000
0!
0[

#73275000
1!
b11100110111 ;
1[
b11100110111 w

#73276000
b101010111111111 y

#73280000
0!
0[

#73285000
1!
b11100111000 ;
1[
b11100111000 w

#73286000
b101011000000010 y

#73290000
0!
0[

#73295000
1!
b11100111001 ;
1[
b11100111001 w

#73296000
b101011000000101 y

#73300000
0!
0[

#73305000
1!
b11100111010 ;
1[
b11100111010 w

#73306000
b101011000001000 y

#73310000
0!
0[

#73315000
1!
b11100111011 ;
1[
b11100111011 w

#73316000
b101011000001011 y

#73320000
0!
0[

#73325000
1!
b11100111100 ;
1[
b11100111100 w

#73326000
b101011000001110 y

#73330000
0!
0[

#73335000
1!
b11100111101 ;
1[
b11100111101 w

#73336000
b101011000010001 y

#73340000
0!
0[

#73345000
1!
b11100111110 ;
1[
b11100111110 w

#73346000
b101011000010100 y

#73350000
0!
0[

#73355000
1!
b11100111111 ;
1[
b11100111111 w

#73356000
b101011000010111 y

#73360000
0!
0[

#73365000
1!
b11101000000 ;
1[
b11101000000 w

#73366000
b101011000011010 y

#73370000
0!
0[

#73375000
1!
b11101000001 ;
1[
b11101000001 w

#73376000
b101011000011101 y

#73380000
0!
0[

#73385000
1!
b11101000010 ;
1[
b11101000010 w

#73386000
b101011000100000 y

#73390000
0!
0[

#73395000
1!
b11101000011 ;
1[
b11101000011 w

#73396000
b101011000100011 y

#73400000
0!
0[

#73405000
1!
b11101000100 ;
1[
b11101000100 w

#73406000
b101011000100110 y

#73410000
0!
0[

#73415000
1!
b11101000101 ;
1[
b11101000101 w

#73416000
b101011000101001 y

#73420000
0!
0[

#73425000
1!
b11101000110 ;
1[
b11101000110 w

#73426000
b101011000101100 y

#73430000
0!
0[

#73435000
1!
b11101000111 ;
1[
b11101000111 w

#73436000
b101011000101111 y

#73440000
0!
0[

#73445000
1!
b11101001000 ;
1[
b11101001000 w

#73446000
b101011000110010 y

#73450000
0!
0[

#73455000
1!
b11101001001 ;
1[
b11101001001 w

#73456000
b101011000110101 y

#73460000
0!
0[

#73465000
1!
b11101001010 ;
1[
b11101001010 w

#73466000
b101011000111000 y

#73470000
0!
0[

#73475000
1!
b11101001011 ;
1[
b11101001011 w

#73476000
b101011000111011 y

#73480000
0!
0[

#73485000
1!
b11101001100 ;
1[
b11101001100 w

#73486000
b101011000111110 y

#73490000
0!
0[

#73495000
1!
b11101001101 ;
1[
b11101001101 w

#73496000
b101011001000001 y

#73500000
0!
0[

#73505000
1!
b11101001110 ;
1[
b11101001110 w

#73506000
b101011001000100 y

#73510000
0!
0[

#73515000
1!
b11101001111 ;
1[
b11101001111 w

#73516000
b101011001000111 y

#73520000
0!
0[

#73525000
1!
b11101010000 ;
1[
b11101010000 w

#73526000
b101011001001010 y

#73530000
0!
0[

#73535000
1!
b11101010001 ;
1[
b11101010001 w

#73536000
b101011001001101 y

#73540000
0!
0[

#73545000
1!
b11101010010 ;
1[
b11101010010 w

#73546000
b101011001010000 y

#73550000
0!
0[

#73555000
1!
b11101010011 ;
1[
b11101010011 w

#73556000
b101011001010011 y

#73560000
0!
0[

#73565000
1!
b11101010100 ;
1[
b11101010100 w

#73566000
b101011001010110 y

#73570000
0!
0[

#73575000
1!
b11101010101 ;
1[
b11101010101 w

#73576000
b101011001011001 y

#73580000
0!
0[

#73585000
1!
b11101010110 ;
1[
b11101010110 w

#73586000
b101011001011100 y

#73590000
0!
0[

#73595000
1!
b11101010111 ;
1[
b11101010111 w

#73596000
b101011001011111 y

#73600000
0!
0[

#73605000
1!
b11101011000 ;
1[
b11101011000 w

#73606000
b101011001100010 y

#73610000
0!
0[

#73615000
1!
b11101011001 ;
1[
b11101011001 w

#73616000
b101011001100101 y

#73620000
0!
0[

#73625000
1!
b11101011010 ;
1[
b11101011010 w

#73626000
b101011001101000 y

#73630000
0!
0[

#73635000
1!
b11101011011 ;
1[
b11101011011 w

#73636000
b101011001101011 y

#73640000
0!
0[

#73645000
1!
b11101011100 ;
1[
b11101011100 w

#73646000
b101011001101110 y

#73650000
0!
0[

#73655000
1!
b11101011101 ;
1[
b11101011101 w

#73656000
b101011001110001 y

#73660000
0!
0[

#73665000
1!
b11101011110 ;
1[
b11101011110 w

#73666000
b101011001110100 y

#73670000
0!
0[

#73675000
1!
b11101011111 ;
1[
b11101011111 w

#73676000
b101011001110111 y

#73680000
0!
0[

#73685000
1!
b11101100000 ;
1[
b11101100000 w

#73686000
b101011001111010 y

#73690000
0!
0[

#73695000
1!
b11101100001 ;
1[
b11101100001 w

#73696000
b101011001111101 y

#73700000
0!
0[

#73705000
1!
b11101100010 ;
1[
b11101100010 w

#73706000
b101011010000000 y

#73710000
0!
0[

#73715000
1!
b11101100011 ;
1[
b11101100011 w

#73716000
b101011010000011 y

#73720000
0!
0[

#73725000
1!
b11101100100 ;
1[
b11101100100 w

#73726000
b101011010000110 y

#73730000
0!
0[

#73735000
1!
b11101100101 ;
1[
b11101100101 w

#73736000
b101011010001001 y

#73740000
0!
0[

#73745000
1!
b11101100110 ;
1[
b11101100110 w

#73746000
b101011010001100 y

#73750000
0!
0[

#73755000
1!
b11101100111 ;
1[
b11101100111 w

#73756000
b101011010001111 y

#73760000
0!
0[

#73765000
1!
b11101101000 ;
1[
b11101101000 w

#73766000
b101011010010010 y

#73770000
0!
0[

#73775000
1!
b11101101001 ;
1[
b11101101001 w

#73776000
b101011010010101 y

#73780000
0!
0[

#73785000
1!
b11101101010 ;
1[
b11101101010 w

#73786000
b101011010011000 y

#73790000
0!
0[

#73795000
1!
b11101101011 ;
1[
b11101101011 w

#73796000
b101011010011011 y

#73800000
0!
0[

#73805000
1!
b11101101100 ;
1[
b11101101100 w

#73806000
b101011010011110 y

#73810000
0!
0[

#73815000
1!
b11101101101 ;
1[
b11101101101 w

#73816000
b101011010100001 y

#73820000
0!
0[

#73825000
1!
b11101101110 ;
1[
b11101101110 w

#73826000
b101011010100100 y

#73830000
0!
0[

#73835000
1!
b11101101111 ;
1[
b11101101111 w

#73836000
b101011010100111 y

#73840000
0!
0[

#73845000
1!
b11101110000 ;
1[
b11101110000 w

#73846000
b101011010101010 y

#73850000
0!
0[

#73855000
1!
b11101110001 ;
1[
b11101110001 w

#73856000
b101011010101101 y

#73860000
0!
0[

#73865000
1!
b11101110010 ;
1[
b11101110010 w

#73866000
b101011010110000 y

#73870000
0!
0[

#73875000
1!
b11101110011 ;
1[
b11101110011 w

#73876000
b101011010110011 y

#73880000
0!
0[

#73885000
1!
b11101110100 ;
1[
b11101110100 w

#73886000
b101011010110110 y

#73890000
0!
0[

#73895000
1!
b11101110101 ;
1[
b11101110101 w

#73896000
b101011010111001 y

#73900000
0!
0[

#73905000
1!
b11101110110 ;
1[
b11101110110 w

#73906000
b101011010111100 y

#73910000
0!
0[

#73915000
1!
b11101110111 ;
1[
b11101110111 w

#73916000
b101011010111111 y

#73920000
0!
0[

#73925000
1!
b11101111000 ;
1[
b11101111000 w

#73926000
b101011011000010 y

#73930000
0!
0[

#73935000
1!
b11101111001 ;
1[
b11101111001 w

#73936000
b101011011000101 y

#73940000
0!
0[

#73945000
1!
b11101111010 ;
1[
b11101111010 w

#73946000
b101011011001000 y

#73950000
0!
0[

#73955000
1!
b11101111011 ;
1[
b11101111011 w

#73956000
b101011011001011 y

#73960000
0!
0[

#73965000
1!
b11101111100 ;
1[
b11101111100 w

#73966000
b101011011001110 y

#73970000
0!
0[

#73975000
1!
b11101111101 ;
1[
b11101111101 w

#73976000
b101011011010001 y

#73980000
0!
0[

#73985000
1!
b11101111110 ;
1[
b11101111110 w

#73986000
b101011011010100 y

#73990000
0!
0[

#73995000
1!
b11101111111 ;
1[
b11101111111 w

#73996000
b101011011010111 y

#74000000
0!
0[

#74005000
1!
b11110000000 ;
1[
b11110000000 w

#74006000
b101011011011010 y

#74010000
0!
0[

#74015000
1!
b11110000001 ;
1[
b11110000001 w

#74016000
b101011011011101 y

#74020000
0!
0[

#74025000
1!
b11110000010 ;
1[
b11110000010 w

#74026000
b101011011100000 y

#74030000
0!
0[

#74035000
1!
b11110000011 ;
1[
b11110000011 w

#74036000
b101011011100011 y

#74040000
0!
0[

#74045000
1!
b11110000100 ;
1[
b11110000100 w

#74046000
b101011011100110 y

#74050000
0!
0[

#74055000
1!
b11110000101 ;
1[
b11110000101 w

#74056000
b101011011101001 y

#74060000
0!
0[

#74065000
1!
b11110000110 ;
1[
b11110000110 w

#74066000
b101011011101100 y

#74070000
0!
0[

#74075000
1!
b11110000111 ;
1[
b11110000111 w

#74076000
b101011011101111 y

#74080000
0!
0[

#74085000
1!
b11110001000 ;
1[
b11110001000 w

#74086000
b101011011110010 y

#74090000
0!
0[

#74095000
1!
b11110001001 ;
1[
b11110001001 w

#74096000
b101011011110101 y

#74100000
0!
0[

#74105000
1!
b11110001010 ;
1[
b11110001010 w

#74106000
b101011011111000 y

#74110000
0!
0[

#74115000
1!
b11110001011 ;
1[
b11110001011 w

#74116000
b101011011111011 y

#74120000
0!
0[

#74125000
1!
b11110001100 ;
1[
b11110001100 w

#74126000
b101011011111110 y

#74130000
0!
0[

#74135000
1!
b11110001101 ;
1[
b11110001101 w

#74136000
b101011100000001 y

#74140000
0!
0[

#74145000
1!
b11110001110 ;
1[
b11110001110 w

#74146000
b101011100000100 y

#74150000
0!
0[

#74155000
1!
b11110001111 ;
1[
b11110001111 w

#74156000
b101011100000111 y

#74160000
0!
0[

#74165000
1!
b11110010000 ;
1[
b11110010000 w

#74166000
b101011100001010 y

#74170000
0!
0[

#74175000
1!
b11110010001 ;
1[
b11110010001 w

#74176000
b101011100001101 y

#74180000
0!
0[

#74185000
1!
b11110010010 ;
1[
b11110010010 w

#74186000
b101011100010000 y

#74190000
0!
0[

#74195000
1!
b11110010011 ;
1[
b11110010011 w

#74196000
b101011100010011 y

#74200000
0!
0[

#74205000
1!
b11110010100 ;
1[
b11110010100 w

#74206000
b101011100010110 y

#74210000
0!
0[

#74215000
1!
b11110010101 ;
1[
b11110010101 w

#74216000
b101011100011001 y

#74220000
0!
0[

#74225000
1!
b11110010110 ;
1[
b11110010110 w

#74226000
b101011100011100 y

#74230000
0!
0[

#74235000
1!
b11110010111 ;
1[
b11110010111 w

#74236000
b101011100011111 y

#74240000
0!
0[

#74245000
1!
b11110011000 ;
1[
b11110011000 w

#74246000
b101011100100010 y

#74250000
0!
0[

#74255000
1!
b11110011001 ;
1[
b11110011001 w

#74256000
b101011100100101 y

#74260000
0!
0[

#74265000
1!
b11110011010 ;
1[
b11110011010 w

#74266000
b101011100101000 y

#74270000
0!
0[

#74275000
1!
b11110011011 ;
1[
b11110011011 w

#74276000
b101011100101011 y

#74280000
0!
0[

#74285000
1!
b11110011100 ;
1[
b11110011100 w

#74286000
b101011100101110 y

#74290000
0!
0[

#74295000
1!
b11110011101 ;
1[
b11110011101 w

#74296000
b101011100110001 y

#74300000
0!
0[

#74305000
1!
b11110011110 ;
1[
b11110011110 w

#74306000
b101011100110100 y

#74310000
0!
0[

#74315000
1!
b11110011111 ;
1[
b11110011111 w

#74316000
b101011100110111 y

#74320000
0!
0[

#74325000
1!
b11110100000 ;
1[
b11110100000 w

#74326000
b101011100111010 y

#74330000
0!
0[

#74335000
1!
b11110100001 ;
1[
b11110100001 w

#74336000
b101011100111101 y

#74340000
0!
0[

#74345000
1!
b11110100010 ;
1[
b11110100010 w

#74346000
b101011101000000 y

#74350000
0!
0[

#74355000
1!
b11110100011 ;
1[
b11110100011 w

#74356000
b101011101000011 y

#74360000
0!
0[

#74365000
1!
b11110100100 ;
1[
b11110100100 w

#74366000
b101011101000110 y

#74370000
0!
0[

#74375000
1!
b11110100101 ;
1[
b11110100101 w

#74376000
b101011101001001 y

#74380000
0!
0[

#74385000
1!
b11110100110 ;
1[
b11110100110 w

#74386000
b101011101001100 y

#74390000
0!
0[

#74395000
1!
b11110100111 ;
1[
b11110100111 w

#74396000
b101011101001111 y

#74400000
0!
0[

#74405000
1!
b11110101000 ;
1[
b11110101000 w

#74406000
b101011101010010 y

#74410000
0!
0[

#74415000
1!
b11110101001 ;
1[
b11110101001 w

#74416000
b101011101010101 y

#74420000
0!
0[

#74425000
1!
b11110101010 ;
1[
b11110101010 w

#74426000
b101011101011000 y

#74430000
0!
0[

#74435000
1!
b11110101011 ;
1[
b11110101011 w

#74436000
b101011101011011 y

#74440000
0!
0[

#74445000
1!
b11110101100 ;
1[
b11110101100 w

#74446000
b101011101011110 y

#74450000
0!
0[

#74455000
1!
b11110101101 ;
1[
b11110101101 w

#74456000
b101011101100001 y

#74460000
0!
0[

#74465000
1!
b11110101110 ;
1[
b11110101110 w

#74466000
b101011101100100 y

#74470000
0!
0[

#74475000
1!
b11110101111 ;
1[
b11110101111 w

#74476000
b101011101100111 y

#74480000
0!
0[

#74485000
1!
b11110110000 ;
1[
b11110110000 w

#74486000
b101011101101010 y

#74490000
0!
0[

#74495000
1!
b11110110001 ;
1[
b11110110001 w

#74496000
b101011101101101 y

#74500000
0!
0[

#74505000
1!
b11110110010 ;
1[
b11110110010 w

#74506000
b101011101110000 y

#74510000
0!
0[

#74515000
1!
b11110110011 ;
1[
b11110110011 w

#74516000
b101011101110011 y

#74520000
0!
0[

#74525000
1!
b11110110100 ;
1[
b11110110100 w

#74526000
b101011101110110 y

#74530000
0!
0[

#74535000
1!
b11110110101 ;
1[
b11110110101 w

#74536000
b101011101111001 y

#74540000
0!
0[

#74545000
1!
b11110110110 ;
1[
b11110110110 w

#74546000
b101011101111100 y

#74550000
0!
0[

#74555000
1!
b11110110111 ;
1[
b11110110111 w

#74556000
b101011101111111 y

#74560000
0!
0[

#74565000
1!
b11110111000 ;
1[
b11110111000 w

#74566000
b101011110000010 y

#74570000
0!
0[

#74575000
1!
b11110111001 ;
1[
b11110111001 w

#74576000
b101011110000101 y

#74580000
0!
0[

#74585000
1!
b11110111010 ;
1[
b11110111010 w

#74586000
b101011110001000 y

#74590000
0!
0[

#74595000
1!
b11110111011 ;
1[
b11110111011 w

#74596000
b101011110001011 y

#74600000
0!
0[

#74605000
1!
b11110111100 ;
1[
b11110111100 w

#74606000
b101011110001110 y

#74610000
0!
0[

#74615000
1!
b11110111101 ;
1[
b11110111101 w

#74616000
b101011110010001 y

#74620000
0!
0[

#74625000
1!
b11110111110 ;
1[
b11110111110 w

#74626000
b101011110010100 y

#74630000
0!
0[

#74635000
1!
b11110111111 ;
1[
b11110111111 w

#74636000
b101011110010111 y

#74640000
0!
0[

#74645000
1!
b11111000000 ;
1[
b11111000000 w

#74646000
b101011110011010 y

#74650000
0!
0[

#74655000
1!
b11111000001 ;
1[
b11111000001 w

#74656000
b101011110011101 y

#74660000
0!
0[

#74665000
1!
b11111000010 ;
1[
b11111000010 w

#74666000
b101011110100000 y

#74670000
0!
0[

#74675000
1!
b11111000011 ;
1[
b11111000011 w

#74676000
b101011110100011 y

#74680000
0!
0[

#74685000
1!
b11111000100 ;
1[
b11111000100 w

#74686000
b101011110100110 y

#74690000
0!
0[

#74695000
1!
b11111000101 ;
1[
b11111000101 w

#74696000
b101011110101001 y

#74700000
0!
0[

#74705000
1!
b11111000110 ;
1[
b11111000110 w

#74706000
b101011110101100 y

#74710000
0!
0[

#74715000
1!
b11111000111 ;
1[
b11111000111 w

#74716000
b101011110101111 y

#74720000
0!
0[

#74725000
1!
b11111001000 ;
1[
b11111001000 w

#74726000
b101011110110010 y

#74730000
0!
0[

#74735000
1!
b11111001001 ;
1[
b11111001001 w

#74736000
b101011110110101 y

#74740000
0!
0[

#74745000
1!
b11111001010 ;
1[
b11111001010 w

#74746000
b101011110111000 y

#74750000
0!
0[

#74755000
1!
b11111001011 ;
1[
b11111001011 w

#74756000
b101011110111011 y

#74760000
0!
0[

#74765000
1!
b11111001100 ;
1[
b11111001100 w

#74766000
b101011110111110 y

#74770000
0!
0[

#74775000
1!
b11111001101 ;
1[
b11111001101 w

#74776000
b101011111000001 y

#74780000
0!
0[

#74785000
1!
b11111001110 ;
1[
b11111001110 w

#74786000
b101011111000100 y

#74790000
0!
0[
b101011111000101 y

#74795000
1!
b1 :
b11111001111 ;
1[
b1 v
b11111001111 w

#74796000
b101011111001000 y

#74800000
0!
1'
1,
b1 -
b1 :
1<
1=
0[
1`
1c
b1 g
1x

#74805000
1!
03
b1 5
b0 6
b0 7
b101 :
b0 ;
1[
0n
b0 r
b1 s
b0 t
b101 v
b0 w

#74806000
b1 &!
b101011111001011 y

#74810000
0!
0'
0,
b1 :
0=
0[
0`
0c
b1 v
0x
b101011111001100 y

#74815000
1!
1[

#74816000
b101011111001111 y

#74820000
0!
1&
b10 :
0[
1_
b10 v

#74825000
1!
b10 5
1[
b10 s

#74826000
b10 &!
b101011111010010 y

#74830000
0!
0&
b1 X
0[
0_

#74835000
1!
b1 ;
1[
b1 w

#74836000
b101011111010101 y

#74840000
0!
1,
1=
0[
1c
1x

#74845000
1!
b1 6
b1 7
b0 ;
1[
b1 r
b1 t
b0 w

#74846000
b101011111011000 y

#74850000
0!
0,
0=
b10 X
0[
0c
0x

#74855000
1!
b1 ;
1[
b1 w

#74856000
b101011111011011 y

#74860000
0!
1,
b10 -
1=
0[
1c
b10 g
1x

#74865000
1!
b10010 6
b10 7
b0 ;
1[
b10010 r
b10 t
b0 w

#74866000
b101011111011110 y

#74870000
0!
0,
0=
b11 X
0[
0c
0x

#74875000
1!
b1 ;
1[
b1 w

#74876000
b101011111100001 y

#74880000
0!
1,
b11 -
1=
0[
1c
b11 g
1x

#74885000
1!
b100100011 6
b11 7
b0 ;
1[
b100100011 r
b11 t
b0 w

#74886000
b101011111100100 y

#74890000
0!
0,
0=
b100 X
0[
0c
0x

#74895000
1!
b1 ;
1[
b1 w

#74896000
b101011111100111 y

#74900000
0!
1,
b100 -
1=
0[
1c
b100 g
1x

#74905000
1!
b1001000110100 6
b100 7
b0 ;
1[
b1001000110100 r
b100 t
b0 w

#74906000
b101011111101010 y

#74910000
0!
0,
0=
b1010 X
0[
0c
0x

#74915000
1!
b1 ;
1[
b1 w

#74916000
b101011111101101 y

#74920000
0!
1,
b1010 -
b100 :
0<
1=
0[
1c
b1010 g
b100 v
1x

#74925000
1!
13
b100 5
b1 :
b0 ;
1[
1n
b100 s
b1 v
b0 w

#74926000
b100 &!
b101011111110000 y

#74930000
0!
0,
b100 :
0=
0[
0c
b100 v
0x
b101011111110001 y

#74935000
1!
b1 ;
1[
b1 w

#74936000
b101011111110100 y

#74940000
0!
1'
1,
b1 :
1=
0[
1`
1c
b1 v
1x

#74945000
1!
03
b1 5
b0 6
b0 7
b101 :
b0 ;
1[
0n
b0 r
b1 s
b0 t
b101 v
b0 w

#74946000
b1 &!
b101011111110111 y

#74950000
0!
0'
0,
b1 :
0=
b100 R
0[
0`
0c
b1 v
0x
b101011111111000 y

#74955000
1!
1[

#74956000
b101011111111011 y

#74960000
0!
0[

#74965000
1!
1[

#74966000
b101011111111110 y

#74970000
0!
0[

#74975000
1!
1[

#74976000
b101100000000001 y

#74980000
0!
0[

#74985000
1!
1[

#74986000
b101100000000100 y

#74990000
0!
b10010010011101110 !!
b11 R
b10000 S
0[
b10000 j

#74995000
1!
1[

#74996000
b101100000000111 y

#75000000
0!
0[

#75005000
1!
1[

#75006000
b101100000001010 y

#75010000
0!
0[

#75015000
1!
1[

#75016000
b101100000001101 y

#75020000
0!
b10010001101000 *
1+
1U
1W
0[
1f
b10010001101000 i

#75025000
1!
1[

#75026000
b101100000010000 y

#75030000
0!
1&
1'
1)
b1000 :
0[
1_
1`
1b
b1000 v

#75035000
1!
b1000 5
1[
b1000 s

#75036000
b1000 &!
b101100000010011 y

#75040000
0!
0&
0'
0)
b1100 X
0[
0_
0`
0b
b101100000010100 y

#75045000
1!
b1 ;
1[
b1 w

#75046000
b101100000010111 y

#75050000
0!
1,
b1100 -
b1 :
1=
0[
1c
b1100 g
b1 v
1x

#75055000
1!
b1 5
b0 ;
1[
b1 s
b0 w

#75056000
b1 &!
b101100000011010 y

#75060000
0!
0,
0=
0W
0[
0c
0x

#75065000
1!
1[

#75066000
b101100000011101 y

#75070000
0!
1&
1'
b101 :
0[
1_
1`
b101 v

#75075000
1!
b101 5
1[
b101 s

#75076000
b101 &!
b101100000100000 y

#75080000
0!
0&
0'
0[
0_
0`
b101100000100001 y

#75085000
1!
b1 ;
1[
b1 w

#75086000
b101100000100100 y

#75090000
0!
1,
b1 :
1=
0[
1c
b1 v
1x

#75095000
1!
b1 5
b0 ;
1[
b1 s
b0 w

#75096000
b1 &!
b101100000100111 y

#75100000
0!
0,
0=
0U
0[
0c
0x

#75105000
1!
1[

#75106000
b101100000101010 y

#75110000
0!
1&
b10 :
0[
1_
b10 v

#75115000
1!
b10 5
1[
b10 s

#75116000
b10 &!
b101100000101101 y

#75120000
0!
0&
0[
0_
b101100000101110 y

#75125000
1!
b1 ;
1[
b1 w

#75126000
b101100000110001 y

#75130000
0!
1,
b1 :
1=
0[
1c
b1 v
1x

#75135000
1!
b1 5
b0 ;
1[
b1 s
b0 w

#75136000
b1 &!
b101100000110100 y

#75140000
0!
0,
0=
b100 R
0[
0c
0x

#75145000
1!
1[

#75146000
b101100000110111 y

#75150000
0!
0[

#75155000
1!
1[

#75156000
b101100000111010 y

#75160000
0!
0[

#75165000
1!
1[

#75166000
b101100000111101 y

#75170000
0!
0[

#75175000
1!
1[

#75176000
b101100001000000 y

#75180000
0!
b10010010110101100 !!
b11 R
b10001 S
0[
b10001 j

#75185000
1!
1[

#75186000
b101100001000011 y

#75190000
0!
0[

#75195000
1!
1[

#75196000
b101100001000110 y

#75200000
0!
0[

#75205000
1!
1[

#75206000
b101100001001001 y

#75210000
0!
0T
1W
0[

#75215000
1!
1[

#75216000
b101100001001100 y

#75220000
0!
1)
b1000 :
0[
1b
b1000 v

#75225000
1!
b1000 5
1[
b1000 s

#75226000
b1000 &!
b101100001001111 y

#75230000
0!
0)
b1000 R
0[
0b

#75235000
1!
b1 ;
1[
b1 w

#75236000
b101100001010010 y

#75240000
0!
0[

#75245000
1!
b10 ;
1[
b10 w

#75246000
b101100001010101 y

#75250000
0!
0[

#75255000
1!
b11 ;
1[
b11 w

#75256000
b101100001011000 y

#75260000
0!
0[

#75265000
1!
b100 ;
1[
b100 w

#75266000
b101100001011011 y

#75270000
0!
0[

#75275000
1!
b101 ;
1[
b101 w

#75276000
b101100001011110 y

#75280000
0!
0[

#75285000
1!
b110 ;
1[
b110 w

#75286000
b101100001100001 y

#75290000
0!
0[

#75295000
1!
b111 ;
1[
b111 w

#75296000
b101100001100100 y

#75300000
0!
0[

#75305000
1!
b1000 ;
1[
b1000 w

#75306000
b101100001100111 y

#75310000
0!
0[

#75315000
1!
b1001 ;
1[
b1001 w

#75316000
b101100001101010 y

#75320000
0!
1&
1)
b1001101010111 *
1,
1=
0[
1_
1b
1c
b1001101010111 i
1x

#75325000
1!
b0 ;
1[
b0 w

#75326000
b101100001101101 y

#75330000
0!
0&
0)
0,
0=
1T
0W
0[
0_
0b
0c
0x
b101100001101110 y

#75335000
1!
b1 ;
1[
b1 w

#75336000
b101100001110001 y

#75340000
0!
1&
b10 :
0[
1_
b10 v

#75345000
1!
b10 5
b0 ;
1[
b10 s
b0 w

#75346000
b10 &!
b101100001110100 y

#75350000
0!
0&
b1 X
b1001101010111 Y
0[
0_
b101100001110101 y

#75355000
1!
b1 ;
1[
b1 w

#75356000
b101100001111000 y

#75360000
0!
1,
b1 -
1<
1=
0[
1c
b1 g
1x

#75365000
1!
b1 6
b1 7
b0 ;
1[
b1 r
b1 t
b0 w

#75366000
b101100001111011 y

#75370000
0!
0,
0=
b11 X
0[
0c
0x

#75375000
1!
b1 ;
1[
b1 w

#75376000
b101100001111110 y

#75380000
0!
1,
b11 -
1=
0[
1c
b11 g
1x

#75385000
1!
b10011 6
b10 7
b0 ;
1[
b10011 r
b10 t
b0 w

#75386000
b101100010000001 y

#75390000
0!
0,
0=
b101 X
0[
0c
0x

#75395000
1!
b1 ;
1[
b1 w

#75396000
b101100010000100 y

#75400000
0!
1,
b101 -
1=
0[
1c
b101 g
1x

#75405000
1!
b100110101 6
b11 7
b0 ;
1[
b100110101 r
b11 t
b0 w

#75406000
b101100010000111 y

#75410000
0!
0,
0=
b111 X
0[
0c
0x

#75415000
1!
b1 ;
1[
b1 w

#75416000
b101100010001010 y

#75420000
0!
1,
b111 -
1=
0[
1c
b111 g
1x

#75425000
1!
b1001101010111 6
b100 7
b0 ;
1[
b1001101010111 r
b100 t
b0 w

#75426000
b101100010001101 y

#75430000
0!
0,
0=
b1010 X
0[
0c
0x

#75435000
1!
b1 ;
1[
b1 w

#75436000
b101100010010000 y

#75440000
0!
1,
b1010 -
b100 :
0<
1=
0[
1c
b1010 g
b100 v
1x

#75445000
1!
13
b100 5
b1 :
b0 ;
1[
1n
b100 s
b1 v
b0 w

#75446000
b100 &!
b101100010010011 y

#75450000
0!
0,
b100 :
0=
0[
0c
b100 v
0x
b101100010010100 y

#75455000
1!
b1 ;
1[
b1 w

#75456000
b101100010010111 y

#75460000
0!
1,
b1 :
1=
0[
1c
b1 v
1x

#75465000
1!
03
b1 5
b0 6
b0 7
b0 ;
1[
0n
b0 r
b1 s
b0 t
b0 w

#75466000
b1 &!
b101100010011010 y

#75470000
0!
0,
0=
b100 R
0[
0c
0x

#75475000
1!
1[

#75476000
b101100010011101 y

#75480000
0!
0[

#75485000
1!
1[

#75486000
b101100010100000 y

#75490000
0!
0[

#75495000
1!
1[

#75496000
b101100010100011 y

#75500000
0!
0[

#75505000
1!
1[

#75506000
b101100010100110 y

#75510000
0!
b10010011011110110 !!
b11 R
b10010 S
0[
b10010 j

#75515000
1!
1[

#75516000
b101100010101001 y

#75520000
0!
0[

#75525000
1!
1[

#75526000
b101100010101100 y

#75530000
0!
0[

#75535000
1!
1[

#75536000
b101100010101111 y

#75540000
0!
0T
1W
0[

#75545000
1!
1[

#75546000
b101100010110010 y

#75550000
0!
1)
b1000 :
0[
1b
b1000 v

#75555000
1!
b1000 5
1[
b1000 s

#75556000
b1000 &!
b101100010110101 y

#75560000
0!
0)
0[
0b

#75565000
1!
b1 ;
1[
b1 w

#75566000
b101100010111000 y

#75570000
0!
1,
b1 :
1=
0[
1c
b1 v
1x

#75575000
1!
b1 5
b0 ;
1[
b1 s
b0 w

#75576000
b1 &!
b101100010111011 y

#75580000
0!
0,
0=
b100 R
0[
0c
0x
b101100010111100 y

#75585000
1!
1[

#75586000
b101100010111111 y

#75590000
0!
0[

#75595000
1!
1[

#75596000
b101100011000010 y

#75600000
0!
0[

#75605000
1!
1[

#75606000
b101100011000101 y

#75610000
0!
0[

#75615000
1!
1[

#75616000
b101100011001000 y

#75620000
0!
b10010011101100100 !!
b11 R
b10011 S
0[
b10011 j

#75625000
1!
1[

#75626000
b101100011001011 y

#75630000
0!
0[

#75635000
1!
1[

#75636000
b101100011001110 y

#75640000
0!
0[

#75645000
1!
1[

#75646000
b101100011010001 y

#75650000
0!
0[

#75655000
1!
1[

#75656000
b101100011010100 y

#75660000
0!
1)
b1000 :
0[
1b
b1000 v

#75665000
1!
b1000 5
1[
b1000 s

#75666000
b1000 &!
b101100011010111 y

#75670000
0!
0)
b1100 X
0[
0b

#75675000
1!
b1 ;
1[
b1 w

#75676000
b101100011011010 y

#75680000
0!
1,
b1100 -
b1 :
1=
0[
1c
b1100 g
b1 v
1x

#75685000
1!
b1 5
b0 ;
1[
b1 s
b0 w

#75686000
b1 &!
b101100011011101 y

#75690000
0!
0,
0=
b100 R
0[
0c
0x
b101100011011110 y

#75695000
1!
1[

#75696000
b101100011100001 y

#75700000
0!
0[

#75705000
1!
1[

#75706000
b101100011100100 y

#75710000
0!
0[

#75715000
1!
1[

#75716000
b101100011100111 y

#75720000
0!
0[

#75725000
1!
1[

#75726000
b101100011101010 y

#75730000
0!
b10010011111010010 !!
b11 R
b10100 S
0[
b10100 j

#75735000
1!
1[

#75736000
b101100011101101 y

#75740000
0!
0[

#75745000
1!
1[

#75746000
b101100011110000 y

#75750000
0!
0[

#75755000
1!
1[

#75756000
b101100011110011 y

#75760000
0!
0[

#75765000
1!
1[

#75766000
b101100011110110 y

#75770000
0!
1)
b1000 :
0[
1b
b1000 v

#75775000
1!
b1000 5
1[
b1000 s

#75776000
b1000 &!
b101100011111001 y

#75780000
0!
0)
b1111100111 Z
0[
0b

#75785000
1!
b1 ;
1[
b1 w

#75786000
b101100011111100 y

#75790000
0!
0[

#75795000
1!
b10 ;
1[
b10 w

#75796000
b101100011111111 y

#75800000
0!
0[

#75805000
1!
b11 ;
1[
b11 w

#75806000
b101100100000010 y

#75810000
0!
0[

#75815000
1!
b100 ;
1[
b100 w

#75816000
b101100100000101 y

#75820000
0!
0[

#75825000
1!
b101 ;
1[
b101 w

#75826000
b101100100001000 y

#75830000
0!
0[

#75835000
1!
b110 ;
1[
b110 w

#75836000
b101100100001011 y

#75840000
0!
0[

#75845000
1!
b111 ;
1[
b111 w

#75846000
b101100100001110 y

#75850000
0!
0[

#75855000
1!
b1000 ;
1[
b1000 w

#75856000
b101100100010001 y

#75860000
0!
0[

#75865000
1!
b1001 ;
1[
b1001 w

#75866000
b101100100010100 y

#75870000
0!
0[

#75875000
1!
b1010 ;
1[
b1010 w

#75876000
b101100100010111 y

#75880000
0!
0[

#75885000
1!
b1011 ;
1[
b1011 w

#75886000
b101100100011010 y

#75890000
0!
0[

#75895000
1!
b1100 ;
1[
b1100 w

#75896000
b101100100011101 y

#75900000
0!
0[

#75905000
1!
b1101 ;
1[
b1101 w

#75906000
b101100100100000 y

#75910000
0!
0[

#75915000
1!
b1110 ;
1[
b1110 w

#75916000
b101100100100011 y

#75920000
0!
0[

#75925000
1!
b1111 ;
1[
b1111 w

#75926000
b101100100100110 y

#75930000
0!
0[

#75935000
1!
b10000 ;
1[
b10000 w

#75936000
b101100100101001 y

#75940000
0!
0[

#75945000
1!
b10001 ;
1[
b10001 w

#75946000
b101100100101100 y

#75950000
0!
0[

#75955000
1!
b10010 ;
1[
b10010 w

#75956000
b101100100101111 y

#75960000
0!
0[

#75965000
1!
b10011 ;
1[
b10011 w

#75966000
b101100100110010 y

#75970000
0!
0[

#75975000
1!
b10100 ;
1[
b10100 w

#75976000
b101100100110101 y

#75980000
0!
0[

#75985000
1!
b10101 ;
1[
b10101 w

#75986000
b101100100111000 y

#75990000
0!
0[

#75995000
1!
b10110 ;
1[
b10110 w

#75996000
b101100100111011 y

#76000000
0!
0[

#76005000
1!
b10111 ;
1[
b10111 w

#76006000
b101100100111110 y

#76010000
0!
0[

#76015000
1!
b11000 ;
1[
b11000 w

#76016000
b101100101000001 y

#76020000
0!
0[

#76025000
1!
b11001 ;
1[
b11001 w

#76026000
b101100101000100 y

#76030000
0!
0[

#76035000
1!
b11010 ;
1[
b11010 w

#76036000
b101100101000111 y

#76040000
0!
0[

#76045000
1!
b11011 ;
1[
b11011 w

#76046000
b101100101001010 y

#76050000
0!
0[

#76055000
1!
b11100 ;
1[
b11100 w

#76056000
b101100101001101 y

#76060000
0!
0[

#76065000
1!
b11101 ;
1[
b11101 w

#76066000
b101100101010000 y

#76070000
0!
0[

#76075000
1!
b11110 ;
1[
b11110 w

#76076000
b101100101010011 y

#76080000
0!
0[

#76085000
1!
b11111 ;
1[
b11111 w

#76086000
b101100101010110 y

#76090000
0!
0[

#76095000
1!
b100000 ;
1[
b100000 w

#76096000
b101100101011001 y

#76100000
0!
0[

#76105000
1!
b100001 ;
1[
b100001 w

#76106000
b101100101011100 y

#76110000
0!
0[

#76115000
1!
b100010 ;
1[
b100010 w

#76116000
b101100101011111 y

#76120000
0!
0[

#76125000
1!
b100011 ;
1[
b100011 w

#76126000
b101100101100010 y

#76130000
0!
0[

#76135000
1!
b100100 ;
1[
b100100 w

#76136000
b101100101100101 y

#76140000
0!
0[

#76145000
1!
b100101 ;
1[
b100101 w

#76146000
b101100101101000 y

#76150000
0!
0[

#76155000
1!
b100110 ;
1[
b100110 w

#76156000
b101100101101011 y

#76160000
0!
0[

#76165000
1!
b100111 ;
1[
b100111 w

#76166000
b101100101101110 y

#76170000
0!
0[

#76175000
1!
b101000 ;
1[
b101000 w

#76176000
b101100101110001 y

#76180000
0!
0[

#76185000
1!
b101001 ;
1[
b101001 w

#76186000
b101100101110100 y

#76190000
0!
0[

#76195000
1!
b101010 ;
1[
b101010 w

#76196000
b101100101110111 y

#76200000
0!
0[

#76205000
1!
b101011 ;
1[
b101011 w

#76206000
b101100101111010 y

#76210000
0!
0[

#76215000
1!
b101100 ;
1[
b101100 w

#76216000
b101100101111101 y

#76220000
0!
0[

#76225000
1!
b101101 ;
1[
b101101 w

#76226000
b101100110000000 y

#76230000
0!
0[

#76235000
1!
b101110 ;
1[
b101110 w

#76236000
b101100110000011 y

#76240000
0!
0[

#76245000
1!
b101111 ;
1[
b101111 w

#76246000
b101100110000110 y

#76250000
0!
0[

#76255000
1!
b110000 ;
1[
b110000 w

#76256000
b101100110001001 y

#76260000
0!
0[

#76265000
1!
b110001 ;
1[
b110001 w

#76266000
b101100110001100 y

#76270000
0!
0[

#76275000
1!
b110010 ;
1[
b110010 w

#76276000
b101100110001111 y

#76280000
0!
0[

#76285000
1!
b110011 ;
1[
b110011 w

#76286000
b101100110010010 y

#76290000
0!
0[

#76295000
1!
b110100 ;
1[
b110100 w

#76296000
b101100110010101 y

#76300000
0!
0[

#76305000
1!
b110101 ;
1[
b110101 w

#76306000
b101100110011000 y

#76310000
0!
0[

#76315000
1!
b110110 ;
1[
b110110 w

#76316000
b101100110011011 y

#76320000
0!
0[

#76325000
1!
b110111 ;
1[
b110111 w

#76326000
b101100110011110 y

#76330000
0!
0[

#76335000
1!
b111000 ;
1[
b111000 w

#76336000
b101100110100001 y

#76340000
0!
0[

#76345000
1!
b111001 ;
1[
b111001 w

#76346000
b101100110100100 y

#76350000
0!
0[

#76355000
1!
b111010 ;
1[
b111010 w

#76356000
b101100110100111 y

#76360000
0!
0[

#76365000
1!
b111011 ;
1[
b111011 w

#76366000
b101100110101010 y

#76370000
0!
0[

#76375000
1!
b111100 ;
1[
b111100 w

#76376000
b101100110101101 y

#76380000
0!
0[

#76385000
1!
b111101 ;
1[
b111101 w

#76386000
b101100110110000 y

#76390000
0!
0[

#76395000
1!
b111110 ;
1[
b111110 w

#76396000
b101100110110011 y

#76400000
0!
0[

#76405000
1!
b111111 ;
1[
b111111 w

#76406000
b101100110110110 y

#76410000
0!
0[

#76415000
1!
b1000000 ;
1[
b1000000 w

#76416000
b101100110111001 y

#76420000
0!
0[

#76425000
1!
b1000001 ;
1[
b1000001 w

#76426000
b101100110111100 y

#76430000
0!
0[

#76435000
1!
b1000010 ;
1[
b1000010 w

#76436000
b101100110111111 y

#76440000
0!
0[

#76445000
1!
b1000011 ;
1[
b1000011 w

#76446000
b101100111000010 y

#76450000
0!
0[

#76455000
1!
b1000100 ;
1[
b1000100 w

#76456000
b101100111000101 y

#76460000
0!
0[

#76465000
1!
b1000101 ;
1[
b1000101 w

#76466000
b101100111001000 y

#76470000
0!
0[

#76475000
1!
b1000110 ;
1[
b1000110 w

#76476000
b101100111001011 y

#76480000
0!
0[

#76485000
1!
b1000111 ;
1[
b1000111 w

#76486000
b101100111001110 y

#76490000
0!
0[

#76495000
1!
b1001000 ;
1[
b1001000 w

#76496000
b101100111010001 y

#76500000
0!
0[

#76505000
1!
b1001001 ;
1[
b1001001 w

#76506000
b101100111010100 y

#76510000
0!
0[

#76515000
1!
b1001010 ;
1[
b1001010 w

#76516000
b101100111010111 y

#76520000
0!
0[

#76525000
1!
b1001011 ;
1[
b1001011 w

#76526000
b101100111011010 y

#76530000
0!
0[

#76535000
1!
b1001100 ;
1[
b1001100 w

#76536000
b101100111011101 y

#76540000
0!
0[

#76545000
1!
b1001101 ;
1[
b1001101 w

#76546000
b101100111100000 y

#76550000
0!
0[

#76555000
1!
b1001110 ;
1[
b1001110 w

#76556000
b101100111100011 y

#76560000
0!
0[

#76565000
1!
b1001111 ;
1[
b1001111 w

#76566000
b101100111100110 y

#76570000
0!
0[

#76575000
1!
b1010000 ;
1[
b1010000 w

#76576000
b101100111101001 y

#76580000
0!
0[

#76585000
1!
b1010001 ;
1[
b1010001 w

#76586000
b101100111101100 y

#76590000
0!
0[

#76595000
1!
b1010010 ;
1[
b1010010 w

#76596000
b101100111101111 y

#76600000
0!
0[

#76605000
1!
b1010011 ;
1[
b1010011 w

#76606000
b101100111110010 y

#76610000
0!
0[

#76615000
1!
b1010100 ;
1[
b1010100 w

#76616000
b101100111110101 y

#76620000
0!
0[

#76625000
1!
b1010101 ;
1[
b1010101 w

#76626000
b101100111111000 y

#76630000
0!
0[

#76635000
1!
b1010110 ;
1[
b1010110 w

#76636000
b101100111111011 y

#76640000
0!
0[

#76645000
1!
b1010111 ;
1[
b1010111 w

#76646000
b101100111111110 y

#76650000
0!
0[

#76655000
1!
b1011000 ;
1[
b1011000 w

#76656000
b101101000000001 y

#76660000
0!
0[

#76665000
1!
b1011001 ;
1[
b1011001 w

#76666000
b101101000000100 y

#76670000
0!
0[

#76675000
1!
b1011010 ;
1[
b1011010 w

#76676000
b101101000000111 y

#76680000
0!
0[

#76685000
1!
b1011011 ;
1[
b1011011 w

#76686000
b101101000001010 y

#76690000
0!
0[

#76695000
1!
b1011100 ;
1[
b1011100 w

#76696000
b101101000001101 y

#76700000
0!
0[

#76705000
1!
b1011101 ;
1[
b1011101 w

#76706000
b101101000010000 y

#76710000
0!
0[

#76715000
1!
b1011110 ;
1[
b1011110 w

#76716000
b101101000010011 y

#76720000
0!
0[

#76725000
1!
b1011111 ;
1[
b1011111 w

#76726000
b101101000010110 y

#76730000
0!
0[

#76735000
1!
b1100000 ;
1[
b1100000 w

#76736000
b101101000011001 y

#76740000
0!
0[

#76745000
1!
b1100001 ;
1[
b1100001 w

#76746000
b101101000011100 y

#76750000
0!
0[

#76755000
1!
b1100010 ;
1[
b1100010 w

#76756000
b101101000011111 y

#76760000
0!
0[

#76765000
1!
b1100011 ;
1[
b1100011 w

#76766000
b101101000100010 y

#76770000
0!
0[

#76775000
1!
b1100100 ;
1[
b1100100 w

#76776000
b101101000100101 y

#76780000
0!
0[

#76785000
1!
b1100101 ;
1[
b1100101 w

#76786000
b101101000101000 y

#76790000
0!
0[

#76795000
1!
b1100110 ;
1[
b1100110 w

#76796000
b101101000101011 y

#76800000
0!
0[

#76805000
1!
b1100111 ;
1[
b1100111 w

#76806000
b101101000101110 y

#76810000
0!
0[

#76815000
1!
b1101000 ;
1[
b1101000 w

#76816000
b101101000110001 y

#76820000
0!
0[

#76825000
1!
b1101001 ;
1[
b1101001 w

#76826000
b101101000110100 y

#76830000
0!
0[

#76835000
1!
b1101010 ;
1[
b1101010 w

#76836000
b101101000110111 y

#76840000
0!
0[

#76845000
1!
b1101011 ;
1[
b1101011 w

#76846000
b101101000111010 y

#76850000
0!
0[

#76855000
1!
b1101100 ;
1[
b1101100 w

#76856000
b101101000111101 y

#76860000
0!
0[

#76865000
1!
b1101101 ;
1[
b1101101 w

#76866000
b101101001000000 y

#76870000
0!
0[

#76875000
1!
b1101110 ;
1[
b1101110 w

#76876000
b101101001000011 y

#76880000
0!
0[

#76885000
1!
b1101111 ;
1[
b1101111 w

#76886000
b101101001000110 y

#76890000
0!
0[

#76895000
1!
b1110000 ;
1[
b1110000 w

#76896000
b101101001001001 y

#76900000
0!
0[

#76905000
1!
b1110001 ;
1[
b1110001 w

#76906000
b101101001001100 y

#76910000
0!
0[

#76915000
1!
b1110010 ;
1[
b1110010 w

#76916000
b101101001001111 y

#76920000
0!
0[

#76925000
1!
b1110011 ;
1[
b1110011 w

#76926000
b101101001010010 y

#76930000
0!
0[

#76935000
1!
b1110100 ;
1[
b1110100 w

#76936000
b101101001010101 y

#76940000
0!
0[

#76945000
1!
b1110101 ;
1[
b1110101 w

#76946000
b101101001011000 y

#76950000
0!
0[

#76955000
1!
b1110110 ;
1[
b1110110 w

#76956000
b101101001011011 y

#76960000
0!
0[

#76965000
1!
b1110111 ;
1[
b1110111 w

#76966000
b101101001011110 y

#76970000
0!
0[

#76975000
1!
b1111000 ;
1[
b1111000 w

#76976000
b101101001100001 y

#76980000
0!
0[

#76985000
1!
b1111001 ;
1[
b1111001 w

#76986000
b101101001100100 y

#76990000
0!
0[

#76995000
1!
b1111010 ;
1[
b1111010 w

#76996000
b101101001100111 y

#77000000
0!
0[

#77005000
1!
b1111011 ;
1[
b1111011 w

#77006000
b101101001101010 y

#77010000
0!
0[

#77015000
1!
b1111100 ;
1[
b1111100 w

#77016000
b101101001101101 y

#77020000
0!
0[

#77025000
1!
b1111101 ;
1[
b1111101 w

#77026000
b101101001110000 y

#77030000
0!
0[

#77035000
1!
b1111110 ;
1[
b1111110 w

#77036000
b101101001110011 y

#77040000
0!
0[

#77045000
1!
b1111111 ;
1[
b1111111 w

#77046000
b101101001110110 y

#77050000
0!
0[

#77055000
1!
b10000000 ;
1[
b10000000 w

#77056000
b101101001111001 y

#77060000
0!
0[

#77065000
1!
b10000001 ;
1[
b10000001 w

#77066000
b101101001111100 y

#77070000
0!
0[

#77075000
1!
b10000010 ;
1[
b10000010 w

#77076000
b101101001111111 y

#77080000
0!
0[

#77085000
1!
b10000011 ;
1[
b10000011 w

#77086000
b101101010000010 y

#77090000
0!
0[

#77095000
1!
b10000100 ;
1[
b10000100 w

#77096000
b101101010000101 y

#77100000
0!
0[

#77105000
1!
b10000101 ;
1[
b10000101 w

#77106000
b101101010001000 y

#77110000
0!
0[

#77115000
1!
b10000110 ;
1[
b10000110 w

#77116000
b101101010001011 y

#77120000
0!
0[

#77125000
1!
b10000111 ;
1[
b10000111 w

#77126000
b101101010001110 y

#77130000
0!
0[

#77135000
1!
b10001000 ;
1[
b10001000 w

#77136000
b101101010010001 y

#77140000
0!
0[

#77145000
1!
b10001001 ;
1[
b10001001 w

#77146000
b101101010010100 y

#77150000
0!
0[

#77155000
1!
b10001010 ;
1[
b10001010 w

#77156000
b101101010010111 y

#77160000
0!
0[

#77165000
1!
b10001011 ;
1[
b10001011 w

#77166000
b101101010011010 y

#77170000
0!
0[

#77175000
1!
b10001100 ;
1[
b10001100 w

#77176000
b101101010011101 y

#77180000
0!
0[

#77185000
1!
b10001101 ;
1[
b10001101 w

#77186000
b101101010100000 y

#77190000
0!
0[

#77195000
1!
b10001110 ;
1[
b10001110 w

#77196000
b101101010100011 y

#77200000
0!
0[

#77205000
1!
b10001111 ;
1[
b10001111 w

#77206000
b101101010100110 y

#77210000
0!
0[

#77215000
1!
b10010000 ;
1[
b10010000 w

#77216000
b101101010101001 y

#77220000
0!
0[

#77225000
1!
b10010001 ;
1[
b10010001 w

#77226000
b101101010101100 y

#77230000
0!
0[

#77235000
1!
b10010010 ;
1[
b10010010 w

#77236000
b101101010101111 y

#77240000
0!
0[

#77245000
1!
b10010011 ;
1[
b10010011 w

#77246000
b101101010110010 y

#77250000
0!
0[

#77255000
1!
b10010100 ;
1[
b10010100 w

#77256000
b101101010110101 y

#77260000
0!
0[

#77265000
1!
b10010101 ;
1[
b10010101 w

#77266000
b101101010111000 y

#77270000
0!
0[

#77275000
1!
b10010110 ;
1[
b10010110 w

#77276000
b101101010111011 y

#77280000
0!
0[

#77285000
1!
b10010111 ;
1[
b10010111 w

#77286000
b101101010111110 y

#77290000
0!
0[

#77295000
1!
b10011000 ;
1[
b10011000 w

#77296000
b101101011000001 y

#77300000
0!
0[

#77305000
1!
b10011001 ;
1[
b10011001 w

#77306000
b101101011000100 y

#77310000
0!
0[

#77315000
1!
b10011010 ;
1[
b10011010 w

#77316000
b101101011000111 y

#77320000
0!
0[

#77325000
1!
b10011011 ;
1[
b10011011 w

#77326000
b101101011001010 y

#77330000
0!
0[

#77335000
1!
b10011100 ;
1[
b10011100 w

#77336000
b101101011001101 y

#77340000
0!
0[

#77345000
1!
b10011101 ;
1[
b10011101 w

#77346000
b101101011010000 y

#77350000
0!
0[

#77355000
1!
b10011110 ;
1[
b10011110 w

#77356000
b101101011010011 y

#77360000
0!
0[

#77365000
1!
b10011111 ;
1[
b10011111 w

#77366000
b101101011010110 y

#77370000
0!
0[

#77375000
1!
b10100000 ;
1[
b10100000 w

#77376000
b101101011011001 y

#77380000
0!
0[

#77385000
1!
b10100001 ;
1[
b10100001 w

#77386000
b101101011011100 y

#77390000
0!
0[

#77395000
1!
b10100010 ;
1[
b10100010 w

#77396000
b101101011011111 y

#77400000
0!
0[

#77405000
1!
b10100011 ;
1[
b10100011 w

#77406000
b101101011100010 y

#77410000
0!
0[

#77415000
1!
b10100100 ;
1[
b10100100 w

#77416000
b101101011100101 y

#77420000
0!
0[

#77425000
1!
b10100101 ;
1[
b10100101 w

#77426000
b101101011101000 y

#77430000
0!
0[

#77435000
1!
b10100110 ;
1[
b10100110 w

#77436000
b101101011101011 y

#77440000
0!
0[

#77445000
1!
b10100111 ;
1[
b10100111 w

#77446000
b101101011101110 y

#77450000
0!
0[

#77455000
1!
b10101000 ;
1[
b10101000 w

#77456000
b101101011110001 y

#77460000
0!
0[

#77465000
1!
b10101001 ;
1[
b10101001 w

#77466000
b101101011110100 y

#77470000
0!
0[

#77475000
1!
b10101010 ;
1[
b10101010 w

#77476000
b101101011110111 y

#77480000
0!
0[

#77485000
1!
b10101011 ;
1[
b10101011 w

#77486000
b101101011111010 y

#77490000
0!
0[

#77495000
1!
b10101100 ;
1[
b10101100 w

#77496000
b101101011111101 y

#77500000
0!
0[

#77505000
1!
b10101101 ;
1[
b10101101 w

#77506000
b101101100000000 y

#77510000
0!
0[

#77515000
1!
b10101110 ;
1[
b10101110 w

#77516000
b101101100000011 y

#77520000
0!
0[

#77525000
1!
b10101111 ;
1[
b10101111 w

#77526000
b101101100000110 y

#77530000
0!
0[

#77535000
1!
b10110000 ;
1[
b10110000 w

#77536000
b101101100001001 y

#77540000
0!
0[

#77545000
1!
b10110001 ;
1[
b10110001 w

#77546000
b101101100001100 y

#77550000
0!
0[

#77555000
1!
b10110010 ;
1[
b10110010 w

#77556000
b101101100001111 y

#77560000
0!
0[

#77565000
1!
b10110011 ;
1[
b10110011 w

#77566000
b101101100010010 y

#77570000
0!
0[

#77575000
1!
b10110100 ;
1[
b10110100 w

#77576000
b101101100010101 y

#77580000
0!
0[

#77585000
1!
b10110101 ;
1[
b10110101 w

#77586000
b101101100011000 y

#77590000
0!
0[

#77595000
1!
b10110110 ;
1[
b10110110 w

#77596000
b101101100011011 y

#77600000
0!
0[

#77605000
1!
b10110111 ;
1[
b10110111 w

#77606000
b101101100011110 y

#77610000
0!
0[

#77615000
1!
b10111000 ;
1[
b10111000 w

#77616000
b101101100100001 y

#77620000
0!
0[

#77625000
1!
b10111001 ;
1[
b10111001 w

#77626000
b101101100100100 y

#77630000
0!
0[

#77635000
1!
b10111010 ;
1[
b10111010 w

#77636000
b101101100100111 y

#77640000
0!
0[

#77645000
1!
b10111011 ;
1[
b10111011 w

#77646000
b101101100101010 y

#77650000
0!
0[

#77655000
1!
b10111100 ;
1[
b10111100 w

#77656000
b101101100101101 y

#77660000
0!
0[

#77665000
1!
b10111101 ;
1[
b10111101 w

#77666000
b101101100110000 y

#77670000
0!
0[

#77675000
1!
b10111110 ;
1[
b10111110 w

#77676000
b101101100110011 y

#77680000
0!
0[

#77685000
1!
b10111111 ;
1[
b10111111 w

#77686000
b101101100110110 y

#77690000
0!
0[

#77695000
1!
b11000000 ;
1[
b11000000 w

#77696000
b101101100111001 y

#77700000
0!
0[

#77705000
1!
b11000001 ;
1[
b11000001 w

#77706000
b101101100111100 y

#77710000
0!
0[

#77715000
1!
b11000010 ;
1[
b11000010 w

#77716000
b101101100111111 y

#77720000
0!
0[

#77725000
1!
b11000011 ;
1[
b11000011 w

#77726000
b101101101000010 y

#77730000
0!
0[

#77735000
1!
b11000100 ;
1[
b11000100 w

#77736000
b101101101000101 y

#77740000
0!
0[

#77745000
1!
b11000101 ;
1[
b11000101 w

#77746000
b101101101001000 y

#77750000
0!
0[

#77755000
1!
b11000110 ;
1[
b11000110 w

#77756000
b101101101001011 y

#77760000
0!
0[

#77765000
1!
b11000111 ;
1[
b11000111 w

#77766000
b101101101001110 y

#77770000
0!
0[

#77775000
1!
b11001000 ;
1[
b11001000 w

#77776000
b101101101010001 y

#77780000
0!
0[

#77785000
1!
b11001001 ;
1[
b11001001 w

#77786000
b101101101010100 y

#77790000
0!
0[

#77795000
1!
b11001010 ;
1[
b11001010 w

#77796000
b101101101010111 y

#77800000
0!
0[

#77805000
1!
b11001011 ;
1[
b11001011 w

#77806000
b101101101011010 y

#77810000
0!
0[

#77815000
1!
b11001100 ;
1[
b11001100 w

#77816000
b101101101011101 y

#77820000
0!
0[

#77825000
1!
b11001101 ;
1[
b11001101 w

#77826000
b101101101100000 y

#77830000
0!
0[

#77835000
1!
b11001110 ;
1[
b11001110 w

#77836000
b101101101100011 y

#77840000
0!
0[

#77845000
1!
b11001111 ;
1[
b11001111 w

#77846000
b101101101100110 y

#77850000
0!
0[

#77855000
1!
b11010000 ;
1[
b11010000 w

#77856000
b101101101101001 y

#77860000
0!
0[

#77865000
1!
b11010001 ;
1[
b11010001 w

#77866000
b101101101101100 y

#77870000
0!
0[

#77875000
1!
b11010010 ;
1[
b11010010 w

#77876000
b101101101101111 y

#77880000
0!
0[

#77885000
1!
b11010011 ;
1[
b11010011 w

#77886000
b101101101110010 y

#77890000
0!
0[

#77895000
1!
b11010100 ;
1[
b11010100 w

#77896000
b101101101110101 y

#77900000
0!
0[

#77905000
1!
b11010101 ;
1[
b11010101 w

#77906000
b101101101111000 y

#77910000
0!
0[

#77915000
1!
b11010110 ;
1[
b11010110 w

#77916000
b101101101111011 y

#77920000
0!
0[

#77925000
1!
b11010111 ;
1[
b11010111 w

#77926000
b101101101111110 y

#77930000
0!
0[

#77935000
1!
b11011000 ;
1[
b11011000 w

#77936000
b101101110000001 y

#77940000
0!
0[

#77945000
1!
b11011001 ;
1[
b11011001 w

#77946000
b101101110000100 y

#77950000
0!
0[

#77955000
1!
b11011010 ;
1[
b11011010 w

#77956000
b101101110000111 y

#77960000
0!
0[

#77965000
1!
b11011011 ;
1[
b11011011 w

#77966000
b101101110001010 y

#77970000
0!
0[

#77975000
1!
b11011100 ;
1[
b11011100 w

#77976000
b101101110001101 y

#77980000
0!
0[

#77985000
1!
b11011101 ;
1[
b11011101 w

#77986000
b101101110010000 y

#77990000
0!
0[

#77995000
1!
b11011110 ;
1[
b11011110 w

#77996000
b101101110010011 y

#78000000
0!
0[

#78005000
1!
b11011111 ;
1[
b11011111 w

#78006000
b101101110010110 y

#78010000
0!
0[

#78015000
1!
b11100000 ;
1[
b11100000 w

#78016000
b101101110011001 y

#78020000
0!
0[

#78025000
1!
b11100001 ;
1[
b11100001 w

#78026000
b101101110011100 y

#78030000
0!
0[

#78035000
1!
b11100010 ;
1[
b11100010 w

#78036000
b101101110011111 y

#78040000
0!
0[

#78045000
1!
b11100011 ;
1[
b11100011 w

#78046000
b101101110100010 y

#78050000
0!
0[

#78055000
1!
b11100100 ;
1[
b11100100 w

#78056000
b101101110100101 y

#78060000
0!
0[

#78065000
1!
b11100101 ;
1[
b11100101 w

#78066000
b101101110101000 y

#78070000
0!
0[

#78075000
1!
b11100110 ;
1[
b11100110 w

#78076000
b101101110101011 y

#78080000
0!
0[

#78085000
1!
b11100111 ;
1[
b11100111 w

#78086000
b101101110101110 y

#78090000
0!
0[

#78095000
1!
b11101000 ;
1[
b11101000 w

#78096000
b101101110110001 y

#78100000
0!
0[

#78105000
1!
b11101001 ;
1[
b11101001 w

#78106000
b101101110110100 y

#78110000
0!
0[

#78115000
1!
b11101010 ;
1[
b11101010 w

#78116000
b101101110110111 y

#78120000
0!
0[

#78125000
1!
b11101011 ;
1[
b11101011 w

#78126000
b101101110111010 y

#78130000
0!
0[

#78135000
1!
b11101100 ;
1[
b11101100 w

#78136000
b101101110111101 y

#78140000
0!
0[

#78145000
1!
b11101101 ;
1[
b11101101 w

#78146000
b101101111000000 y

#78150000
0!
0[

#78155000
1!
b11101110 ;
1[
b11101110 w

#78156000
b101101111000011 y

#78160000
0!
0[

#78165000
1!
b11101111 ;
1[
b11101111 w

#78166000
b101101111000110 y

#78170000
0!
0[

#78175000
1!
b11110000 ;
1[
b11110000 w

#78176000
b101101111001001 y

#78180000
0!
0[

#78185000
1!
b11110001 ;
1[
b11110001 w

#78186000
b101101111001100 y

#78190000
0!
0[

#78195000
1!
b11110010 ;
1[
b11110010 w

#78196000
b101101111001111 y

#78200000
0!
0[

#78205000
1!
b11110011 ;
1[
b11110011 w

#78206000
b101101111010010 y

#78210000
0!
0[

#78215000
1!
b11110100 ;
1[
b11110100 w

#78216000
b101101111010101 y

#78220000
0!
0[

#78225000
1!
b11110101 ;
1[
b11110101 w

#78226000
b101101111011000 y

#78230000
0!
0[

#78235000
1!
b11110110 ;
1[
b11110110 w

#78236000
b101101111011011 y

#78240000
0!
0[

#78245000
1!
b11110111 ;
1[
b11110111 w

#78246000
b101101111011110 y

#78250000
0!
0[

#78255000
1!
b11111000 ;
1[
b11111000 w

#78256000
b101101111100001 y

#78260000
0!
0[

#78265000
1!
b11111001 ;
1[
b11111001 w

#78266000
b101101111100100 y

#78270000
0!
0[

#78275000
1!
b11111010 ;
1[
b11111010 w

#78276000
b101101111100111 y

#78280000
0!
0[

#78285000
1!
b11111011 ;
1[
b11111011 w

#78286000
b101101111101010 y

#78290000
0!
0[

#78295000
1!
b11111100 ;
1[
b11111100 w

#78296000
b101101111101101 y

#78300000
0!
0[

#78305000
1!
b11111101 ;
1[
b11111101 w

#78306000
b101101111110000 y

#78310000
0!
0[

#78315000
1!
b11111110 ;
1[
b11111110 w

#78316000
b101101111110011 y

#78320000
0!
0[

#78325000
1!
b11111111 ;
1[
b11111111 w

#78326000
b101101111110110 y

#78330000
0!
0[

#78335000
1!
b100000000 ;
1[
b100000000 w

#78336000
b101101111111001 y

#78340000
0!
0[

#78345000
1!
b100000001 ;
1[
b100000001 w

#78346000
b101101111111100 y

#78350000
0!
0[

#78355000
1!
b100000010 ;
1[
b100000010 w

#78356000
b101101111111111 y

#78360000
0!
0[

#78365000
1!
b100000011 ;
1[
b100000011 w

#78366000
b101110000000010 y

#78370000
0!
0[

#78375000
1!
b100000100 ;
1[
b100000100 w

#78376000
b101110000000101 y

#78380000
0!
0[

#78385000
1!
b100000101 ;
1[
b100000101 w

#78386000
b101110000001000 y

#78390000
0!
0[

#78395000
1!
b100000110 ;
1[
b100000110 w

#78396000
b101110000001011 y

#78400000
0!
0[

#78405000
1!
b100000111 ;
1[
b100000111 w

#78406000
b101110000001110 y

#78410000
0!
0[

#78415000
1!
b100001000 ;
1[
b100001000 w

#78416000
b101110000010001 y

#78420000
0!
0[

#78425000
1!
b100001001 ;
1[
b100001001 w

#78426000
b101110000010100 y

#78430000
0!
0[

#78435000
1!
b100001010 ;
1[
b100001010 w

#78436000
b101110000010111 y

#78440000
0!
0[

#78445000
1!
b100001011 ;
1[
b100001011 w

#78446000
b101110000011010 y

#78450000
0!
0[

#78455000
1!
b100001100 ;
1[
b100001100 w

#78456000
b101110000011101 y

#78460000
0!
0[

#78465000
1!
b100001101 ;
1[
b100001101 w

#78466000
b101110000100000 y

#78470000
0!
0[

#78475000
1!
b100001110 ;
1[
b100001110 w

#78476000
b101110000100011 y

#78480000
0!
0[

#78485000
1!
b100001111 ;
1[
b100001111 w

#78486000
b101110000100110 y

#78490000
0!
0[

#78495000
1!
b100010000 ;
1[
b100010000 w

#78496000
b101110000101001 y

#78500000
0!
0[

#78505000
1!
b100010001 ;
1[
b100010001 w

#78506000
b101110000101100 y

#78510000
0!
0[

#78515000
1!
b100010010 ;
1[
b100010010 w

#78516000
b101110000101111 y

#78520000
0!
0[

#78525000
1!
b100010011 ;
1[
b100010011 w

#78526000
b101110000110010 y

#78530000
0!
0[

#78535000
1!
b100010100 ;
1[
b100010100 w

#78536000
b101110000110101 y

#78540000
0!
0[

#78545000
1!
b100010101 ;
1[
b100010101 w

#78546000
b101110000111000 y

#78550000
0!
0[

#78555000
1!
b100010110 ;
1[
b100010110 w

#78556000
b101110000111011 y

#78560000
0!
0[

#78565000
1!
b100010111 ;
1[
b100010111 w

#78566000
b101110000111110 y

#78570000
0!
0[

#78575000
1!
b100011000 ;
1[
b100011000 w

#78576000
b101110001000001 y

#78580000
0!
0[

#78585000
1!
b100011001 ;
1[
b100011001 w

#78586000
b101110001000100 y

#78590000
0!
0[

#78595000
1!
b100011010 ;
1[
b100011010 w

#78596000
b101110001000111 y

#78600000
0!
0[

#78605000
1!
b100011011 ;
1[
b100011011 w

#78606000
b101110001001010 y

#78610000
0!
0[

#78615000
1!
b100011100 ;
1[
b100011100 w

#78616000
b101110001001101 y

#78620000
0!
0[

#78625000
1!
b100011101 ;
1[
b100011101 w

#78626000
b101110001010000 y

#78630000
0!
0[

#78635000
1!
b100011110 ;
1[
b100011110 w

#78636000
b101110001010011 y

#78640000
0!
0[

#78645000
1!
b100011111 ;
1[
b100011111 w

#78646000
b101110001010110 y

#78650000
0!
0[

#78655000
1!
b100100000 ;
1[
b100100000 w

#78656000
b101110001011001 y

#78660000
0!
0[

#78665000
1!
b100100001 ;
1[
b100100001 w

#78666000
b101110001011100 y

#78670000
0!
0[

#78675000
1!
b100100010 ;
1[
b100100010 w

#78676000
b101110001011111 y

#78680000
0!
0[

#78685000
1!
b100100011 ;
1[
b100100011 w

#78686000
b101110001100010 y

#78690000
0!
0[

#78695000
1!
b100100100 ;
1[
b100100100 w

#78696000
b101110001100101 y

#78700000
0!
0[

#78705000
1!
b100100101 ;
1[
b100100101 w

#78706000
b101110001101000 y

#78710000
0!
0[

#78715000
1!
b100100110 ;
1[
b100100110 w

#78716000
b101110001101011 y

#78720000
0!
0[

#78725000
1!
b100100111 ;
1[
b100100111 w

#78726000
b101110001101110 y

#78730000
0!
0[

#78735000
1!
b100101000 ;
1[
b100101000 w

#78736000
b101110001110001 y

#78740000
0!
0[

#78745000
1!
b100101001 ;
1[
b100101001 w

#78746000
b101110001110100 y

#78750000
0!
0[

#78755000
1!
b100101010 ;
1[
b100101010 w

#78756000
b101110001110111 y

#78760000
0!
0[

#78765000
1!
b100101011 ;
1[
b100101011 w

#78766000
b101110001111010 y

#78770000
0!
0[

#78775000
1!
b100101100 ;
1[
b100101100 w

#78776000
b101110001111101 y

#78780000
0!
0[

#78785000
1!
b100101101 ;
1[
b100101101 w

#78786000
b101110010000000 y

#78790000
0!
0[

#78795000
1!
b100101110 ;
1[
b100101110 w

#78796000
b101110010000011 y

#78800000
0!
0[

#78805000
1!
b100101111 ;
1[
b100101111 w

#78806000
b101110010000110 y

#78810000
0!
0[

#78815000
1!
b100110000 ;
1[
b100110000 w

#78816000
b101110010001001 y

#78820000
0!
0[

#78825000
1!
b100110001 ;
1[
b100110001 w

#78826000
b101110010001100 y

#78830000
0!
0[

#78835000
1!
b100110010 ;
1[
b100110010 w

#78836000
b101110010001111 y

#78840000
0!
0[

#78845000
1!
b100110011 ;
1[
b100110011 w

#78846000
b101110010010010 y

#78850000
0!
0[

#78855000
1!
b100110100 ;
1[
b100110100 w

#78856000
b101110010010101 y

#78860000
0!
0[

#78865000
1!
b100110101 ;
1[
b100110101 w

#78866000
b101110010011000 y

#78870000
0!
0[

#78875000
1!
b100110110 ;
1[
b100110110 w

#78876000
b101110010011011 y

#78880000
0!
0[

#78885000
1!
b100110111 ;
1[
b100110111 w

#78886000
b101110010011110 y

#78890000
0!
0[

#78895000
1!
b100111000 ;
1[
b100111000 w

#78896000
b101110010100001 y

#78900000
0!
0[

#78905000
1!
b100111001 ;
1[
b100111001 w

#78906000
b101110010100100 y

#78910000
0!
0[

#78915000
1!
b100111010 ;
1[
b100111010 w

#78916000
b101110010100111 y

#78920000
0!
0[

#78925000
1!
b100111011 ;
1[
b100111011 w

#78926000
b101110010101010 y

#78930000
0!
0[

#78935000
1!
b100111100 ;
1[
b100111100 w

#78936000
b101110010101101 y

#78940000
0!
0[

#78945000
1!
b100111101 ;
1[
b100111101 w

#78946000
b101110010110000 y

#78950000
0!
0[

#78955000
1!
b100111110 ;
1[
b100111110 w

#78956000
b101110010110011 y

#78960000
0!
0[

#78965000
1!
b100111111 ;
1[
b100111111 w

#78966000
b101110010110110 y

#78970000
0!
0[

#78975000
1!
b101000000 ;
1[
b101000000 w

#78976000
b101110010111001 y

#78980000
0!
0[

#78985000
1!
b101000001 ;
1[
b101000001 w

#78986000
b101110010111100 y

#78990000
0!
0[

#78995000
1!
b101000010 ;
1[
b101000010 w

#78996000
b101110010111111 y

#79000000
0!
0[

#79005000
1!
b101000011 ;
1[
b101000011 w

#79006000
b101110011000010 y

#79010000
0!
0[

#79015000
1!
b101000100 ;
1[
b101000100 w

#79016000
b101110011000101 y

#79020000
0!
0[

#79025000
1!
b101000101 ;
1[
b101000101 w

#79026000
b101110011001000 y

#79030000
0!
0[

#79035000
1!
b101000110 ;
1[
b101000110 w

#79036000
b101110011001011 y

#79040000
0!
0[

#79045000
1!
b101000111 ;
1[
b101000111 w

#79046000
b101110011001110 y

#79050000
0!
0[

#79055000
1!
b101001000 ;
1[
b101001000 w

#79056000
b101110011010001 y

#79060000
0!
0[

#79065000
1!
b101001001 ;
1[
b101001001 w

#79066000
b101110011010100 y

#79070000
0!
0[

#79075000
1!
b101001010 ;
1[
b101001010 w

#79076000
b101110011010111 y

#79080000
0!
0[

#79085000
1!
b101001011 ;
1[
b101001011 w

#79086000
b101110011011010 y

#79090000
0!
0[

#79095000
1!
b101001100 ;
1[
b101001100 w

#79096000
b101110011011101 y

#79100000
0!
0[

#79105000
1!
b101001101 ;
1[
b101001101 w

#79106000
b101110011100000 y

#79110000
0!
0[

#79115000
1!
b101001110 ;
1[
b101001110 w

#79116000
b101110011100011 y

#79120000
0!
0[

#79125000
1!
b101001111 ;
1[
b101001111 w

#79126000
b101110011100110 y

#79130000
0!
0[

#79135000
1!
b101010000 ;
1[
b101010000 w

#79136000
b101110011101001 y

#79140000
0!
0[

#79145000
1!
b101010001 ;
1[
b101010001 w

#79146000
b101110011101100 y

#79150000
0!
0[

#79155000
1!
b101010010 ;
1[
b101010010 w

#79156000
b101110011101111 y

#79160000
0!
0[

#79165000
1!
b101010011 ;
1[
b101010011 w

#79166000
b101110011110010 y

#79170000
0!
0[

#79175000
1!
b101010100 ;
1[
b101010100 w

#79176000
b101110011110101 y

#79180000
0!
0[

#79185000
1!
b101010101 ;
1[
b101010101 w

#79186000
b101110011111000 y

#79190000
0!
0[

#79195000
1!
b101010110 ;
1[
b101010110 w

#79196000
b101110011111011 y

#79200000
0!
0[

#79205000
1!
b101010111 ;
1[
b101010111 w

#79206000
b101110011111110 y

#79210000
0!
0[

#79215000
1!
b101011000 ;
1[
b101011000 w

#79216000
b101110100000001 y

#79220000
0!
0[

#79225000
1!
b101011001 ;
1[
b101011001 w

#79226000
b101110100000100 y

#79230000
0!
0[

#79235000
1!
b101011010 ;
1[
b101011010 w

#79236000
b101110100000111 y

#79240000
0!
0[

#79245000
1!
b101011011 ;
1[
b101011011 w

#79246000
b101110100001010 y

#79250000
0!
0[

#79255000
1!
b101011100 ;
1[
b101011100 w

#79256000
b101110100001101 y

#79260000
0!
0[

#79265000
1!
b101011101 ;
1[
b101011101 w

#79266000
b101110100010000 y

#79270000
0!
0[

#79275000
1!
b101011110 ;
1[
b101011110 w

#79276000
b101110100010011 y

#79280000
0!
0[

#79285000
1!
b101011111 ;
1[
b101011111 w

#79286000
b101110100010110 y

#79290000
0!
0[

#79295000
1!
b101100000 ;
1[
b101100000 w

#79296000
b101110100011001 y

#79300000
0!
0[

#79305000
1!
b101100001 ;
1[
b101100001 w

#79306000
b101110100011100 y

#79310000
0!
0[

#79315000
1!
b101100010 ;
1[
b101100010 w

#79316000
b101110100011111 y

#79320000
0!
0[

#79325000
1!
b101100011 ;
1[
b101100011 w

#79326000
b101110100100010 y

#79330000
0!
0[

#79335000
1!
b101100100 ;
1[
b101100100 w

#79336000
b101110100100101 y

#79340000
0!
0[

#79345000
1!
b101100101 ;
1[
b101100101 w

#79346000
b101110100101000 y

#79350000
0!
0[

#79355000
1!
b101100110 ;
1[
b101100110 w

#79356000
b101110100101011 y

#79360000
0!
0[

#79365000
1!
b101100111 ;
1[
b101100111 w

#79366000
b101110100101110 y

#79370000
0!
0[

#79375000
1!
b101101000 ;
1[
b101101000 w

#79376000
b101110100110001 y

#79380000
0!
0[

#79385000
1!
b101101001 ;
1[
b101101001 w

#79386000
b101110100110100 y

#79390000
0!
0[

#79395000
1!
b101101010 ;
1[
b101101010 w

#79396000
b101110100110111 y

#79400000
0!
0[

#79405000
1!
b101101011 ;
1[
b101101011 w

#79406000
b101110100111010 y

#79410000
0!
0[

#79415000
1!
b101101100 ;
1[
b101101100 w

#79416000
b101110100111101 y

#79420000
0!
0[

#79425000
1!
b101101101 ;
1[
b101101101 w

#79426000
b101110101000000 y

#79430000
0!
0[

#79435000
1!
b101101110 ;
1[
b101101110 w

#79436000
b101110101000011 y

#79440000
0!
0[

#79445000
1!
b101101111 ;
1[
b101101111 w

#79446000
b101110101000110 y

#79450000
0!
0[

#79455000
1!
b101110000 ;
1[
b101110000 w

#79456000
b101110101001001 y

#79460000
0!
0[

#79465000
1!
b101110001 ;
1[
b101110001 w

#79466000
b101110101001100 y

#79470000
0!
0[

#79475000
1!
b101110010 ;
1[
b101110010 w

#79476000
b101110101001111 y

#79480000
0!
0[

#79485000
1!
b101110011 ;
1[
b101110011 w

#79486000
b101110101010010 y

#79490000
0!
0[

#79495000
1!
b101110100 ;
1[
b101110100 w

#79496000
b101110101010101 y

#79500000
0!
0[

#79505000
1!
b101110101 ;
1[
b101110101 w

#79506000
b101110101011000 y

#79510000
0!
0[

#79515000
1!
b101110110 ;
1[
b101110110 w

#79516000
b101110101011011 y

#79520000
0!
0[

#79525000
1!
b101110111 ;
1[
b101110111 w

#79526000
b101110101011110 y

#79530000
0!
0[

#79535000
1!
b101111000 ;
1[
b101111000 w

#79536000
b101110101100001 y

#79540000
0!
0[

#79545000
1!
b101111001 ;
1[
b101111001 w

#79546000
b101110101100100 y

#79550000
0!
0[

#79555000
1!
b101111010 ;
1[
b101111010 w

#79556000
b101110101100111 y

#79560000
0!
0[

#79565000
1!
b101111011 ;
1[
b101111011 w

#79566000
b101110101101010 y

#79570000
0!
0[

#79575000
1!
b101111100 ;
1[
b101111100 w

#79576000
b101110101101101 y

#79580000
0!
0[

#79585000
1!
b101111101 ;
1[
b101111101 w

#79586000
b101110101110000 y

#79590000
0!
0[

#79595000
1!
b101111110 ;
1[
b101111110 w

#79596000
b101110101110011 y

#79600000
0!
0[

#79605000
1!
b101111111 ;
1[
b101111111 w

#79606000
b101110101110110 y

#79610000
0!
0[

#79615000
1!
b110000000 ;
1[
b110000000 w

#79616000
b101110101111001 y

#79620000
0!
0[

#79625000
1!
b110000001 ;
1[
b110000001 w

#79626000
b101110101111100 y

#79630000
0!
0[

#79635000
1!
b110000010 ;
1[
b110000010 w

#79636000
b101110101111111 y

#79640000
0!
0[

#79645000
1!
b110000011 ;
1[
b110000011 w

#79646000
b101110110000010 y

#79650000
0!
0[

#79655000
1!
b110000100 ;
1[
b110000100 w

#79656000
b101110110000101 y

#79660000
0!
0[

#79665000
1!
b110000101 ;
1[
b110000101 w

#79666000
b101110110001000 y

#79670000
0!
0[

#79675000
1!
b110000110 ;
1[
b110000110 w

#79676000
b101110110001011 y

#79680000
0!
0[

#79685000
1!
b110000111 ;
1[
b110000111 w

#79686000
b101110110001110 y

#79690000
0!
0[

#79695000
1!
b110001000 ;
1[
b110001000 w

#79696000
b101110110010001 y

#79700000
0!
0[

#79705000
1!
b110001001 ;
1[
b110001001 w

#79706000
b101110110010100 y

#79710000
0!
0[

#79715000
1!
b110001010 ;
1[
b110001010 w

#79716000
b101110110010111 y

#79720000
0!
0[

#79725000
1!
b110001011 ;
1[
b110001011 w

#79726000
b101110110011010 y

#79730000
0!
0[

#79735000
1!
b110001100 ;
1[
b110001100 w

#79736000
b101110110011101 y

#79740000
0!
0[

#79745000
1!
b110001101 ;
1[
b110001101 w

#79746000
b101110110100000 y

#79750000
0!
0[

#79755000
1!
b110001110 ;
1[
b110001110 w

#79756000
b101110110100011 y

#79760000
0!
0[

#79765000
1!
b110001111 ;
1[
b110001111 w

#79766000
b101110110100110 y

#79770000
0!
0[

#79775000
1!
b110010000 ;
1[
b110010000 w

#79776000
b101110110101001 y

#79780000
0!
0[

#79785000
1!
b110010001 ;
1[
b110010001 w

#79786000
b101110110101100 y

#79790000
0!
0[

#79795000
1!
b110010010 ;
1[
b110010010 w

#79796000
b101110110101111 y

#79800000
0!
0[

#79805000
1!
b110010011 ;
1[
b110010011 w

#79806000
b101110110110010 y

#79810000
0!
0[

#79815000
1!
b110010100 ;
1[
b110010100 w

#79816000
b101110110110101 y

#79820000
0!
0[

#79825000
1!
b110010101 ;
1[
b110010101 w

#79826000
b101110110111000 y

#79830000
0!
0[

#79835000
1!
b110010110 ;
1[
b110010110 w

#79836000
b101110110111011 y

#79840000
0!
0[

#79845000
1!
b110010111 ;
1[
b110010111 w

#79846000
b101110110111110 y

#79850000
0!
0[

#79855000
1!
b110011000 ;
1[
b110011000 w

#79856000
b101110111000001 y

#79860000
0!
0[

#79865000
1!
b110011001 ;
1[
b110011001 w

#79866000
b101110111000100 y

#79870000
0!
0[

#79875000
1!
b110011010 ;
1[
b110011010 w

#79876000
b101110111000111 y

#79880000
0!
0[

#79885000
1!
b110011011 ;
1[
b110011011 w

#79886000
b101110111001010 y

#79890000
0!
0[

#79895000
1!
b110011100 ;
1[
b110011100 w

#79896000
b101110111001101 y

#79900000
0!
0[

#79905000
1!
b110011101 ;
1[
b110011101 w

#79906000
b101110111010000 y

#79910000
0!
0[

#79915000
1!
b110011110 ;
1[
b110011110 w

#79916000
b101110111010011 y

#79920000
0!
0[

#79925000
1!
b110011111 ;
1[
b110011111 w

#79926000
b101110111010110 y

#79930000
0!
0[

#79935000
1!
b110100000 ;
1[
b110100000 w

#79936000
b101110111011001 y

#79940000
0!
0[

#79945000
1!
b110100001 ;
1[
b110100001 w

#79946000
b101110111011100 y

#79950000
0!
0[

#79955000
1!
b110100010 ;
1[
b110100010 w

#79956000
b101110111011111 y

#79960000
0!
0[

#79965000
1!
b110100011 ;
1[
b110100011 w

#79966000
b101110111100010 y

#79970000
0!
0[

#79975000
1!
b110100100 ;
1[
b110100100 w

#79976000
b101110111100101 y

#79980000
0!
0[

#79985000
1!
b110100101 ;
1[
b110100101 w

#79986000
b101110111101000 y

#79990000
0!
0[

#79995000
1!
b110100110 ;
1[
b110100110 w

#79996000
b101110111101011 y

#80000000
0!
0[

#80005000
1!
b110100111 ;
1[
b110100111 w

#80006000
b101110111101110 y

#80010000
0!
0[

#80015000
1!
b110101000 ;
1[
b110101000 w

#80016000
b101110111110001 y

#80020000
0!
0[

#80025000
1!
b110101001 ;
1[
b110101001 w

#80026000
b101110111110100 y

#80030000
0!
0[

#80035000
1!
b110101010 ;
1[
b110101010 w

#80036000
b101110111110111 y

#80040000
0!
0[

#80045000
1!
b110101011 ;
1[
b110101011 w

#80046000
b101110111111010 y

#80050000
0!
0[

#80055000
1!
b110101100 ;
1[
b110101100 w

#80056000
b101110111111101 y

#80060000
0!
0[

#80065000
1!
b110101101 ;
1[
b110101101 w

#80066000
b101111000000000 y

#80070000
0!
0[

#80075000
1!
b110101110 ;
1[
b110101110 w

#80076000
b101111000000011 y

#80080000
0!
0[

#80085000
1!
b110101111 ;
1[
b110101111 w

#80086000
b101111000000110 y

#80090000
0!
0[

#80095000
1!
b110110000 ;
1[
b110110000 w

#80096000
b101111000001001 y

#80100000
0!
0[

#80105000
1!
b110110001 ;
1[
b110110001 w

#80106000
b101111000001100 y

#80110000
0!
0[

#80115000
1!
b110110010 ;
1[
b110110010 w

#80116000
b101111000001111 y

#80120000
0!
0[

#80125000
1!
b110110011 ;
1[
b110110011 w

#80126000
b101111000010010 y

#80130000
0!
0[

#80135000
1!
b110110100 ;
1[
b110110100 w

#80136000
b101111000010101 y

#80140000
0!
0[

#80145000
1!
b110110101 ;
1[
b110110101 w

#80146000
b101111000011000 y

#80150000
0!
0[

#80155000
1!
b110110110 ;
1[
b110110110 w

#80156000
b101111000011011 y

#80160000
0!
0[

#80165000
1!
b110110111 ;
1[
b110110111 w

#80166000
b101111000011110 y

#80170000
0!
0[

#80175000
1!
b110111000 ;
1[
b110111000 w

#80176000
b101111000100001 y

#80180000
0!
0[

#80185000
1!
b110111001 ;
1[
b110111001 w

#80186000
b101111000100100 y

#80190000
0!
0[

#80195000
1!
b110111010 ;
1[
b110111010 w

#80196000
b101111000100111 y

#80200000
0!
0[

#80205000
1!
b110111011 ;
1[
b110111011 w

#80206000
b101111000101010 y

#80210000
0!
0[

#80215000
1!
b110111100 ;
1[
b110111100 w

#80216000
b101111000101101 y

#80220000
0!
0[

#80225000
1!
b110111101 ;
1[
b110111101 w

#80226000
b101111000110000 y

#80230000
0!
0[

#80235000
1!
b110111110 ;
1[
b110111110 w

#80236000
b101111000110011 y

#80240000
0!
0[

#80245000
1!
b110111111 ;
1[
b110111111 w

#80246000
b101111000110110 y

#80250000
0!
0[

#80255000
1!
b111000000 ;
1[
b111000000 w

#80256000
b101111000111001 y

#80260000
0!
0[

#80265000
1!
b111000001 ;
1[
b111000001 w

#80266000
b101111000111100 y

#80270000
0!
0[

#80275000
1!
b111000010 ;
1[
b111000010 w

#80276000
b101111000111111 y

#80280000
0!
0[

#80285000
1!
b111000011 ;
1[
b111000011 w

#80286000
b101111001000010 y

#80290000
0!
0[

#80295000
1!
b111000100 ;
1[
b111000100 w

#80296000
b101111001000101 y

#80300000
0!
0[

#80305000
1!
b111000101 ;
1[
b111000101 w

#80306000
b101111001001000 y

#80310000
0!
0[

#80315000
1!
b111000110 ;
1[
b111000110 w

#80316000
b101111001001011 y

#80320000
0!
0[

#80325000
1!
b111000111 ;
1[
b111000111 w

#80326000
b101111001001110 y

#80330000
0!
0[

#80335000
1!
b111001000 ;
1[
b111001000 w

#80336000
b101111001010001 y

#80340000
0!
0[

#80345000
1!
b111001001 ;
1[
b111001001 w

#80346000
b101111001010100 y

#80350000
0!
0[

#80355000
1!
b111001010 ;
1[
b111001010 w

#80356000
b101111001010111 y

#80360000
0!
0[

#80365000
1!
b111001011 ;
1[
b111001011 w

#80366000
b101111001011010 y

#80370000
0!
0[

#80375000
1!
b111001100 ;
1[
b111001100 w

#80376000
b101111001011101 y

#80380000
0!
0[

#80385000
1!
b111001101 ;
1[
b111001101 w

#80386000
b101111001100000 y

#80390000
0!
0[

#80395000
1!
b111001110 ;
1[
b111001110 w

#80396000
b101111001100011 y

#80400000
0!
0[

#80405000
1!
b111001111 ;
1[
b111001111 w

#80406000
b101111001100110 y

#80410000
0!
0[

#80415000
1!
b111010000 ;
1[
b111010000 w

#80416000
b101111001101001 y

#80420000
0!
0[

#80425000
1!
b111010001 ;
1[
b111010001 w

#80426000
b101111001101100 y

#80430000
0!
0[

#80435000
1!
b111010010 ;
1[
b111010010 w

#80436000
b101111001101111 y

#80440000
0!
0[

#80445000
1!
b111010011 ;
1[
b111010011 w

#80446000
b101111001110010 y

#80450000
0!
0[

#80455000
1!
b111010100 ;
1[
b111010100 w

#80456000
b101111001110101 y

#80460000
0!
0[

#80465000
1!
b111010101 ;
1[
b111010101 w

#80466000
b101111001111000 y

#80470000
0!
0[

#80475000
1!
b111010110 ;
1[
b111010110 w

#80476000
b101111001111011 y

#80480000
0!
0[

#80485000
1!
b111010111 ;
1[
b111010111 w

#80486000
b101111001111110 y

#80490000
0!
0[

#80495000
1!
b111011000 ;
1[
b111011000 w

#80496000
b101111010000001 y

#80500000
0!
0[

#80505000
1!
b111011001 ;
1[
b111011001 w

#80506000
b101111010000100 y

#80510000
0!
0[

#80515000
1!
b111011010 ;
1[
b111011010 w

#80516000
b101111010000111 y

#80520000
0!
0[

#80525000
1!
b111011011 ;
1[
b111011011 w

#80526000
b101111010001010 y

#80530000
0!
0[

#80535000
1!
b111011100 ;
1[
b111011100 w

#80536000
b101111010001101 y

#80540000
0!
0[

#80545000
1!
b111011101 ;
1[
b111011101 w

#80546000
b101111010010000 y

#80550000
0!
0[

#80555000
1!
b111011110 ;
1[
b111011110 w

#80556000
b101111010010011 y

#80560000
0!
0[

#80565000
1!
b111011111 ;
1[
b111011111 w

#80566000
b101111010010110 y

#80570000
0!
0[

#80575000
1!
b111100000 ;
1[
b111100000 w

#80576000
b101111010011001 y

#80580000
0!
0[

#80585000
1!
b111100001 ;
1[
b111100001 w

#80586000
b101111010011100 y

#80590000
0!
0[

#80595000
1!
b111100010 ;
1[
b111100010 w

#80596000
b101111010011111 y

#80600000
0!
0[

#80605000
1!
b111100011 ;
1[
b111100011 w

#80606000
b101111010100010 y

#80610000
0!
0[

#80615000
1!
b111100100 ;
1[
b111100100 w

#80616000
b101111010100101 y

#80620000
0!
0[

#80625000
1!
b111100101 ;
1[
b111100101 w

#80626000
b101111010101000 y

#80630000
0!
0[

#80635000
1!
b111100110 ;
1[
b111100110 w

#80636000
b101111010101011 y

#80640000
0!
0[

#80645000
1!
b111100111 ;
1[
b111100111 w

#80646000
b101111010101110 y

#80650000
0!
0[

#80655000
1!
b111101000 ;
1[
b111101000 w

#80656000
b101111010110001 y

#80660000
0!
0[

#80665000
1!
b111101001 ;
1[
b111101001 w

#80666000
b101111010110100 y

#80670000
0!
0[

#80675000
1!
b111101010 ;
1[
b111101010 w

#80676000
b101111010110111 y

#80680000
0!
0[

#80685000
1!
b111101011 ;
1[
b111101011 w

#80686000
b101111010111010 y

#80690000
0!
0[

#80695000
1!
b111101100 ;
1[
b111101100 w

#80696000
b101111010111101 y

#80700000
0!
0[

#80705000
1!
b111101101 ;
1[
b111101101 w

#80706000
b101111011000000 y

#80710000
0!
0[

#80715000
1!
b111101110 ;
1[
b111101110 w

#80716000
b101111011000011 y

#80720000
0!
0[

#80725000
1!
b111101111 ;
1[
b111101111 w

#80726000
b101111011000110 y

#80730000
0!
0[

#80735000
1!
b111110000 ;
1[
b111110000 w

#80736000
b101111011001001 y

#80740000
0!
0[

#80745000
1!
b111110001 ;
1[
b111110001 w

#80746000
b101111011001100 y

#80750000
0!
0[

#80755000
1!
b111110010 ;
1[
b111110010 w

#80756000
b101111011001111 y

#80760000
0!
0[

#80765000
1!
b111110011 ;
1[
b111110011 w

#80766000
b101111011010010 y

#80770000
0!
0[

#80775000
1!
b111110100 ;
1[
b111110100 w

#80776000
b101111011010101 y

#80780000
0!
0[

#80785000
1!
b111110101 ;
1[
b111110101 w

#80786000
b101111011011000 y

#80790000
0!
0[

#80795000
1!
b111110110 ;
1[
b111110110 w

#80796000
b101111011011011 y

#80800000
0!
0[

#80805000
1!
b111110111 ;
1[
b111110111 w

#80806000
b101111011011110 y

#80810000
0!
0[

#80815000
1!
b111111000 ;
1[
b111111000 w

#80816000
b101111011100001 y

#80820000
0!
0[

#80825000
1!
b111111001 ;
1[
b111111001 w

#80826000
b101111011100100 y

#80830000
0!
0[

#80835000
1!
b111111010 ;
1[
b111111010 w

#80836000
b101111011100111 y

#80840000
0!
0[

#80845000
1!
b111111011 ;
1[
b111111011 w

#80846000
b101111011101010 y

#80850000
0!
0[

#80855000
1!
b111111100 ;
1[
b111111100 w

#80856000
b101111011101101 y

#80860000
0!
0[

#80865000
1!
b111111101 ;
1[
b111111101 w

#80866000
b101111011110000 y

#80870000
0!
0[

#80875000
1!
b111111110 ;
1[
b111111110 w

#80876000
b101111011110011 y

#80880000
0!
0[

#80885000
1!
b111111111 ;
1[
b111111111 w

#80886000
b101111011110110 y

#80890000
0!
0[

#80895000
1!
b1000000000 ;
1[
b1000000000 w

#80896000
b101111011111001 y

#80900000
0!
0[

#80905000
1!
b1000000001 ;
1[
b1000000001 w

#80906000
b101111011111100 y

#80910000
0!
0[

#80915000
1!
b1000000010 ;
1[
b1000000010 w

#80916000
b101111011111111 y

#80920000
0!
0[

#80925000
1!
b1000000011 ;
1[
b1000000011 w

#80926000
b101111100000010 y

#80930000
0!
0[

#80935000
1!
b1000000100 ;
1[
b1000000100 w

#80936000
b101111100000101 y

#80940000
0!
0[

#80945000
1!
b1000000101 ;
1[
b1000000101 w

#80946000
b101111100001000 y

#80950000
0!
0[

#80955000
1!
b1000000110 ;
1[
b1000000110 w

#80956000
b101111100001011 y

#80960000
0!
0[

#80965000
1!
b1000000111 ;
1[
b1000000111 w

#80966000
b101111100001110 y

#80970000
0!
0[

#80975000
1!
b1000001000 ;
1[
b1000001000 w

#80976000
b101111100010001 y

#80980000
0!
0[

#80985000
1!
b1000001001 ;
1[
b1000001001 w

#80986000
b101111100010100 y

#80990000
0!
0[

#80995000
1!
b1000001010 ;
1[
b1000001010 w

#80996000
b101111100010111 y

#81000000
0!
0[

#81005000
1!
b1000001011 ;
1[
b1000001011 w

#81006000
b101111100011010 y

#81010000
0!
0[

#81015000
1!
b1000001100 ;
1[
b1000001100 w

#81016000
b101111100011101 y

#81020000
0!
0[

#81025000
1!
b1000001101 ;
1[
b1000001101 w

#81026000
b101111100100000 y

#81030000
0!
0[

#81035000
1!
b1000001110 ;
1[
b1000001110 w

#81036000
b101111100100011 y

#81040000
0!
0[

#81045000
1!
b1000001111 ;
1[
b1000001111 w

#81046000
b101111100100110 y

#81050000
0!
0[

#81055000
1!
b1000010000 ;
1[
b1000010000 w

#81056000
b101111100101001 y

#81060000
0!
0[

#81065000
1!
b1000010001 ;
1[
b1000010001 w

#81066000
b101111100101100 y

#81070000
0!
0[

#81075000
1!
b1000010010 ;
1[
b1000010010 w

#81076000
b101111100101111 y

#81080000
0!
0[

#81085000
1!
b1000010011 ;
1[
b1000010011 w

#81086000
b101111100110010 y

#81090000
0!
0[

#81095000
1!
b1000010100 ;
1[
b1000010100 w

#81096000
b101111100110101 y

#81100000
0!
0[

#81105000
1!
b1000010101 ;
1[
b1000010101 w

#81106000
b101111100111000 y

#81110000
0!
0[

#81115000
1!
b1000010110 ;
1[
b1000010110 w

#81116000
b101111100111011 y

#81120000
0!
0[

#81125000
1!
b1000010111 ;
1[
b1000010111 w

#81126000
b101111100111110 y

#81130000
0!
0[

#81135000
1!
b1000011000 ;
1[
b1000011000 w

#81136000
b101111101000001 y

#81140000
0!
0[

#81145000
1!
b1000011001 ;
1[
b1000011001 w

#81146000
b101111101000100 y

#81150000
0!
0[

#81155000
1!
b1000011010 ;
1[
b1000011010 w

#81156000
b101111101000111 y

#81160000
0!
0[

#81165000
1!
b1000011011 ;
1[
b1000011011 w

#81166000
b101111101001010 y

#81170000
0!
0[

#81175000
1!
b1000011100 ;
1[
b1000011100 w

#81176000
b101111101001101 y

#81180000
0!
0[

#81185000
1!
b1000011101 ;
1[
b1000011101 w

#81186000
b101111101010000 y

#81190000
0!
0[

#81195000
1!
b1000011110 ;
1[
b1000011110 w

#81196000
b101111101010011 y

#81200000
0!
0[

#81205000
1!
b1000011111 ;
1[
b1000011111 w

#81206000
b101111101010110 y

#81210000
0!
0[

#81215000
1!
b1000100000 ;
1[
b1000100000 w

#81216000
b101111101011001 y

#81220000
0!
0[

#81225000
1!
b1000100001 ;
1[
b1000100001 w

#81226000
b101111101011100 y

#81230000
0!
0[

#81235000
1!
b1000100010 ;
1[
b1000100010 w

#81236000
b101111101011111 y

#81240000
0!
0[

#81245000
1!
b1000100011 ;
1[
b1000100011 w

#81246000
b101111101100010 y

#81250000
0!
0[

#81255000
1!
b1000100100 ;
1[
b1000100100 w

#81256000
b101111101100101 y

#81260000
0!
0[

#81265000
1!
b1000100101 ;
1[
b1000100101 w

#81266000
b101111101101000 y

#81270000
0!
0[

#81275000
1!
b1000100110 ;
1[
b1000100110 w

#81276000
b101111101101011 y

#81280000
0!
0[

#81285000
1!
b1000100111 ;
1[
b1000100111 w

#81286000
b101111101101110 y

#81290000
0!
0[

#81295000
1!
b1000101000 ;
1[
b1000101000 w

#81296000
b101111101110001 y

#81300000
0!
0[

#81305000
1!
b1000101001 ;
1[
b1000101001 w

#81306000
b101111101110100 y

#81310000
0!
0[

#81315000
1!
b1000101010 ;
1[
b1000101010 w

#81316000
b101111101110111 y

#81320000
0!
0[

#81325000
1!
b1000101011 ;
1[
b1000101011 w

#81326000
b101111101111010 y

#81330000
0!
0[

#81335000
1!
b1000101100 ;
1[
b1000101100 w

#81336000
b101111101111101 y

#81340000
0!
0[

#81345000
1!
b1000101101 ;
1[
b1000101101 w

#81346000
b101111110000000 y

#81350000
0!
0[

#81355000
1!
b1000101110 ;
1[
b1000101110 w

#81356000
b101111110000011 y

#81360000
0!
0[

#81365000
1!
b1000101111 ;
1[
b1000101111 w

#81366000
b101111110000110 y

#81370000
0!
0[

#81375000
1!
b1000110000 ;
1[
b1000110000 w

#81376000
b101111110001001 y

#81380000
0!
0[

#81385000
1!
b1000110001 ;
1[
b1000110001 w

#81386000
b101111110001100 y

#81390000
0!
0[

#81395000
1!
b1000110010 ;
1[
b1000110010 w

#81396000
b101111110001111 y

#81400000
0!
0[

#81405000
1!
b1000110011 ;
1[
b1000110011 w

#81406000
b101111110010010 y

#81410000
0!
0[

#81415000
1!
b1000110100 ;
1[
b1000110100 w

#81416000
b101111110010101 y

#81420000
0!
0[

#81425000
1!
b1000110101 ;
1[
b1000110101 w

#81426000
b101111110011000 y

#81430000
0!
0[

#81435000
1!
b1000110110 ;
1[
b1000110110 w

#81436000
b101111110011011 y

#81440000
0!
0[

#81445000
1!
b1000110111 ;
1[
b1000110111 w

#81446000
b101111110011110 y

#81450000
0!
0[

#81455000
1!
b1000111000 ;
1[
b1000111000 w

#81456000
b101111110100001 y

#81460000
0!
0[

#81465000
1!
b1000111001 ;
1[
b1000111001 w

#81466000
b101111110100100 y

#81470000
0!
0[

#81475000
1!
b1000111010 ;
1[
b1000111010 w

#81476000
b101111110100111 y

#81480000
0!
0[

#81485000
1!
b1000111011 ;
1[
b1000111011 w

#81486000
b101111110101010 y

#81490000
0!
0[

#81495000
1!
b1000111100 ;
1[
b1000111100 w

#81496000
b101111110101101 y

#81500000
0!
0[

#81505000
1!
b1000111101 ;
1[
b1000111101 w

#81506000
b101111110110000 y

#81510000
0!
0[

#81515000
1!
b1000111110 ;
1[
b1000111110 w

#81516000
b101111110110011 y

#81520000
0!
0[

#81525000
1!
b1000111111 ;
1[
b1000111111 w

#81526000
b101111110110110 y

#81530000
0!
0[

#81535000
1!
b1001000000 ;
1[
b1001000000 w

#81536000
b101111110111001 y

#81540000
0!
0[

#81545000
1!
b1001000001 ;
1[
b1001000001 w

#81546000
b101111110111100 y

#81550000
0!
0[

#81555000
1!
b1001000010 ;
1[
b1001000010 w

#81556000
b101111110111111 y

#81560000
0!
0[

#81565000
1!
b1001000011 ;
1[
b1001000011 w

#81566000
b101111111000010 y

#81570000
0!
0[

#81575000
1!
b1001000100 ;
1[
b1001000100 w

#81576000
b101111111000101 y

#81580000
0!
0[

#81585000
1!
b1001000101 ;
1[
b1001000101 w

#81586000
b101111111001000 y

#81590000
0!
0[

#81595000
1!
b1001000110 ;
1[
b1001000110 w

#81596000
b101111111001011 y

#81600000
0!
0[

#81605000
1!
b1001000111 ;
1[
b1001000111 w

#81606000
b101111111001110 y

#81610000
0!
0[

#81615000
1!
b1001001000 ;
1[
b1001001000 w

#81616000
b101111111010001 y

#81620000
0!
0[

#81625000
1!
b1001001001 ;
1[
b1001001001 w

#81626000
b101111111010100 y

#81630000
0!
0[

#81635000
1!
b1001001010 ;
1[
b1001001010 w

#81636000
b101111111010111 y

#81640000
0!
0[

#81645000
1!
b1001001011 ;
1[
b1001001011 w

#81646000
b101111111011010 y

#81650000
0!
0[

#81655000
1!
b1001001100 ;
1[
b1001001100 w

#81656000
b101111111011101 y

#81660000
0!
0[

#81665000
1!
b1001001101 ;
1[
b1001001101 w

#81666000
b101111111100000 y

#81670000
0!
0[

#81675000
1!
b1001001110 ;
1[
b1001001110 w

#81676000
b101111111100011 y

#81680000
0!
0[

#81685000
1!
b1001001111 ;
1[
b1001001111 w

#81686000
b101111111100110 y

#81690000
0!
0[

#81695000
1!
b1001010000 ;
1[
b1001010000 w

#81696000
b101111111101001 y

#81700000
0!
0[

#81705000
1!
b1001010001 ;
1[
b1001010001 w

#81706000
b101111111101100 y

#81710000
0!
0[

#81715000
1!
b1001010010 ;
1[
b1001010010 w

#81716000
b101111111101111 y

#81720000
0!
0[

#81725000
1!
b1001010011 ;
1[
b1001010011 w

#81726000
b101111111110010 y

#81730000
0!
0[

#81735000
1!
b1001010100 ;
1[
b1001010100 w

#81736000
b101111111110101 y

#81740000
0!
0[

#81745000
1!
b1001010101 ;
1[
b1001010101 w

#81746000
b101111111111000 y

#81750000
0!
0[

#81755000
1!
b1001010110 ;
1[
b1001010110 w

#81756000
b101111111111011 y

#81760000
0!
0[

#81765000
1!
b1001010111 ;
1[
b1001010111 w

#81766000
b101111111111110 y

#81770000
0!
0[

#81775000
1!
b1001011000 ;
1[
b1001011000 w

#81776000
b110000000000001 y

#81780000
0!
0[

#81785000
1!
b1001011001 ;
1[
b1001011001 w

#81786000
b110000000000100 y

#81790000
0!
0[

#81795000
1!
b1001011010 ;
1[
b1001011010 w

#81796000
b110000000000111 y

#81800000
0!
0[

#81805000
1!
b1001011011 ;
1[
b1001011011 w

#81806000
b110000000001010 y

#81810000
0!
0[

#81815000
1!
b1001011100 ;
1[
b1001011100 w

#81816000
b110000000001101 y

#81820000
0!
0[

#81825000
1!
b1001011101 ;
1[
b1001011101 w

#81826000
b110000000010000 y

#81830000
0!
0[

#81835000
1!
b1001011110 ;
1[
b1001011110 w

#81836000
b110000000010011 y

#81840000
0!
0[

#81845000
1!
b1001011111 ;
1[
b1001011111 w

#81846000
b110000000010110 y

#81850000
0!
0[

#81855000
1!
b1001100000 ;
1[
b1001100000 w

#81856000
b110000000011001 y

#81860000
0!
0[

#81865000
1!
b1001100001 ;
1[
b1001100001 w

#81866000
b110000000011100 y

#81870000
0!
0[

#81875000
1!
b1001100010 ;
1[
b1001100010 w

#81876000
b110000000011111 y

#81880000
0!
0[

#81885000
1!
b1001100011 ;
1[
b1001100011 w

#81886000
b110000000100010 y

#81890000
0!
0[

#81895000
1!
b1001100100 ;
1[
b1001100100 w

#81896000
b110000000100101 y

#81900000
0!
0[

#81905000
1!
b1001100101 ;
1[
b1001100101 w

#81906000
b110000000101000 y

#81910000
0!
0[

#81915000
1!
b1001100110 ;
1[
b1001100110 w

#81916000
b110000000101011 y

#81920000
0!
0[

#81925000
1!
b1001100111 ;
1[
b1001100111 w

#81926000
b110000000101110 y

#81930000
0!
0[

#81935000
1!
b1001101000 ;
1[
b1001101000 w

#81936000
b110000000110001 y

#81940000
0!
0[

#81945000
1!
b1001101001 ;
1[
b1001101001 w

#81946000
b110000000110100 y

#81950000
0!
0[

#81955000
1!
b1001101010 ;
1[
b1001101010 w

#81956000
b110000000110111 y

#81960000
0!
0[

#81965000
1!
b1001101011 ;
1[
b1001101011 w

#81966000
b110000000111010 y

#81970000
0!
0[

#81975000
1!
b1001101100 ;
1[
b1001101100 w

#81976000
b110000000111101 y

#81980000
0!
0[

#81985000
1!
b1001101101 ;
1[
b1001101101 w

#81986000
b110000001000000 y

#81990000
0!
0[

#81995000
1!
b1001101110 ;
1[
b1001101110 w

#81996000
b110000001000011 y

#82000000
0!
0[

#82005000
1!
b1001101111 ;
1[
b1001101111 w

#82006000
b110000001000110 y

#82010000
0!
0[

#82015000
1!
b1001110000 ;
1[
b1001110000 w

#82016000
b110000001001001 y

#82020000
0!
0[

#82025000
1!
b1001110001 ;
1[
b1001110001 w

#82026000
b110000001001100 y

#82030000
0!
0[

#82035000
1!
b1001110010 ;
1[
b1001110010 w

#82036000
b110000001001111 y

#82040000
0!
0[

#82045000
1!
b1001110011 ;
1[
b1001110011 w

#82046000
b110000001010010 y

#82050000
0!
0[

#82055000
1!
b1001110100 ;
1[
b1001110100 w

#82056000
b110000001010101 y

#82060000
0!
0[

#82065000
1!
b1001110101 ;
1[
b1001110101 w

#82066000
b110000001011000 y

#82070000
0!
0[

#82075000
1!
b1001110110 ;
1[
b1001110110 w

#82076000
b110000001011011 y

#82080000
0!
0[

#82085000
1!
b1001110111 ;
1[
b1001110111 w

#82086000
b110000001011110 y

#82090000
0!
0[

#82095000
1!
b1001111000 ;
1[
b1001111000 w

#82096000
b110000001100001 y

#82100000
0!
0[

#82105000
1!
b1001111001 ;
1[
b1001111001 w

#82106000
b110000001100100 y

#82110000
0!
0[

#82115000
1!
b1001111010 ;
1[
b1001111010 w

#82116000
b110000001100111 y

#82120000
0!
0[

#82125000
1!
b1001111011 ;
1[
b1001111011 w

#82126000
b110000001101010 y

#82130000
0!
0[

#82135000
1!
b1001111100 ;
1[
b1001111100 w

#82136000
b110000001101101 y

#82140000
0!
0[

#82145000
1!
b1001111101 ;
1[
b1001111101 w

#82146000
b110000001110000 y

#82150000
0!
0[

#82155000
1!
b1001111110 ;
1[
b1001111110 w

#82156000
b110000001110011 y

#82160000
0!
0[

#82165000
1!
b1001111111 ;
1[
b1001111111 w

#82166000
b110000001110110 y

#82170000
0!
0[

#82175000
1!
b1010000000 ;
1[
b1010000000 w

#82176000
b110000001111001 y

#82180000
0!
0[

#82185000
1!
b1010000001 ;
1[
b1010000001 w

#82186000
b110000001111100 y

#82190000
0!
0[

#82195000
1!
b1010000010 ;
1[
b1010000010 w

#82196000
b110000001111111 y

#82200000
0!
0[

#82205000
1!
b1010000011 ;
1[
b1010000011 w

#82206000
b110000010000010 y

#82210000
0!
0[

#82215000
1!
b1010000100 ;
1[
b1010000100 w

#82216000
b110000010000101 y

#82220000
0!
0[

#82225000
1!
b1010000101 ;
1[
b1010000101 w

#82226000
b110000010001000 y

#82230000
0!
0[

#82235000
1!
b1010000110 ;
1[
b1010000110 w

#82236000
b110000010001011 y

#82240000
0!
0[

#82245000
1!
b1010000111 ;
1[
b1010000111 w

#82246000
b110000010001110 y

#82250000
0!
0[

#82255000
1!
b1010001000 ;
1[
b1010001000 w

#82256000
b110000010010001 y

#82260000
0!
0[

#82265000
1!
b1010001001 ;
1[
b1010001001 w

#82266000
b110000010010100 y

#82270000
0!
0[

#82275000
1!
b1010001010 ;
1[
b1010001010 w

#82276000
b110000010010111 y

#82280000
0!
0[

#82285000
1!
b1010001011 ;
1[
b1010001011 w

#82286000
b110000010011010 y

#82290000
0!
0[

#82295000
1!
b1010001100 ;
1[
b1010001100 w

#82296000
b110000010011101 y

#82300000
0!
0[

#82305000
1!
b1010001101 ;
1[
b1010001101 w

#82306000
b110000010100000 y

#82310000
0!
0[

#82315000
1!
b1010001110 ;
1[
b1010001110 w

#82316000
b110000010100011 y

#82320000
0!
0[

#82325000
1!
b1010001111 ;
1[
b1010001111 w

#82326000
b110000010100110 y

#82330000
0!
0[

#82335000
1!
b1010010000 ;
1[
b1010010000 w

#82336000
b110000010101001 y

#82340000
0!
0[

#82345000
1!
b1010010001 ;
1[
b1010010001 w

#82346000
b110000010101100 y

#82350000
0!
0[

#82355000
1!
b1010010010 ;
1[
b1010010010 w

#82356000
b110000010101111 y

#82360000
0!
0[

#82365000
1!
b1010010011 ;
1[
b1010010011 w

#82366000
b110000010110010 y

#82370000
0!
0[

#82375000
1!
b1010010100 ;
1[
b1010010100 w

#82376000
b110000010110101 y

#82380000
0!
0[

#82385000
1!
b1010010101 ;
1[
b1010010101 w

#82386000
b110000010111000 y

#82390000
0!
0[

#82395000
1!
b1010010110 ;
1[
b1010010110 w

#82396000
b110000010111011 y

#82400000
0!
0[

#82405000
1!
b1010010111 ;
1[
b1010010111 w

#82406000
b110000010111110 y

#82410000
0!
0[

#82415000
1!
b1010011000 ;
1[
b1010011000 w

#82416000
b110000011000001 y

#82420000
0!
0[

#82425000
1!
b1010011001 ;
1[
b1010011001 w

#82426000
b110000011000100 y

#82430000
0!
0[

#82435000
1!
b1010011010 ;
1[
b1010011010 w

#82436000
b110000011000111 y

#82440000
0!
0[

#82445000
1!
b1010011011 ;
1[
b1010011011 w

#82446000
b110000011001010 y

#82450000
0!
0[

#82455000
1!
b1010011100 ;
1[
b1010011100 w

#82456000
b110000011001101 y

#82460000
0!
0[

#82465000
1!
b1010011101 ;
1[
b1010011101 w

#82466000
b110000011010000 y

#82470000
0!
0[

#82475000
1!
b1010011110 ;
1[
b1010011110 w

#82476000
b110000011010011 y

#82480000
0!
0[

#82485000
1!
b1010011111 ;
1[
b1010011111 w

#82486000
b110000011010110 y

#82490000
0!
0[

#82495000
1!
b1010100000 ;
1[
b1010100000 w

#82496000
b110000011011001 y

#82500000
0!
0[

#82505000
1!
b1010100001 ;
1[
b1010100001 w

#82506000
b110000011011100 y

#82510000
0!
0[

#82515000
1!
b1010100010 ;
1[
b1010100010 w

#82516000
b110000011011111 y

#82520000
0!
0[

#82525000
1!
b1010100011 ;
1[
b1010100011 w

#82526000
b110000011100010 y

#82530000
0!
0[

#82535000
1!
b1010100100 ;
1[
b1010100100 w

#82536000
b110000011100101 y

#82540000
0!
0[

#82545000
1!
b1010100101 ;
1[
b1010100101 w

#82546000
b110000011101000 y

#82550000
0!
0[

#82555000
1!
b1010100110 ;
1[
b1010100110 w

#82556000
b110000011101011 y

#82560000
0!
0[

#82565000
1!
b1010100111 ;
1[
b1010100111 w

#82566000
b110000011101110 y

#82570000
0!
0[

#82575000
1!
b1010101000 ;
1[
b1010101000 w

#82576000
b110000011110001 y

#82580000
0!
0[

#82585000
1!
b1010101001 ;
1[
b1010101001 w

#82586000
b110000011110100 y

#82590000
0!
0[

#82595000
1!
b1010101010 ;
1[
b1010101010 w

#82596000
b110000011110111 y

#82600000
0!
0[

#82605000
1!
b1010101011 ;
1[
b1010101011 w

#82606000
b110000011111010 y

#82610000
0!
0[

#82615000
1!
b1010101100 ;
1[
b1010101100 w

#82616000
b110000011111101 y

#82620000
0!
0[

#82625000
1!
b1010101101 ;
1[
b1010101101 w

#82626000
b110000100000000 y

#82630000
0!
0[

#82635000
1!
b1010101110 ;
1[
b1010101110 w

#82636000
b110000100000011 y

#82640000
0!
0[

#82645000
1!
b1010101111 ;
1[
b1010101111 w

#82646000
b110000100000110 y

#82650000
0!
0[

#82655000
1!
b1010110000 ;
1[
b1010110000 w

#82656000
b110000100001001 y

#82660000
0!
0[

#82665000
1!
b1010110001 ;
1[
b1010110001 w

#82666000
b110000100001100 y

#82670000
0!
0[

#82675000
1!
b1010110010 ;
1[
b1010110010 w

#82676000
b110000100001111 y

#82680000
0!
0[

#82685000
1!
b1010110011 ;
1[
b1010110011 w

#82686000
b110000100010010 y

#82690000
0!
0[

#82695000
1!
b1010110100 ;
1[
b1010110100 w

#82696000
b110000100010101 y

#82700000
0!
0[

#82705000
1!
b1010110101 ;
1[
b1010110101 w

#82706000
b110000100011000 y

#82710000
0!
0[

#82715000
1!
b1010110110 ;
1[
b1010110110 w

#82716000
b110000100011011 y

#82720000
0!
0[

#82725000
1!
b1010110111 ;
1[
b1010110111 w

#82726000
b110000100011110 y

#82730000
0!
0[

#82735000
1!
b1010111000 ;
1[
b1010111000 w

#82736000
b110000100100001 y

#82740000
0!
0[

#82745000
1!
b1010111001 ;
1[
b1010111001 w

#82746000
b110000100100100 y

#82750000
0!
0[

#82755000
1!
b1010111010 ;
1[
b1010111010 w

#82756000
b110000100100111 y

#82760000
0!
0[

#82765000
1!
b1010111011 ;
1[
b1010111011 w

#82766000
b110000100101010 y

#82770000
0!
0[

#82775000
1!
b1010111100 ;
1[
b1010111100 w

#82776000
b110000100101101 y

#82780000
0!
0[

#82785000
1!
b1010111101 ;
1[
b1010111101 w

#82786000
b110000100110000 y

#82790000
0!
0[

#82795000
1!
b1010111110 ;
1[
b1010111110 w

#82796000
b110000100110011 y

#82800000
0!
0[

#82805000
1!
b1010111111 ;
1[
b1010111111 w

#82806000
b110000100110110 y

#82810000
0!
0[

#82815000
1!
b1011000000 ;
1[
b1011000000 w

#82816000
b110000100111001 y

#82820000
0!
0[

#82825000
1!
b1011000001 ;
1[
b1011000001 w

#82826000
b110000100111100 y

#82830000
0!
0[

#82835000
1!
b1011000010 ;
1[
b1011000010 w

#82836000
b110000100111111 y

#82840000
0!
0[

#82845000
1!
b1011000011 ;
1[
b1011000011 w

#82846000
b110000101000010 y

#82850000
0!
0[

#82855000
1!
b1011000100 ;
1[
b1011000100 w

#82856000
b110000101000101 y

#82860000
0!
0[

#82865000
1!
b1011000101 ;
1[
b1011000101 w

#82866000
b110000101001000 y

#82870000
0!
0[

#82875000
1!
b1011000110 ;
1[
b1011000110 w

#82876000
b110000101001011 y

#82880000
0!
0[

#82885000
1!
b1011000111 ;
1[
b1011000111 w

#82886000
b110000101001110 y

#82890000
0!
0[

#82895000
1!
b1011001000 ;
1[
b1011001000 w

#82896000
b110000101010001 y

#82900000
0!
0[

#82905000
1!
b1011001001 ;
1[
b1011001001 w

#82906000
b110000101010100 y

#82910000
0!
0[

#82915000
1!
b1011001010 ;
1[
b1011001010 w

#82916000
b110000101010111 y

#82920000
0!
0[

#82925000
1!
b1011001011 ;
1[
b1011001011 w

#82926000
b110000101011010 y

#82930000
0!
0[

#82935000
1!
b1011001100 ;
1[
b1011001100 w

#82936000
b110000101011101 y

#82940000
0!
0[

#82945000
1!
b1011001101 ;
1[
b1011001101 w

#82946000
b110000101100000 y

#82950000
0!
0[

#82955000
1!
b1011001110 ;
1[
b1011001110 w

#82956000
b110000101100011 y

#82960000
0!
0[

#82965000
1!
b1011001111 ;
1[
b1011001111 w

#82966000
b110000101100110 y

#82970000
0!
0[

#82975000
1!
b1011010000 ;
1[
b1011010000 w

#82976000
b110000101101001 y

#82980000
0!
0[

#82985000
1!
b1011010001 ;
1[
b1011010001 w

#82986000
b110000101101100 y

#82990000
0!
0[

#82995000
1!
b1011010010 ;
1[
b1011010010 w

#82996000
b110000101101111 y

#83000000
0!
0[

#83005000
1!
b1011010011 ;
1[
b1011010011 w

#83006000
b110000101110010 y

#83010000
0!
0[

#83015000
1!
b1011010100 ;
1[
b1011010100 w

#83016000
b110000101110101 y

#83020000
0!
0[

#83025000
1!
b1011010101 ;
1[
b1011010101 w

#83026000
b110000101111000 y

#83030000
0!
0[

#83035000
1!
b1011010110 ;
1[
b1011010110 w

#83036000
b110000101111011 y

#83040000
0!
0[

#83045000
1!
b1011010111 ;
1[
b1011010111 w

#83046000
b110000101111110 y

#83050000
0!
0[

#83055000
1!
b1011011000 ;
1[
b1011011000 w

#83056000
b110000110000001 y

#83060000
0!
0[

#83065000
1!
b1011011001 ;
1[
b1011011001 w

#83066000
b110000110000100 y

#83070000
0!
0[

#83075000
1!
b1011011010 ;
1[
b1011011010 w

#83076000
b110000110000111 y

#83080000
0!
0[

#83085000
1!
b1011011011 ;
1[
b1011011011 w

#83086000
b110000110001010 y

#83090000
0!
0[

#83095000
1!
b1011011100 ;
1[
b1011011100 w

#83096000
b110000110001101 y

#83100000
0!
0[

#83105000
1!
b1011011101 ;
1[
b1011011101 w

#83106000
b110000110010000 y

#83110000
0!
0[

#83115000
1!
b1011011110 ;
1[
b1011011110 w

#83116000
b110000110010011 y

#83120000
0!
0[

#83125000
1!
b1011011111 ;
1[
b1011011111 w

#83126000
b110000110010110 y

#83130000
0!
0[

#83135000
1!
b1011100000 ;
1[
b1011100000 w

#83136000
b110000110011001 y

#83140000
0!
0[

#83145000
1!
b1011100001 ;
1[
b1011100001 w

#83146000
b110000110011100 y

#83150000
0!
0[

#83155000
1!
b1011100010 ;
1[
b1011100010 w

#83156000
b110000110011111 y

#83160000
0!
0[

#83165000
1!
b1011100011 ;
1[
b1011100011 w

#83166000
b110000110100010 y

#83170000
0!
0[

#83175000
1!
b1011100100 ;
1[
b1011100100 w

#83176000
b110000110100101 y

#83180000
0!
0[

#83185000
1!
b1011100101 ;
1[
b1011100101 w

#83186000
b110000110101000 y

#83190000
0!
0[

#83195000
1!
b1011100110 ;
1[
b1011100110 w

#83196000
b110000110101011 y

#83200000
0!
0[

#83205000
1!
b1011100111 ;
1[
b1011100111 w

#83206000
b110000110101110 y

#83210000
0!
0[

#83215000
1!
b1011101000 ;
1[
b1011101000 w

#83216000
b110000110110001 y

#83220000
0!
0[

#83225000
1!
b1011101001 ;
1[
b1011101001 w

#83226000
b110000110110100 y

#83230000
0!
0[

#83235000
1!
b1011101010 ;
1[
b1011101010 w

#83236000
b110000110110111 y

#83240000
0!
0[

#83245000
1!
b1011101011 ;
1[
b1011101011 w

#83246000
b110000110111010 y

#83250000
0!
0[

#83255000
1!
b1011101100 ;
1[
b1011101100 w

#83256000
b110000110111101 y

#83260000
0!
0[

#83265000
1!
b1011101101 ;
1[
b1011101101 w

#83266000
b110000111000000 y

#83270000
0!
0[

#83275000
1!
b1011101110 ;
1[
b1011101110 w

#83276000
b110000111000011 y

#83280000
0!
0[

#83285000
1!
b1011101111 ;
1[
b1011101111 w

#83286000
b110000111000110 y

#83290000
0!
0[

#83295000
1!
b1011110000 ;
1[
b1011110000 w

#83296000
b110000111001001 y

#83300000
0!
0[

#83305000
1!
b1011110001 ;
1[
b1011110001 w

#83306000
b110000111001100 y

#83310000
0!
0[

#83315000
1!
b1011110010 ;
1[
b1011110010 w

#83316000
b110000111001111 y

#83320000
0!
0[

#83325000
1!
b1011110011 ;
1[
b1011110011 w

#83326000
b110000111010010 y

#83330000
0!
0[

#83335000
1!
b1011110100 ;
1[
b1011110100 w

#83336000
b110000111010101 y

#83340000
0!
0[

#83345000
1!
b1011110101 ;
1[
b1011110101 w

#83346000
b110000111011000 y

#83350000
0!
0[

#83355000
1!
b1011110110 ;
1[
b1011110110 w

#83356000
b110000111011011 y

#83360000
0!
0[

#83365000
1!
b1011110111 ;
1[
b1011110111 w

#83366000
b110000111011110 y

#83370000
0!
0[

#83375000
1!
b1011111000 ;
1[
b1011111000 w

#83376000
b110000111100001 y

#83380000
0!
0[

#83385000
1!
b1011111001 ;
1[
b1011111001 w

#83386000
b110000111100100 y

#83390000
0!
0[

#83395000
1!
b1011111010 ;
1[
b1011111010 w

#83396000
b110000111100111 y

#83400000
0!
0[

#83405000
1!
b1011111011 ;
1[
b1011111011 w

#83406000
b110000111101010 y

#83410000
0!
0[

#83415000
1!
b1011111100 ;
1[
b1011111100 w

#83416000
b110000111101101 y

#83420000
0!
0[

#83425000
1!
b1011111101 ;
1[
b1011111101 w

#83426000
b110000111110000 y

#83430000
0!
0[

#83435000
1!
b1011111110 ;
1[
b1011111110 w

#83436000
b110000111110011 y

#83440000
0!
0[

#83445000
1!
b1011111111 ;
1[
b1011111111 w

#83446000
b110000111110110 y

#83450000
0!
0[

#83455000
1!
b1100000000 ;
1[
b1100000000 w

#83456000
b110000111111001 y

#83460000
0!
0[

#83465000
1!
b1100000001 ;
1[
b1100000001 w

#83466000
b110000111111100 y

#83470000
0!
0[

#83475000
1!
b1100000010 ;
1[
b1100000010 w

#83476000
b110000111111111 y

#83480000
0!
0[

#83485000
1!
b1100000011 ;
1[
b1100000011 w

#83486000
b110001000000010 y

#83490000
0!
0[

#83495000
1!
b1100000100 ;
1[
b1100000100 w

#83496000
b110001000000101 y

#83500000
0!
0[

#83505000
1!
b1100000101 ;
1[
b1100000101 w

#83506000
b110001000001000 y

#83510000
0!
0[

#83515000
1!
b1100000110 ;
1[
b1100000110 w

#83516000
b110001000001011 y

#83520000
0!
0[

#83525000
1!
b1100000111 ;
1[
b1100000111 w

#83526000
b110001000001110 y

#83530000
0!
0[

#83535000
1!
b1100001000 ;
1[
b1100001000 w

#83536000
b110001000010001 y

#83540000
0!
0[

#83545000
1!
b1100001001 ;
1[
b1100001001 w

#83546000
b110001000010100 y

#83550000
0!
0[

#83555000
1!
b1100001010 ;
1[
b1100001010 w

#83556000
b110001000010111 y

#83560000
0!
0[

#83565000
1!
b1100001011 ;
1[
b1100001011 w

#83566000
b110001000011010 y

#83570000
0!
0[

#83575000
1!
b1100001100 ;
1[
b1100001100 w

#83576000
b110001000011101 y

#83580000
0!
0[

#83585000
1!
b1100001101 ;
1[
b1100001101 w

#83586000
b110001000100000 y

#83590000
0!
0[

#83595000
1!
b1100001110 ;
1[
b1100001110 w

#83596000
b110001000100011 y

#83600000
0!
0[

#83605000
1!
b1100001111 ;
1[
b1100001111 w

#83606000
b110001000100110 y

#83610000
0!
0[

#83615000
1!
b1100010000 ;
1[
b1100010000 w

#83616000
b110001000101001 y

#83620000
0!
0[

#83625000
1!
b1100010001 ;
1[
b1100010001 w

#83626000
b110001000101100 y

#83630000
0!
0[

#83635000
1!
b1100010010 ;
1[
b1100010010 w

#83636000
b110001000101111 y

#83640000
0!
0[

#83645000
1!
b1100010011 ;
1[
b1100010011 w

#83646000
b110001000110010 y

#83650000
0!
0[

#83655000
1!
b1100010100 ;
1[
b1100010100 w

#83656000
b110001000110101 y

#83660000
0!
0[

#83665000
1!
b1100010101 ;
1[
b1100010101 w

#83666000
b110001000111000 y

#83670000
0!
0[

#83675000
1!
b1100010110 ;
1[
b1100010110 w

#83676000
b110001000111011 y

#83680000
0!
0[

#83685000
1!
b1100010111 ;
1[
b1100010111 w

#83686000
b110001000111110 y

#83690000
0!
0[

#83695000
1!
b1100011000 ;
1[
b1100011000 w

#83696000
b110001001000001 y

#83700000
0!
0[

#83705000
1!
b1100011001 ;
1[
b1100011001 w

#83706000
b110001001000100 y

#83710000
0!
0[

#83715000
1!
b1100011010 ;
1[
b1100011010 w

#83716000
b110001001000111 y

#83720000
0!
0[

#83725000
1!
b1100011011 ;
1[
b1100011011 w

#83726000
b110001001001010 y

#83730000
0!
0[

#83735000
1!
b1100011100 ;
1[
b1100011100 w

#83736000
b110001001001101 y

#83740000
0!
0[

#83745000
1!
b1100011101 ;
1[
b1100011101 w

#83746000
b110001001010000 y

#83750000
0!
0[

#83755000
1!
b1100011110 ;
1[
b1100011110 w

#83756000
b110001001010011 y

#83760000
0!
0[

#83765000
1!
b1100011111 ;
1[
b1100011111 w

#83766000
b110001001010110 y

#83770000
0!
0[

#83775000
1!
b1100100000 ;
1[
b1100100000 w

#83776000
b110001001011001 y

#83780000
0!
0[

#83785000
1!
b1100100001 ;
1[
b1100100001 w

#83786000
b110001001011100 y

#83790000
0!
0[

#83795000
1!
b1100100010 ;
1[
b1100100010 w

#83796000
b110001001011111 y

#83800000
0!
0[

#83805000
1!
b1100100011 ;
1[
b1100100011 w

#83806000
b110001001100010 y

#83810000
0!
0[

#83815000
1!
b1100100100 ;
1[
b1100100100 w

#83816000
b110001001100101 y

#83820000
0!
0[

#83825000
1!
b1100100101 ;
1[
b1100100101 w

#83826000
b110001001101000 y

#83830000
0!
0[

#83835000
1!
b1100100110 ;
1[
b1100100110 w

#83836000
b110001001101011 y

#83840000
0!
0[

#83845000
1!
b1100100111 ;
1[
b1100100111 w

#83846000
b110001001101110 y

#83850000
0!
0[

#83855000
1!
b1100101000 ;
1[
b1100101000 w

#83856000
b110001001110001 y

#83860000
0!
0[

#83865000
1!
b1100101001 ;
1[
b1100101001 w

#83866000
b110001001110100 y

#83870000
0!
0[

#83875000
1!
b1100101010 ;
1[
b1100101010 w

#83876000
b110001001110111 y

#83880000
0!
0[

#83885000
1!
b1100101011 ;
1[
b1100101011 w

#83886000
b110001001111010 y

#83890000
0!
0[

#83895000
1!
b1100101100 ;
1[
b1100101100 w

#83896000
b110001001111101 y

#83900000
0!
0[

#83905000
1!
b1100101101 ;
1[
b1100101101 w

#83906000
b110001010000000 y

#83910000
0!
0[

#83915000
1!
b1100101110 ;
1[
b1100101110 w

#83916000
b110001010000011 y

#83920000
0!
0[

#83925000
1!
b1100101111 ;
1[
b1100101111 w

#83926000
b110001010000110 y

#83930000
0!
0[

#83935000
1!
b1100110000 ;
1[
b1100110000 w

#83936000
b110001010001001 y

#83940000
0!
0[

#83945000
1!
b1100110001 ;
1[
b1100110001 w

#83946000
b110001010001100 y

#83950000
0!
0[

#83955000
1!
b1100110010 ;
1[
b1100110010 w

#83956000
b110001010001111 y

#83960000
0!
0[

#83965000
1!
b1100110011 ;
1[
b1100110011 w

#83966000
b110001010010010 y

#83970000
0!
0[

#83975000
1!
b1100110100 ;
1[
b1100110100 w

#83976000
b110001010010101 y

#83980000
0!
0[

#83985000
1!
b1100110101 ;
1[
b1100110101 w

#83986000
b110001010011000 y

#83990000
0!
0[

#83995000
1!
b1100110110 ;
1[
b1100110110 w

#83996000
b110001010011011 y

#84000000
0!
0[

#84005000
1!
b1100110111 ;
1[
b1100110111 w

#84006000
b110001010011110 y

#84010000
0!
0[

#84015000
1!
b1100111000 ;
1[
b1100111000 w

#84016000
b110001010100001 y

#84020000
0!
0[

#84025000
1!
b1100111001 ;
1[
b1100111001 w

#84026000
b110001010100100 y

#84030000
0!
0[

#84035000
1!
b1100111010 ;
1[
b1100111010 w

#84036000
b110001010100111 y

#84040000
0!
0[

#84045000
1!
b1100111011 ;
1[
b1100111011 w

#84046000
b110001010101010 y

#84050000
0!
0[

#84055000
1!
b1100111100 ;
1[
b1100111100 w

#84056000
b110001010101101 y

#84060000
0!
0[

#84065000
1!
b1100111101 ;
1[
b1100111101 w

#84066000
b110001010110000 y

#84070000
0!
0[

#84075000
1!
b1100111110 ;
1[
b1100111110 w

#84076000
b110001010110011 y

#84080000
0!
0[

#84085000
1!
b1100111111 ;
1[
b1100111111 w

#84086000
b110001010110110 y

#84090000
0!
0[

#84095000
1!
b1101000000 ;
1[
b1101000000 w

#84096000
b110001010111001 y

#84100000
0!
0[

#84105000
1!
b1101000001 ;
1[
b1101000001 w

#84106000
b110001010111100 y

#84110000
0!
0[

#84115000
1!
b1101000010 ;
1[
b1101000010 w

#84116000
b110001010111111 y

#84120000
0!
0[

#84125000
1!
b1101000011 ;
1[
b1101000011 w

#84126000
b110001011000010 y

#84130000
0!
0[

#84135000
1!
b1101000100 ;
1[
b1101000100 w

#84136000
b110001011000101 y

#84140000
0!
0[

#84145000
1!
b1101000101 ;
1[
b1101000101 w

#84146000
b110001011001000 y

#84150000
0!
0[

#84155000
1!
b1101000110 ;
1[
b1101000110 w

#84156000
b110001011001011 y

#84160000
0!
0[

#84165000
1!
b1101000111 ;
1[
b1101000111 w

#84166000
b110001011001110 y

#84170000
0!
0[

#84175000
1!
b1101001000 ;
1[
b1101001000 w

#84176000
b110001011010001 y

#84180000
0!
0[

#84185000
1!
b1101001001 ;
1[
b1101001001 w

#84186000
b110001011010100 y

#84190000
0!
0[

#84195000
1!
b1101001010 ;
1[
b1101001010 w

#84196000
b110001011010111 y

#84200000
0!
0[

#84205000
1!
b1101001011 ;
1[
b1101001011 w

#84206000
b110001011011010 y

#84210000
0!
0[

#84215000
1!
b1101001100 ;
1[
b1101001100 w

#84216000
b110001011011101 y

#84220000
0!
0[

#84225000
1!
b1101001101 ;
1[
b1101001101 w

#84226000
b110001011100000 y

#84230000
0!
0[

#84235000
1!
b1101001110 ;
1[
b1101001110 w

#84236000
b110001011100011 y

#84240000
0!
0[

#84245000
1!
b1101001111 ;
1[
b1101001111 w

#84246000
b110001011100110 y

#84250000
0!
0[

#84255000
1!
b1101010000 ;
1[
b1101010000 w

#84256000
b110001011101001 y

#84260000
0!
0[

#84265000
1!
b1101010001 ;
1[
b1101010001 w

#84266000
b110001011101100 y

#84270000
0!
0[

#84275000
1!
b1101010010 ;
1[
b1101010010 w

#84276000
b110001011101111 y

#84280000
0!
0[

#84285000
1!
b1101010011 ;
1[
b1101010011 w

#84286000
b110001011110010 y

#84290000
0!
0[

#84295000
1!
b1101010100 ;
1[
b1101010100 w

#84296000
b110001011110101 y

#84300000
0!
0[

#84305000
1!
b1101010101 ;
1[
b1101010101 w

#84306000
b110001011111000 y

#84310000
0!
0[

#84315000
1!
b1101010110 ;
1[
b1101010110 w

#84316000
b110001011111011 y

#84320000
0!
0[

#84325000
1!
b1101010111 ;
1[
b1101010111 w

#84326000
b110001011111110 y

#84330000
0!
0[

#84335000
1!
b1101011000 ;
1[
b1101011000 w

#84336000
b110001100000001 y

#84340000
0!
0[

#84345000
1!
b1101011001 ;
1[
b1101011001 w

#84346000
b110001100000100 y

#84350000
0!
0[

#84355000
1!
b1101011010 ;
1[
b1101011010 w

#84356000
b110001100000111 y

#84360000
0!
0[

#84365000
1!
b1101011011 ;
1[
b1101011011 w

#84366000
b110001100001010 y

#84370000
0!
0[

#84375000
1!
b1101011100 ;
1[
b1101011100 w

#84376000
b110001100001101 y

#84380000
0!
0[

#84385000
1!
b1101011101 ;
1[
b1101011101 w

#84386000
b110001100010000 y

#84390000
0!
0[

#84395000
1!
b1101011110 ;
1[
b1101011110 w

#84396000
b110001100010011 y

#84400000
0!
0[

#84405000
1!
b1101011111 ;
1[
b1101011111 w

#84406000
b110001100010110 y

#84410000
0!
0[

#84415000
1!
b1101100000 ;
1[
b1101100000 w

#84416000
b110001100011001 y

#84420000
0!
0[

#84425000
1!
b1101100001 ;
1[
b1101100001 w

#84426000
b110001100011100 y

#84430000
0!
0[

#84435000
1!
b1101100010 ;
1[
b1101100010 w

#84436000
b110001100011111 y

#84440000
0!
0[

#84445000
1!
b1101100011 ;
1[
b1101100011 w

#84446000
b110001100100010 y

#84450000
0!
0[

#84455000
1!
b1101100100 ;
1[
b1101100100 w

#84456000
b110001100100101 y

#84460000
0!
0[

#84465000
1!
b1101100101 ;
1[
b1101100101 w

#84466000
b110001100101000 y

#84470000
0!
0[

#84475000
1!
b1101100110 ;
1[
b1101100110 w

#84476000
b110001100101011 y

#84480000
0!
0[

#84485000
1!
b1101100111 ;
1[
b1101100111 w

#84486000
b110001100101110 y

#84490000
0!
0[

#84495000
1!
b1101101000 ;
1[
b1101101000 w

#84496000
b110001100110001 y

#84500000
0!
0[

#84505000
1!
b1101101001 ;
1[
b1101101001 w

#84506000
b110001100110100 y

#84510000
0!
0[

#84515000
1!
b1101101010 ;
1[
b1101101010 w

#84516000
b110001100110111 y

#84520000
0!
0[

#84525000
1!
b1101101011 ;
1[
b1101101011 w

#84526000
b110001100111010 y

#84530000
0!
0[

#84535000
1!
b1101101100 ;
1[
b1101101100 w

#84536000
b110001100111101 y

#84540000
0!
0[

#84545000
1!
b1101101101 ;
1[
b1101101101 w

#84546000
b110001101000000 y

#84550000
0!
0[

#84555000
1!
b1101101110 ;
1[
b1101101110 w

#84556000
b110001101000011 y

#84560000
0!
0[

#84565000
1!
b1101101111 ;
1[
b1101101111 w

#84566000
b110001101000110 y

#84570000
0!
0[

#84575000
1!
b1101110000 ;
1[
b1101110000 w

#84576000
b110001101001001 y

#84580000
0!
0[

#84585000
1!
b1101110001 ;
1[
b1101110001 w

#84586000
b110001101001100 y

#84590000
0!
0[

#84595000
1!
b1101110010 ;
1[
b1101110010 w

#84596000
b110001101001111 y

#84600000
0!
0[

#84605000
1!
b1101110011 ;
1[
b1101110011 w

#84606000
b110001101010010 y

#84610000
0!
0[

#84615000
1!
b1101110100 ;
1[
b1101110100 w

#84616000
b110001101010101 y

#84620000
0!
0[

#84625000
1!
b1101110101 ;
1[
b1101110101 w

#84626000
b110001101011000 y

#84630000
0!
0[

#84635000
1!
b1101110110 ;
1[
b1101110110 w

#84636000
b110001101011011 y

#84640000
0!
0[

#84645000
1!
b1101110111 ;
1[
b1101110111 w

#84646000
b110001101011110 y

#84650000
0!
0[

#84655000
1!
b1101111000 ;
1[
b1101111000 w

#84656000
b110001101100001 y

#84660000
0!
0[

#84665000
1!
b1101111001 ;
1[
b1101111001 w

#84666000
b110001101100100 y

#84670000
0!
0[

#84675000
1!
b1101111010 ;
1[
b1101111010 w

#84676000
b110001101100111 y

#84680000
0!
0[

#84685000
1!
b1101111011 ;
1[
b1101111011 w

#84686000
b110001101101010 y

#84690000
0!
0[

#84695000
1!
b1101111100 ;
1[
b1101111100 w

#84696000
b110001101101101 y

#84700000
0!
0[

#84705000
1!
b1101111101 ;
1[
b1101111101 w

#84706000
b110001101110000 y

#84710000
0!
0[

#84715000
1!
b1101111110 ;
1[
b1101111110 w

#84716000
b110001101110011 y

#84720000
0!
0[

#84725000
1!
b1101111111 ;
1[
b1101111111 w

#84726000
b110001101110110 y

#84730000
0!
0[

#84735000
1!
b1110000000 ;
1[
b1110000000 w

#84736000
b110001101111001 y

#84740000
0!
0[

#84745000
1!
b1110000001 ;
1[
b1110000001 w

#84746000
b110001101111100 y

#84750000
0!
0[

#84755000
1!
b1110000010 ;
1[
b1110000010 w

#84756000
b110001101111111 y

#84760000
0!
0[

#84765000
1!
b1110000011 ;
1[
b1110000011 w

#84766000
b110001110000010 y

#84770000
0!
0[

#84775000
1!
b1110000100 ;
1[
b1110000100 w

#84776000
b110001110000101 y

#84780000
0!
0[

#84785000
1!
b1110000101 ;
1[
b1110000101 w

#84786000
b110001110001000 y

#84790000
0!
0[

#84795000
1!
b1110000110 ;
1[
b1110000110 w

#84796000
b110001110001011 y

#84800000
0!
0[

#84805000
1!
b1110000111 ;
1[
b1110000111 w

#84806000
b110001110001110 y

#84810000
0!
0[

#84815000
1!
b1110001000 ;
1[
b1110001000 w

#84816000
b110001110010001 y

#84820000
0!
0[

#84825000
1!
b1110001001 ;
1[
b1110001001 w

#84826000
b110001110010100 y

#84830000
0!
0[

#84835000
1!
b1110001010 ;
1[
b1110001010 w

#84836000
b110001110010111 y

#84840000
0!
0[

#84845000
1!
b1110001011 ;
1[
b1110001011 w

#84846000
b110001110011010 y

#84850000
0!
0[

#84855000
1!
b1110001100 ;
1[
b1110001100 w

#84856000
b110001110011101 y

#84860000
0!
0[

#84865000
1!
b1110001101 ;
1[
b1110001101 w

#84866000
b110001110100000 y

#84870000
0!
0[

#84875000
1!
b1110001110 ;
1[
b1110001110 w

#84876000
b110001110100011 y

#84880000
0!
0[

#84885000
1!
b1110001111 ;
1[
b1110001111 w

#84886000
b110001110100110 y

#84890000
0!
0[

#84895000
1!
b1110010000 ;
1[
b1110010000 w

#84896000
b110001110101001 y

#84900000
0!
0[

#84905000
1!
b1110010001 ;
1[
b1110010001 w

#84906000
b110001110101100 y

#84910000
0!
0[

#84915000
1!
b1110010010 ;
1[
b1110010010 w

#84916000
b110001110101111 y

#84920000
0!
0[

#84925000
1!
b1110010011 ;
1[
b1110010011 w

#84926000
b110001110110010 y

#84930000
0!
0[

#84935000
1!
b1110010100 ;
1[
b1110010100 w

#84936000
b110001110110101 y

#84940000
0!
0[

#84945000
1!
b1110010101 ;
1[
b1110010101 w

#84946000
b110001110111000 y

#84950000
0!
0[

#84955000
1!
b1110010110 ;
1[
b1110010110 w

#84956000
b110001110111011 y

#84960000
0!
0[

#84965000
1!
b1110010111 ;
1[
b1110010111 w

#84966000
b110001110111110 y

#84970000
0!
0[

#84975000
1!
b1110011000 ;
1[
b1110011000 w

#84976000
b110001111000001 y

#84980000
0!
0[

#84985000
1!
b1110011001 ;
1[
b1110011001 w

#84986000
b110001111000100 y

#84990000
0!
0[

#84995000
1!
b1110011010 ;
1[
b1110011010 w

#84996000
b110001111000111 y

#85000000
0!
0[

#85005000
1!
b1110011011 ;
1[
b1110011011 w

#85006000
b110001111001010 y

#85010000
0!
0[

#85015000
1!
b1110011100 ;
1[
b1110011100 w

#85016000
b110001111001101 y

#85020000
0!
0[

#85025000
1!
b1110011101 ;
1[
b1110011101 w

#85026000
b110001111010000 y

#85030000
0!
0[

#85035000
1!
b1110011110 ;
1[
b1110011110 w

#85036000
b110001111010011 y

#85040000
0!
0[

#85045000
1!
b1110011111 ;
1[
b1110011111 w

#85046000
b110001111010110 y

#85050000
0!
0[

#85055000
1!
b1110100000 ;
1[
b1110100000 w

#85056000
b110001111011001 y

#85060000
0!
0[

#85065000
1!
b1110100001 ;
1[
b1110100001 w

#85066000
b110001111011100 y

#85070000
0!
0[

#85075000
1!
b1110100010 ;
1[
b1110100010 w

#85076000
b110001111011111 y

#85080000
0!
0[

#85085000
1!
b1110100011 ;
1[
b1110100011 w

#85086000
b110001111100010 y

#85090000
0!
0[

#85095000
1!
b1110100100 ;
1[
b1110100100 w

#85096000
b110001111100101 y

#85100000
0!
0[

#85105000
1!
b1110100101 ;
1[
b1110100101 w

#85106000
b110001111101000 y

#85110000
0!
0[

#85115000
1!
b1110100110 ;
1[
b1110100110 w

#85116000
b110001111101011 y

#85120000
0!
0[

#85125000
1!
b1110100111 ;
1[
b1110100111 w

#85126000
b110001111101110 y

#85130000
0!
0[

#85135000
1!
b1110101000 ;
1[
b1110101000 w

#85136000
b110001111110001 y

#85140000
0!
0[

#85145000
1!
b1110101001 ;
1[
b1110101001 w

#85146000
b110001111110100 y

#85150000
0!
0[

#85155000
1!
b1110101010 ;
1[
b1110101010 w

#85156000
b110001111110111 y

#85160000
0!
0[

#85165000
1!
b1110101011 ;
1[
b1110101011 w

#85166000
b110001111111010 y

#85170000
0!
0[

#85175000
1!
b1110101100 ;
1[
b1110101100 w

#85176000
b110001111111101 y

#85180000
0!
0[

#85185000
1!
b1110101101 ;
1[
b1110101101 w

#85186000
b110010000000000 y

#85190000
0!
0[

#85195000
1!
b1110101110 ;
1[
b1110101110 w

#85196000
b110010000000011 y

#85200000
0!
0[

#85205000
1!
b1110101111 ;
1[
b1110101111 w

#85206000
b110010000000110 y

#85210000
0!
0[

#85215000
1!
b1110110000 ;
1[
b1110110000 w

#85216000
b110010000001001 y

#85220000
0!
0[

#85225000
1!
b1110110001 ;
1[
b1110110001 w

#85226000
b110010000001100 y

#85230000
0!
0[

#85235000
1!
b1110110010 ;
1[
b1110110010 w

#85236000
b110010000001111 y

#85240000
0!
0[

#85245000
1!
b1110110011 ;
1[
b1110110011 w

#85246000
b110010000010010 y

#85250000
0!
0[

#85255000
1!
b1110110100 ;
1[
b1110110100 w

#85256000
b110010000010101 y

#85260000
0!
0[

#85265000
1!
b1110110101 ;
1[
b1110110101 w

#85266000
b110010000011000 y

#85270000
0!
0[

#85275000
1!
b1110110110 ;
1[
b1110110110 w

#85276000
b110010000011011 y

#85280000
0!
0[

#85285000
1!
b1110110111 ;
1[
b1110110111 w

#85286000
b110010000011110 y

#85290000
0!
0[

#85295000
1!
b1110111000 ;
1[
b1110111000 w

#85296000
b110010000100001 y

#85300000
0!
0[

#85305000
1!
b1110111001 ;
1[
b1110111001 w

#85306000
b110010000100100 y

#85310000
0!
0[

#85315000
1!
b1110111010 ;
1[
b1110111010 w

#85316000
b110010000100111 y

#85320000
0!
0[

#85325000
1!
b1110111011 ;
1[
b1110111011 w

#85326000
b110010000101010 y

#85330000
0!
0[

#85335000
1!
b1110111100 ;
1[
b1110111100 w

#85336000
b110010000101101 y

#85340000
0!
0[

#85345000
1!
b1110111101 ;
1[
b1110111101 w

#85346000
b110010000110000 y

#85350000
0!
0[

#85355000
1!
b1110111110 ;
1[
b1110111110 w

#85356000
b110010000110011 y

#85360000
0!
0[

#85365000
1!
b1110111111 ;
1[
b1110111111 w

#85366000
b110010000110110 y

#85370000
0!
0[

#85375000
1!
b1111000000 ;
1[
b1111000000 w

#85376000
b110010000111001 y

#85380000
0!
0[

#85385000
1!
b1111000001 ;
1[
b1111000001 w

#85386000
b110010000111100 y

#85390000
0!
0[

#85395000
1!
b1111000010 ;
1[
b1111000010 w

#85396000
b110010000111111 y

#85400000
0!
0[

#85405000
1!
b1111000011 ;
1[
b1111000011 w

#85406000
b110010001000010 y

#85410000
0!
0[

#85415000
1!
b1111000100 ;
1[
b1111000100 w

#85416000
b110010001000101 y

#85420000
0!
0[

#85425000
1!
b1111000101 ;
1[
b1111000101 w

#85426000
b110010001001000 y

#85430000
0!
0[

#85435000
1!
b1111000110 ;
1[
b1111000110 w

#85436000
b110010001001011 y

#85440000
0!
0[

#85445000
1!
b1111000111 ;
1[
b1111000111 w

#85446000
b110010001001110 y

#85450000
0!
0[

#85455000
1!
b1111001000 ;
1[
b1111001000 w

#85456000
b110010001010001 y

#85460000
0!
0[

#85465000
1!
b1111001001 ;
1[
b1111001001 w

#85466000
b110010001010100 y

#85470000
0!
0[

#85475000
1!
b1111001010 ;
1[
b1111001010 w

#85476000
b110010001010111 y

#85480000
0!
0[

#85485000
1!
b1111001011 ;
1[
b1111001011 w

#85486000
b110010001011010 y

#85490000
0!
0[

#85495000
1!
b1111001100 ;
1[
b1111001100 w

#85496000
b110010001011101 y

#85500000
0!
0[

#85505000
1!
b1111001101 ;
1[
b1111001101 w

#85506000
b110010001100000 y

#85510000
0!
0[

#85515000
1!
b1111001110 ;
1[
b1111001110 w

#85516000
b110010001100011 y

#85520000
0!
0[

#85525000
1!
b1111001111 ;
1[
b1111001111 w

#85526000
b110010001100110 y

#85530000
0!
0[

#85535000
1!
b1111010000 ;
1[
b1111010000 w

#85536000
b110010001101001 y

#85540000
0!
0[

#85545000
1!
b1111010001 ;
1[
b1111010001 w

#85546000
b110010001101100 y

#85550000
0!
0[

#85555000
1!
b1111010010 ;
1[
b1111010010 w

#85556000
b110010001101111 y

#85560000
0!
0[

#85565000
1!
b1111010011 ;
1[
b1111010011 w

#85566000
b110010001110010 y

#85570000
0!
0[

#85575000
1!
b1111010100 ;
1[
b1111010100 w

#85576000
b110010001110101 y

#85580000
0!
0[

#85585000
1!
b1111010101 ;
1[
b1111010101 w

#85586000
b110010001111000 y

#85590000
0!
0[

#85595000
1!
b1111010110 ;
1[
b1111010110 w

#85596000
b110010001111011 y

#85600000
0!
0[

#85605000
1!
b1111010111 ;
1[
b1111010111 w

#85606000
b110010001111110 y

#85610000
0!
0[

#85615000
1!
b1111011000 ;
1[
b1111011000 w

#85616000
b110010010000001 y

#85620000
0!
0[

#85625000
1!
b1111011001 ;
1[
b1111011001 w

#85626000
b110010010000100 y

#85630000
0!
0[

#85635000
1!
b1111011010 ;
1[
b1111011010 w

#85636000
b110010010000111 y

#85640000
0!
0[

#85645000
1!
b1111011011 ;
1[
b1111011011 w

#85646000
b110010010001010 y

#85650000
0!
0[

#85655000
1!
b1111011100 ;
1[
b1111011100 w

#85656000
b110010010001101 y

#85660000
0!
0[

#85665000
1!
b1111011101 ;
1[
b1111011101 w

#85666000
b110010010010000 y

#85670000
0!
0[

#85675000
1!
b1111011110 ;
1[
b1111011110 w

#85676000
b110010010010011 y

#85680000
0!
0[

#85685000
1!
b1111011111 ;
1[
b1111011111 w

#85686000
b110010010010110 y

#85690000
0!
0[

#85695000
1!
b1111100000 ;
1[
b1111100000 w

#85696000
b110010010011001 y

#85700000
0!
0[

#85705000
1!
b1111100001 ;
1[
b1111100001 w

#85706000
b110010010011100 y

#85710000
0!
0[

#85715000
1!
b1111100010 ;
1[
b1111100010 w

#85716000
b110010010011111 y

#85720000
0!
0[

#85725000
1!
b1111100011 ;
1[
b1111100011 w

#85726000
b110010010100010 y

#85730000
0!
0[

#85735000
1!
b1111100100 ;
1[
b1111100100 w

#85736000
b110010010100101 y

#85740000
0!
0[

#85745000
1!
b1111100101 ;
1[
b1111100101 w

#85746000
b110010010101000 y

#85750000
0!
0[

#85755000
1!
b1111100110 ;
1[
b1111100110 w

#85756000
b110010010101011 y

#85760000
0!
0[

#85765000
1!
b1 :
b1111100111 ;
1[
b1 v
b1111100111 w

#85766000
b110010010101110 y

#85770000
0!
b1 R
0[
b110010010101111 y

#85775000
1!
b1 5
b0 ;
1[
b1 s
b0 w

#85776000
b1 &!
b110010010110010 y

#85780000
0!
b100 R
0[
b110010010110011 y

#85785000
1!
1[

#85786000
b110010010110110 y

#85790000
0!
0[

#85795000
1!
1[

#85796000
b110010010111001 y

#85800000
0!
0[

#85805000
1!
1[

#85806000
b110010010111100 y

#85810000
0!
0[

#85815000
1!
1[

#85816000
b110010010111111 y

#85820000
0!
b10100111100111100 !!
b11 R
b10101 S
0[
b10101 j

#85825000
1!
1[

#85826000
b110010011000010 y

#85830000
0!
0[

#85835000
1!
1[

#85836000
b110010011000101 y

#85840000
0!
0[

#85845000
1!
1[

#85846000
b110010011001000 y

#85850000
0!
0[

#85855000
1!
1[

#85856000
b110010011001011 y

#85860000
0!
1)
b1000 :
0[
1b
b1000 v

#85865000
1!
b1000 5
1[
b1000 s

#85866000
b1000 &!
b110010011001110 y

#85870000
0!
0)
b1001100001110110 *
0[
0b
b1001100001110110 i

#85875000
1!
b1 ;
1[
b1 w

#85876000
b110010011010001 y

#85880000
0!
1)
0[
1b

#85885000
1!
b0 ;
1[
b0 w

#85886000
b110010011010100 y

#85890000
0!
0)
1T
0W
0[
0b

#85895000
1!
b1 ;
1[
b1 w

#85896000
b110010011010111 y

#85900000
0!
1&
b10 :
0[
1_
b10 v

#85905000
1!
b10 5
b0 ;
1[
b10 s
b0 w

#85906000
b10 &!
b110010011011010 y

#85910000
0!
0&
b1 X
0[
0_

#85915000
1!
b1 ;
1[
b1 w

#85916000
b110010011011101 y

#85920000
0!
1,
b1 -
1<
1=
0[
1c
b1 g
1x

#85925000
1!
b1 6
b1 7
b0 ;
1[
b1 r
b1 t
b0 w

#85926000
b110010011100000 y

#85930000
0!
0,
0=
b11 X
0[
0c
0x

#85935000
1!
b1 ;
1[
b1 w

#85936000
b110010011100011 y

#85940000
0!
1,
b11 -
1=
0[
1c
b11 g
1x

#85945000
1!
b10011 6
b10 7
b0 ;
1[
b10011 r
b10 t
b0 w

#85946000
b110010011100110 y

#85950000
0!
0,
0=
b101 X
0[
0c
0x

#85955000
1!
b1 ;
1[
b1 w

#85956000
b110010011101001 y

#85960000
0!
1,
b101 -
1=
0[
1c
b101 g
1x

#85965000
1!
b100110101 6
b11 7
b0 ;
1[
b100110101 r
b11 t
b0 w

#85966000
b110010011101100 y

#85970000
0!
0,
0=
b111 X
0[
0c
0x

#85975000
1!
b1 ;
1[
b1 w

#85976000
b110010011101111 y

#85980000
0!
1,
b111 -
1=
0[
1c
b111 g
1x

#85985000
1!
b1001101010111 6
b100 7
b0 ;
1[
b1001101010111 r
b100 t
b0 w

#85986000
b110010011110010 y

#85990000
0!
0,
0=
b1010 X
0[
0c
0x

#85995000
1!
b1 ;
1[
b1 w

#85996000
b110010011110101 y

#86000000
0!
1,
b1010 -
b11 :
0<
1=
0[
1c
b1010 g
b11 v
1x

#86005000
1!
b11 5
b1 8
b0 ;
1[
b11 s
b1 u
b0 w

#86006000
b11 &!
b110010011111000 y

#86010000
0!
0,
0=
0[
0c
0x
b110010011111001 y

#86015000
1!
b1 ;
1[
b1 w

#86016000
b110010011111100 y

#86020000
0!
0[

#86025000
1!
b10 ;
1[
b10 w

#86026000
b110010011111111 y

#86030000
0!
0[

#86035000
1!
b11 ;
1[
b11 w

#86036000
b110010100000010 y

#86040000
0!
0[

#86045000
1!
b100 ;
1[
b100 w

#86046000
b110010100000101 y

#86050000
0!
0[

#86055000
1!
b101 ;
1[
b101 w

#86056000
b110010100001000 y

#86060000
0!
0[

#86065000
1!
b110 ;
1[
b110 w

#86066000
b110010100001011 y

#86070000
0!
0[

#86075000
1!
b111 ;
1[
b111 w

#86076000
b110010100001110 y

#86080000
0!
0[

#86085000
1!
b1000 ;
1[
b1000 w

#86086000
b110010100010001 y

#86090000
0!
0[

#86095000
1!
b1001 ;
1[
b1001 w

#86096000
b110010100010100 y

#86100000
0!
0[

#86105000
1!
b1010 ;
1[
b1010 w

#86106000
b110010100010111 y

#86110000
0!
0[

#86115000
1!
b1011 ;
1[
b1011 w

#86116000
b110010100011010 y

#86120000
0!
0[

#86125000
1!
b1100 ;
1[
b1100 w

#86126000
b110010100011101 y

#86130000
0!
0[

#86135000
1!
b1101 ;
1[
b1101 w

#86136000
b110010100100000 y

#86140000
0!
0[

#86145000
1!
b1110 ;
1[
b1110 w

#86146000
b110010100100011 y

#86150000
0!
0[

#86155000
1!
b1111 ;
1[
b1111 w

#86156000
b110010100100110 y

#86160000
0!
0[

#86165000
1!
b10000 ;
1[
b10000 w

#86166000
b110010100101001 y

#86170000
0!
0[

#86175000
1!
b10001 ;
1[
b10001 w

#86176000
b110010100101100 y

#86180000
0!
0[

#86185000
1!
b10010 ;
1[
b10010 w

#86186000
b110010100101111 y

#86190000
0!
0[

#86195000
1!
b10 :
b10011 ;
1[
b10 v
b10011 w

#86196000
b110010100110010 y

#86200000
0!
0[

#86205000
1!
b10 5
b0 6
b0 7
b0 ;
1[
b0 r
b10 s
b0 t
b0 w

#86206000
b10 &!
b110010100110101 y

#86210000
0!
b1001 X
b1001100001110110 Y
0[
b110010100110110 y

#86215000
1!
b1 ;
1[
b1 w

#86216000
b110010100111001 y

#86220000
0!
1,
b1001 -
1<
1=
0[
1c
b1001 g
1x

#86225000
1!
b1001 6
b1 7
b0 ;
1[
b1001 r
b1 t
b0 w

#86226000
b110010100111100 y

#86230000
0!
0,
0=
b1000 X
0[
0c
0x

#86235000
1!
b1 ;
1[
b1 w

#86236000
b110010100111111 y

#86240000
0!
1,
b1000 -
1=
0[
1c
b1000 g
1x

#86245000
1!
b10011000 6
b10 7
b0 ;
1[
b10011000 r
b10 t
b0 w

#86246000
b110010101000010 y

#86250000
0!
0,
0=
b111 X
0[
0c
0x

#86255000
1!
b1 ;
1[
b1 w

#86256000
b110010101000101 y

#86260000
0!
1,
b111 -
1=
0[
1c
b111 g
1x

#86265000
1!
b100110000111 6
b11 7
b0 ;
1[
b100110000111 r
b11 t
b0 w

#86266000
b110010101001000 y

#86270000
0!
0,
0=
b110 X
0[
0c
0x

#86275000
1!
b1 ;
1[
b1 w

#86276000
b110010101001011 y

#86280000
0!
1,
b110 -
1=
0[
1c
b110 g
1x

#86285000
1!
b1001100001110110 6
b100 7
b0 ;
1[
b1001100001110110 r
b100 t
b0 w

#86286000
b110010101001110 y

#86290000
0!
0,
0=
b1010 X
0[
0c
0x

#86295000
1!
b1 ;
1[
b1 w

#86296000
b110010101010001 y

#86300000
0!
1,
b1010 -
b100 :
0<
1=
0[
1c
b1010 g
b100 v
1x

#86305000
1!
13
b100 5
b0 8
b1 :
b0 ;
1[
1n
b100 s
b0 u
b1 v
b0 w

#86306000
b100 &!
b110010101010100 y

#86310000
0!
0,
b100 :
0=
0[
0c
b100 v
0x
b110010101010101 y

#86315000
1!
b1 ;
1[
b1 w

#86316000
b110010101011000 y

#86320000
0!
1,
b1 :
1=
0[
1c
b1 v
1x

#86325000
1!
03
b1 5
b0 6
b0 7
b0 ;
1[
0n
b0 r
b1 s
b0 t
b0 w

#86326000
b1 &!
b110010101011011 y

#86330000
0!
0+
0,
0=
0[
0c
0f
0x

#86335000
1!
1[

#86336000
b110010101011110 y

#86340000
0!
1&
b10 :
0[
1_
b10 v

#86345000
1!
b10 5
1[
b10 s

#86346000
b10 &!
b110010101100001 y

#86350000
0!
0&
b1001 X
0[
0_

#86355000
1!
b1 ;
1[
b1 w

#86356000
b110010101100100 y

#86360000
0!
1,
b1001 -
1<
1=
0[
1c
b1001 g
1x

#86365000
1!
b1001 6
b1 7
b0 ;
1[
b1001 r
b1 t
b0 w

#86366000
b110010101100111 y

#86370000
0!
0,
0=
b1000 X
0[
0c
0x

#86375000
1!
b1 ;
1[
b1 w

#86376000
b110010101101010 y

#86380000
0!
1,
b1000 -
1=
0[
1c
b1000 g
1x

#86385000
1!
b10011000 6
b10 7
b0 ;
1[
b10011000 r
b10 t
b0 w

#86386000
b110010101101101 y

#86390000
0!
0,
0=
b111 X
0[
0c
0x

#86395000
1!
b1 ;
1[
b1 w

#86396000
b110010101110000 y

#86400000
0!
1,
b111 -
1=
0[
1c
b111 g
1x

#86405000
1!
b100110000111 6
b11 7
b0 ;
1[
b100110000111 r
b11 t
b0 w

#86406000
b110010101110011 y

#86410000
0!
0,
0=
b110 X
0[
0c
0x

#86415000
1!
b1 ;
1[
b1 w

#86416000
b110010101110110 y

#86420000
0!
1,
b110 -
1=
0[
1c
b110 g
1x

#86425000
1!
b1001100001110110 6
b100 7
b0 ;
1[
b1001100001110110 r
b100 t
b0 w

#86426000
b110010101111001 y

#86430000
0!
0,
0=
b1010 X
0[
0c
0x

#86435000
1!
b1 ;
1[
b1 w

#86436000
b110010101111100 y

#86440000
0!
1,
b1010 -
b11 :
0<
1=
0[
1c
b1010 g
b11 v
1x

#86445000
1!
b11 5
b1 8
b0 ;
1[
b11 s
b1 u
b0 w

#86446000
b11 &!
b110010101111111 y

#86450000
0!
0,
0=
0[
0c
0x
b110010110000000 y

#86455000
1!
b1 ;
1[
b1 w

#86456000
b110010110000011 y

#86460000
0!
0[

#86465000
1!
b10 ;
1[
b10 w

#86466000
b110010110000110 y

#86470000
0!
0[

#86475000
1!
b11 ;
1[
b11 w

#86476000
b110010110001001 y

#86480000
0!
0[

#86485000
1!
b100 ;
1[
b100 w

#86486000
b110010110001100 y

#86490000
0!
0[

#86495000
1!
b101 ;
1[
b101 w

#86496000
b110010110001111 y

#86500000
0!
0[

#86505000
1!
b110 ;
1[
b110 w

#86506000
b110010110010010 y

#86510000
0!
0[

#86515000
1!
b111 ;
1[
b111 w

#86516000
b110010110010101 y

#86520000
0!
0[

#86525000
1!
b1000 ;
1[
b1000 w

#86526000
b110010110011000 y

#86530000
0!
0[

#86535000
1!
b1001 ;
1[
b1001 w

#86536000
b110010110011011 y

#86540000
0!
0[

#86545000
1!
b1010 ;
1[
b1010 w

#86546000
b110010110011110 y

#86550000
0!
0[

#86555000
1!
b1011 ;
1[
b1011 w

#86556000
b110010110100001 y

#86560000
0!
0[

#86565000
1!
b1100 ;
1[
b1100 w

#86566000
b110010110100100 y

#86570000
0!
0[

#86575000
1!
b1101 ;
1[
b1101 w

#86576000
b110010110100111 y

#86580000
0!
0[

#86585000
1!
b1110 ;
1[
b1110 w

#86586000
b110010110101010 y

#86590000
0!
0[

#86595000
1!
b1111 ;
1[
b1111 w

#86596000
b110010110101101 y

#86600000
0!
0[

#86605000
1!
b10000 ;
1[
b10000 w

#86606000
b110010110110000 y

#86610000
0!
0[

#86615000
1!
b10001 ;
1[
b10001 w

#86616000
b110010110110011 y

#86620000
0!
0[

#86625000
1!
b10010 ;
1[
b10010 w

#86626000
b110010110110110 y

#86630000
0!
0[

#86635000
1!
b10 :
b10011 ;
1[
b10 v
b10011 w

#86636000
b110010110111001 y

#86640000
0!
0[

#86645000
1!
b10 5
b0 6
b0 7
b0 ;
1[
b0 r
b10 s
b0 t
b0 w

#86646000
b10 &!
b110010110111100 y

#86650000
0!
b1 X
b1001000110100 Y
0[
b110010110111101 y

#86655000
1!
b1 ;
1[
b1 w

#86656000
b110010111000000 y

#86660000
0!
1,
b1 -
1<
1=
0[
1c
b1 g
1x

#86665000
1!
b1 6
b1 7
b0 ;
1[
b1 r
b1 t
b0 w

#86666000
b110010111000011 y

#86670000
0!
0,
0=
b10 X
0[
0c
0x

#86675000
1!
b1 ;
1[
b1 w

#86676000
b110010111000110 y

#86680000
0!
1,
b10 -
1=
0[
1c
b10 g
1x

#86685000
1!
b10010 6
b10 7
b0 ;
1[
b10010 r
b10 t
b0 w

#86686000
b110010111001001 y

#86690000
0!
0,
0=
b11 X
0[
0c
0x

#86695000
1!
b1 ;
1[
b1 w

#86696000
b110010111001100 y

#86700000
0!
1,
b11 -
1=
0[
1c
b11 g
1x

#86705000
1!
b100100011 6
b11 7
b0 ;
1[
b100100011 r
b11 t
b0 w

#86706000
b110010111001111 y

#86710000
0!
0,
0=
b100 X
0[
0c
0x

#86715000
1!
b1 ;
1[
b1 w

#86716000
b110010111010010 y

#86720000
0!
1,
b100 -
1=
0[
1c
b100 g
1x

#86725000
1!
b1001000110100 6
b100 7
b0 ;
1[
b1001000110100 r
b100 t
b0 w

#86726000
b110010111010101 y

#86730000
0!
0,
0=
b1010 X
0[
0c
0x

#86735000
1!
b1 ;
1[
b1 w

#86736000
b110010111011000 y

#86740000
0!
1,
b1010 -
b100 :
0<
1=
0[
1c
b1010 g
b100 v
1x

#86745000
1!
13
b100 5
b0 8
b1 :
b0 ;
1[
1n
b100 s
b0 u
b1 v
b0 w

#86746000
b100 &!
b110010111011011 y

#86750000
0!
0,
b100 :
0=
0[
0c
b100 v
0x
b110010111011100 y

#86755000
1!
b1 ;
1[
b1 w

#86756000
b110010111011111 y

#86760000
0!
1,
b1 :
1=
0[
1c
b1 v
1x

#86765000
1!
03
b1 5
b0 6
b0 7
b0 ;
1[
0n
b0 r
b1 s
b0 t
b0 w

#86766000
b1 &!
b110010111100010 y

#86770000
0!
0,
0=
b100 R
0[
0c
0x

#86775000
1!
1[

#86776000
b110010111100101 y

#86780000
0!
0[

#86785000
1!
1[

#86786000
b110010111101000 y

#86790000
0!
0[

#86795000
1!
1[

#86796000
b110010111101011 y

#86800000
0!
0[

#86805000
1!
1[

#86806000
b110010111101110 y

#86810000
0!
b0 #!
0[

#86815000
1!
1[

#86816000
b110010111110001 y

#86820000
0!
1"
0#
b0 *
b11 R
0[
1\
0]
b0 i

#86825000
1!
b0 5
b0 :
1[
b0 s
b0 v

#86826000
b0 &!
1'!

#86830000
0!
0[

#86835000
1!
1[

#86840000
0!
0[

#86845000
1!
1[

#86850000
0!
0"
b10 R
0[
0\

#86855000
1!
1[

#86856000
0'!
b110010111110100 y

#86860000
0!
0[

#86865000
1!
1[

#86866000
b110010111110111 y

#86870000
0!
1#
b1 :
0[
1]
b1 v

#86875000
1!
b1 5
1[
b1 s

#86876000
b1 &!
b110010111111010 y

#86880000
0!
0[

#86885000
1!
1[

#86886000
b110010111111101 y

#86890000
0!
0[
b110010111111110 y

#86895000
1!
1[

#86896000
b110011000000001 y

#86900000
0!
1"
0#
0[
1\
0]

#86905000
1!
b0 5
b0 :
1[
b0 s
b0 v

#86906000
b0 &!
1'!

#86910000
0!
0[

#86915000
1!
1[

#86920000
0!
0"
0[
0\

#86925000
1!
1[

#86926000
0'!
b110011000000100 y

#86930000
0!
0[

#86935000
1!
1[

#86936000
b110011000000111 y

#86940000
0!
b10101001110011100 !!
b11 R
b10110 S
0[
b10110 j
b110011000001000 y

#86945000
1!
1[

#86946000
b110011000001011 y

#86950000
0!
0[

#86955000
1!
1[

#86956000
b110011000001110 y

#86960000
0!
0[

#86965000
1!
1[

#86966000
b110011000010001 y

#86970000
0!
0[

#86975000
1!
1[

#86976000
b110011000010100 y

#86980000
0!
1"
b10 R
0[
1\

#86985000
1!
1[

#86986000
1'!

#86990000
0!
0[

#86995000
1!
1[

#87000000
0!
0"
b11 R
0[
0\
b110011000010101 y

#87005000
1!
1[

#87006000
0'!
b110011000011000 y

#87010000
0!
0[

#87015000
1!
1[

#87016000
b110011000011011 y

#87020000
0!
0[

#87025000
1!
1[

#87026000
b110011000011110 y

#87030000
0!
1#
b1 :
b10 R
0[
1]
b1 v
b110011000011111 y

#87035000
1!
b1 5
1[
b1 s

#87036000
b1 &!
b110011000100010 y

#87040000
0!
0[

#87045000
1!
1[

#87046000
b110011000100101 y

#87050000
0!
b100 R
0[
b110011000100110 y

#87055000
1!
1[

#87056000
b110011000101001 y

#87060000
0!
0[

#87065000
1!
1[

#87066000
b110011000101100 y

#87070000
0!
0[

#87075000
1!
1[

#87076000
b110011000101111 y

#87080000
0!
0[

#87085000
1!
1[

#87086000
b110011000110010 y

#87090000
0!
b1 #!
0[

#87095000
1!
1[

#87096000
b110011000110101 y

#87100000
0!
1"
0#
b11 R
0[
1\
0]

#87105000
1!
b0 5
b0 :
1[
b0 s
b0 v

#87106000
b0 &!
1'!

#87110000
0!
0[

#87115000
1!
1[

#87120000
0!
0[

#87125000
1!
1[

#87130000
0!
0"
b10 R
0[
0\

#87135000
1!
1[

#87136000
0'!
b110011000111000 y

#87140000
0!
0[

#87145000
1!
1[

#87146000
b110011000111011 y

#87150000
0!
1#
b1 :
0[
1]
b1 v

#87155000
1!
b1 5
1[
b1 s

#87156000
b1 &!
b110011000111110 y

#87160000
0!
0[

#87165000
1!
1[

#87166000
b110011001000001 y

#87170000
0!
0[
b110011001000010 y

#87175000
1!
1[

#87176000
b110011001000101 y

#87180000
0!
0[

#87185000
1!
1[

#87186000
b110011001001000 y

#87190000
0!
b10101010010010110 !!
b11 R
b10111 S
0[
b10111 j
b110011001001001 y

#87195000
1!
1[

#87196000
b110011001001100 y

#87200000
0!
0[

#87205000
1!
1[

#87206000
b110011001001111 y

#87210000
0!
0[

#87215000
1!
1[

#87216000
b110011001010010 y

#87220000
0!
0[

#87225000
1!
1[

#87226000
b110011001010101 y

#87230000
0!
1"
0#
b10 R
0[
1\
0]

#87235000
1!
b0 5
b0 :
1[
b0 s
b0 v

#87236000
b0 &!
1'!

#87240000
0!
0[

#87245000
1!
1[

#87250000
0!
0"
b11 R
0[
0\
b110011001010110 y

#87255000
1!
1[

#87256000
0'!
b110011001011001 y

#87260000
0!
0[

#87265000
1!
1[

#87266000
b110011001011100 y

#87270000
0!
0[

#87275000
1!
1[

#87276000
b110011001011111 y

#87280000
0!
1#
b1 :
b10 R
0[
1]
b1 v
b110011001100000 y

#87285000
1!
b1 5
1[
b1 s

#87286000
b1 &!
b110011001100011 y

#87290000
0!
0[

#87295000
1!
1[

#87296000
b110011001100110 y

#87300000
0!
b100 R
0[
b110011001100111 y

#87305000
1!
1[

#87306000
b110011001101010 y

#87310000
0!
0[

#87315000
1!
1[

#87316000
b110011001101101 y

#87320000
0!
0[

#87325000
1!
1[

#87326000
b110011001110000 y

#87330000
0!
0[

#87335000
1!
1[

#87336000
b110011001110011 y

#87340000
0!
b10 #!
0[

#87345000
1!
1[

#87346000
b110011001110110 y

#87350000
0!
1"
0#
b11 R
0[
1\
0]

#87355000
1!
b0 5
b0 :
1[
b0 s
b0 v

#87356000
b0 &!
1'!

#87360000
0!
0[

#87365000
1!
1[

#87370000
0!
0[

#87375000
1!
1[

#87380000
0!
0"
b10 R
0[
0\

#87385000
1!
1[

#87386000
0'!
b110011001111001 y

#87390000
0!
0[

#87395000
1!
1[

#87396000
b110011001111100 y

#87400000
0!
1#
b1 :
0[
1]
b1 v

#87405000
1!
b1 5
1[
b1 s

#87406000
b1 &!
b110011001111111 y

#87410000
0!
0[

#87415000
1!
1[

#87416000
b110011010000010 y

#87420000
0!
0[
b110011010000011 y

#87425000
1!
1[

#87426000
b110011010000110 y

#87430000
0!
1&
b10 :
0[
1_
b10 v

#87435000
1!
b10 5
1[
b10 s

#87436000
b10 &!
b110011010001001 y

#87440000
0!
b10101010110010000 !!
0&
b11 R
b11000 S
0[
0_
b11000 j
b110011010001010 y

#87445000
1!
b1 ;
1[
b1 w

#87446000
b110011010001101 y

#87450000
0!
0[

#87455000
1!
b10 ;
1[
b10 w

#87456000
b110011010010000 y

#87460000
0!
0[

#87465000
1!
b11 ;
1[
b11 w

#87466000
b110011010010011 y

#87470000
0!
0[

#87475000
1!
b100 ;
1[
b100 w

#87476000
b110011010010110 y

#87480000
0!
1"
0#
b10 R
0[
1\
0]

#87485000
1!
b0 5
b0 :
b0 ;
1[
b0 s
b0 v
b0 w

#87486000
b0 &!
1'!

#87490000
0!
0[

#87495000
1!
1[

#87500000
0!
0"
b11 R
0[
0\
b110011010010111 y

#87505000
1!
1[

#87506000
0'!
b110011010011010 y

#87510000
0!
0[

#87515000
1!
1[

#87516000
b110011010011101 y

#87520000
0!
0[

#87525000
1!
1[

#87526000
b110011010100000 y

#87530000
0!
1#
b1 :
b10 R
0[
1]
b1 v
b110011010100001 y

#87535000
1!
b1 5
1[
b1 s

#87536000
b1 &!
b110011010100100 y

#87540000
0!
0[

#87545000
1!
1[

#87546000
b110011010100111 y

#87550000
0!
b100 R
0[
b110011010101000 y

#87555000
1!
1[

#87556000
b110011010101011 y

#87560000
0!
0[

#87565000
1!
1[

#87566000
b110011010101110 y

#87570000
0!
0[

#87575000
1!
1[

#87576000
b110011010110001 y

#87580000
0!
0[

#87585000
1!
1[

#87586000
b110011010110100 y

#87590000
0!
b11 #!
0[

#87595000
1!
1[

#87596000
b110011010110111 y

#87600000
0!
1"
0#
b11 R
0[
1\
0]

#87605000
1!
b0 5
b0 :
1[
b0 s
b0 v

#87606000
b0 &!
1'!

#87610000
0!
0[

#87615000
1!
1[

#87620000
0!
0[

#87625000
1!
1[

#87630000
0!
0"
b10 R
0[
0\

#87635000
1!
1[

#87636000
0'!
b110011010111010 y

#87640000
0!
0[

#87645000
1!
1[

#87646000
b110011010111101 y

#87650000
0!
1#
b1 :
0[
1]
b1 v

#87655000
1!
b1 5
1[
b1 s

#87656000
b1 &!
b110011011000000 y

#87660000
0!
0[

#87665000
1!
1[

#87666000
b110011011000011 y

#87670000
0!
0[
b110011011000100 y

#87675000
1!
1[

#87676000
b110011011000111 y

#87680000
0!
1&
b10 :
0[
1_
b10 v

#87685000
1!
b10 5
1[
b10 s

#87686000
b10 &!
b110011011001010 y

#87690000
0!
0&
b1 X
b1000100010001 Y
0[
0_

#87695000
1!
b1 ;
1[
b1 w

#87696000
b110011011001101 y

#87700000
0!
1,
b1 -
1<
1=
0[
1c
b1 g
1x

#87705000
1!
b1 6
b1 7
b0 ;
1[
b1 r
b1 t
b0 w

#87706000
b110011011010000 y

#87710000
0!
0,
0=
0[
0c
0x

#87715000
1!
b1 ;
1[
b1 w

#87716000
b110011011010011 y

#87720000
0!
1,
1=
0[
1c
1x

#87725000
1!
b10001 6
b10 7
b0 ;
1[
b10001 r
b10 t
b0 w

#87726000
b110011011010110 y

#87730000
0!
0,
0=
0[
0c
0x

#87735000
1!
b1 ;
1[
b1 w

#87736000
b110011011011001 y

#87740000
0!
1,
1=
0[
1c
1x

#87745000
1!
b100010001 6
b11 7
b0 ;
1[
b100010001 r
b11 t
b0 w

#87746000
b110011011011100 y

#87750000
0!
0,
0=
0[
0c
0x

#87755000
1!
b1 ;
1[
b1 w

#87756000
b110011011011111 y

#87760000
0!
1,
1=
0[
1c
1x

#87765000
1!
b1000100010001 6
b100 7
b0 ;
1[
b1000100010001 r
b100 t
b0 w

#87766000
b110011011100010 y

#87770000
0!
0,
0=
b1010 X
0[
0c
0x

#87775000
1!
b1 ;
1[
b1 w

#87776000
b110011011100101 y

#87780000
0!
1,
b1010 -
b11 :
0<
1=
0[
1c
b1010 g
b11 v
1x

#87785000
1!
b11 5
b1 8
b0 ;
1[
b11 s
b1 u
b0 w

#87786000
b11 &!
b110011011101000 y

#87790000
0!
b10101011011101110 !!
0,
0=
b11 R
b11001 S
0[
0c
b11001 j
0x
b110011011101001 y

#87795000
1!
b1 ;
1[
b1 w

#87796000
b110011011101100 y

#87800000
0!
0[

#87805000
1!
b10 ;
1[
b10 w

#87806000
b110011011101111 y

#87810000
0!
0[

#87815000
1!
b11 ;
1[
b11 w

#87816000
b110011011110010 y

#87820000
0!
0[

#87825000
1!
b100 ;
1[
b100 w

#87826000
b110011011110101 y

#87830000
0!
1"
0#
b10 R
0[
1\
0]

#87835000
1!
b0 5
b0 6
b0 7
b0 8
b0 :
b0 ;
1[
b0 r
b0 s
b0 t
b0 u
b0 v
b0 w

#87836000
b0 &!
1'!

#87840000
0!
0[

#87845000
1!
1[

#87850000
0!
0"
b11 R
0[
0\
b110011011110110 y

#87855000
1!
1[

#87856000
0'!
b110011011111001 y

#87860000
0!
0[

#87865000
1!
1[

#87866000
b110011011111100 y

#87870000
0!
0[

#87875000
1!
1[

#87876000
b110011011111111 y

#87880000
0!
1#
b1 :
b10 R
0[
1]
b1 v
b110011100000000 y

#87885000
1!
b1 5
1[
b1 s

#87886000
b1 &!
b110011100000011 y

#87890000
0!
0[

#87895000
1!
1[

#87896000
b110011100000110 y

#87900000
0!
b100 R
0[
b110011100000111 y

#87905000
1!
1[

#87906000
b110011100001010 y

#87910000
0!
0[

#87915000
1!
1[

#87916000
b110011100001101 y

#87920000
0!
0[

#87925000
1!
1[

#87926000
b110011100010000 y

#87930000
0!
0[

#87935000
1!
1[

#87936000
b110011100010011 y

#87940000
0!
b100 #!
0[

#87945000
1!
1[

#87946000
b110011100010110 y

#87950000
0!
1"
0#
b11 R
0[
1\
0]

#87955000
1!
b0 5
b0 :
1[
b0 s
b0 v

#87956000
b0 &!
1'!

#87960000
0!
0[

#87965000
1!
1[

#87970000
0!
0[

#87975000
1!
1[

#87980000
0!
0"
b10 R
0[
0\

#87985000
1!
1[

#87986000
0'!
b110011100011001 y

#87990000
0!
0[

#87995000
1!
1[

#87996000
b110011100011100 y

#88000000
0!
1#
b1 :
0[
1]
b1 v

#88005000
1!
b1 5
1[
b1 s

#88006000
b1 &!
b110011100011111 y

#88010000
0!
0[

#88015000
1!
1[

#88016000
b110011100100010 y

#88020000
0!
0[
b110011100100011 y

#88025000
1!
1[

#88026000
b110011100100110 y

#88030000
0!
1&
b10 :
0[
1_
b10 v

#88035000
1!
b10 5
1[
b10 s

#88036000
b10 &!
b110011100101001 y

#88040000
0!
0&
b1 X
b1001000110100 Y
0[
0_

#88045000
1!
b1 ;
1[
b1 w

#88046000
b110011100101100 y

#88050000
0!
1,
b1 -
1<
1=
0[
1c
b1 g
1x

#88055000
1!
b1 6
b1 7
b0 ;
1[
b1 r
b1 t
b0 w

#88056000
b110011100101111 y

#88060000
0!
0,
0=
b10 X
0[
0c
0x

#88065000
1!
b1 ;
1[
b1 w

#88066000
b110011100110010 y

#88070000
0!
1,
b10 -
1=
0[
1c
b10 g
1x

#88075000
1!
b10010 6
b10 7
b0 ;
1[
b10010 r
b10 t
b0 w

#88076000
b110011100110101 y

#88080000
0!
0,
0=
b11 X
0[
0c
0x

#88085000
1!
b1 ;
1[
b1 w

#88086000
b110011100111000 y

#88090000
0!
1,
b11 -
1=
0[
1c
b11 g
1x

#88095000
1!
b100100011 6
b11 7
b0 ;
1[
b100100011 r
b11 t
b0 w

#88096000
b110011100111011 y

#88100000
0!
0,
0=
b100 X
0[
0c
0x

#88105000
1!
b1 ;
1[
b1 w

#88106000
b110011100111110 y

#88110000
0!
1,
b100 -
1=
0[
1c
b100 g
1x

#88115000
1!
b1001000110100 6
b100 7
b0 ;
1[
b1001000110100 r
b100 t
b0 w

#88116000
b110011101000001 y

#88120000
0!
0,
0=
b1010 X
0[
0c
0x

#88125000
1!
b1 ;
1[
b1 w

#88126000
b110011101000100 y

#88130000
0!
1,
b1010 -
b100 :
0<
1=
0[
1c
b1010 g
b100 v
1x

#88135000
1!
13
b100 5
b1 :
b0 ;
1[
1n
b100 s
b1 v
b0 w

#88136000
b100 &!
b110011101000111 y

#88140000
0!
b10101100001001100 !!
0,
b100 :
0=
b11 R
b11010 S
0[
0c
b11010 j
b100 v
0x
b110011101001001 y

#88145000
1!
b1 ;
1[
b1 w

#88146000
b110011101001100 y

#88150000
0!
0[

#88155000
1!
b10 ;
1[
b10 w

#88156000
b110011101001111 y

#88160000
0!
0[

#88165000
1!
b11 ;
1[
b11 w

#88166000
b110011101010010 y

#88170000
0!
0[

#88175000
1!
b100 ;
1[
b100 w

#88176000
b110011101010101 y

#88180000
0!
1"
0#
b10 R
0[
1\
0]

#88185000
1!
03
b0 5
b0 6
b0 7
b0 :
b0 ;
1[
0n
b0 r
b0 s
b0 t
b0 v
b0 w

#88186000
b0 &!
1'!

#88190000
0!
0[

#88195000
1!
1[

#88200000
0!
0"
b11 R
0[
0\
b110011101010110 y

#88205000
1!
1[

#88206000
0'!
b110011101011001 y

#88210000
0!
0[

#88215000
1!
1[

#88216000
b110011101011100 y

#88220000
0!
0[

#88225000
1!
1[

#88226000
b110011101011111 y

#88230000
0!
1#
b1 :
b10 R
0[
1]
b1 v
b110011101100000 y

#88235000
1!
b1 5
1[
b1 s

#88236000
b1 &!
b110011101100011 y

#88240000
0!
0[

#88245000
1!
1[

#88246000
b110011101100110 y

#88250000
0!
b100 R
0[
b110011101100111 y

#88255000
1!
1[

#88256000
b110011101101010 y

#88260000
0!
0[

#88265000
1!
1[

#88266000
b110011101101101 y

#88270000
0!
0[

#88275000
1!
1[

#88276000
b110011101110000 y

#88280000
0!
0[

#88285000
1!
1[

#88286000
b110011101110011 y

#88290000
0!
b101 #!
0[

#88295000
1!
1[

#88296000
b110011101110110 y

#88300000
0!
1"
0#
b11 R
0[
1\
0]

#88305000
1!
b0 5
b0 :
1[
b0 s
b0 v

#88306000
b0 &!
1'!

#88310000
0!
0[

#88315000
1!
1[

#88320000
0!
0[

#88325000
1!
1[

#88330000
0!
0"
b10 R
0[
0\

#88335000
1!
1[

#88336000
0'!
b110011101111001 y

#88340000
0!
0[

#88345000
1!
1[

#88346000
b110011101111100 y

#88350000
0!
1#
b1 :
0[
1]
b1 v

#88355000
1!
b1 5
1[
b1 s

#88356000
b1 &!
b110011101111111 y

#88360000
0!
0[

#88365000
1!
1[

#88366000
b110011110000010 y

#88370000
0!
0T
1U
0[
b110011110000011 y

#88375000
1!
1[

#88376000
b110011110000110 y

#88380000
0!
1'
b101 :
0[
1`
b101 v

#88385000
1!
b101 5
1[
b101 s

#88386000
b101 &!
b110011110001001 y

#88390000
0!
b10101100101000110 !!
0'
b11 R
b11011 S
0[
0`
b11011 j
b110011110001010 y

#88395000
1!
b1 ;
1[
b1 w

#88396000
b110011110001101 y

#88400000
0!
0[

#88405000
1!
b10 ;
1[
b10 w

#88406000
b110011110010000 y

#88410000
0!
0[

#88415000
1!
b11 ;
1[
b11 w

#88416000
b110011110010011 y

#88420000
0!
0[

#88425000
1!
b100 ;
1[
b100 w

#88426000
b110011110010110 y

#88430000
0!
1"
0#
b10 R
0[
1\
0]

#88435000
1!
b0 5
b0 :
b0 ;
1[
b0 s
b0 v
b0 w

#88436000
b0 &!
1'!

#88440000
0!
0[

#88445000
1!
1[

#88450000
0!
0"
b11 R
0[
0\
b110011110010111 y

#88455000
1!
1[

#88456000
0'!
b110011110011010 y

#88460000
0!
0[

#88465000
1!
1[

#88466000
b110011110011101 y

#88470000
0!
0[

#88475000
1!
1[

#88476000
b110011110100000 y

#88480000
0!
1#
b1 :
b10 R
0[
1]
b1 v
b110011110100001 y

#88485000
1!
b1 5
1[
b1 s

#88486000
b1 &!
b110011110100100 y

#88490000
0!
0[

#88495000
1!
1[

#88496000
b110011110100111 y

#88500000
0!
b100 R
0[
b110011110101000 y

#88505000
1!
1[

#88506000
b110011110101011 y

#88510000
0!
0[

#88515000
1!
1[

#88516000
b110011110101110 y

#88520000
0!
0[

#88525000
1!
1[

#88526000
b110011110110001 y

#88530000
0!
0[

#88535000
1!
1[

#88536000
b110011110110100 y

#88540000
0!
b110 #!
0[

#88545000
1!
1[

#88546000
b110011110110111 y

#88550000
0!
1"
0#
b11 R
0[
1\
0]

#88555000
1!
b0 5
b0 :
1[
b0 s
b0 v

#88556000
b0 &!
1'!

#88560000
0!
0[

#88565000
1!
1[

#88570000
0!
0[

#88575000
1!
1[

#88580000
0!
0"
b10 R
0[
0\

#88585000
1!
1[

#88586000
0'!
b110011110111010 y

#88590000
0!
0[

#88595000
1!
1[

#88596000
b110011110111101 y

#88600000
0!
1#
b1 :
0[
1]
b1 v

#88605000
1!
b1 5
1[
b1 s

#88606000
b1 &!
b110011111000000 y

#88610000
0!
0[

#88615000
1!
1[

#88616000
b110011111000011 y

#88620000
0!
0[
b110011111000100 y

#88625000
1!
1[

#88626000
b110011111000111 y

#88630000
0!
1'
b101 :
0[
1`
b101 v

#88635000
1!
b101 5
1[
b101 s

#88636000
b101 &!
b110011111001010 y

#88640000
0!
0'
b100 X
b100001100100001 Y
0[
0`

#88645000
1!
b1 ;
1[
b1 w

#88646000
b110011111001101 y

#88650000
0!
1,
b100 -
1<
1=
0[
1c
b100 g
1x

#88655000
1!
b100 6
b1 7
b0 ;
1[
b100 r
b1 t
b0 w

#88656000
b110011111010000 y

#88660000
0!
0,
0=
b11 X
0[
0c
0x

#88665000
1!
b1 ;
1[
b1 w

#88666000
b110011111010011 y

#88670000
0!
1,
b11 -
1=
0[
1c
b11 g
1x

#88675000
1!
b1000011 6
b10 7
b0 ;
1[
b1000011 r
b10 t
b0 w

#88676000
b110011111010110 y

#88680000
0!
0,
0=
b10 X
0[
0c
0x

#88685000
1!
b1 ;
1[
b1 w

#88686000
b110011111011001 y

#88690000
0!
1,
b10 -
1=
0[
1c
b10 g
1x

#88695000
1!
b10000110010 6
b11 7
b0 ;
1[
b10000110010 r
b11 t
b0 w

#88696000
b110011111011100 y

#88700000
0!
0,
0=
b1 X
0[
0c
0x

#88705000
1!
b1 ;
1[
b1 w

#88706000
b110011111011111 y

#88710000
0!
1,
b1 -
1=
0[
1c
b1 g
1x

#88715000
1!
b100001100100001 6
b100 7
b0 ;
1[
b100001100100001 r
b100 t
b0 w

#88716000
b110011111100010 y

#88720000
0!
0,
0=
b1010 X
0[
0c
0x

#88725000
1!
b1 ;
1[
b1 w

#88726000
b110011111100101 y

#88730000
0!
1,
b1010 -
b110 :
0<
1=
0[
1c
b1010 g
b110 v
1x

#88735000
1!
10
b100001100100001 1
b110 5
b0 ;
1[
1l
b100001100100001 q
b110 s
b0 w

#88736000
b110 &!
1)!
b110011111101001 y
b100 {

#88740000
0!
b10101101010100100 !!
0,
0=
b11 R
b11100 S
0[
0c
b11100 j
0x
b110011111101010 y

#88745000
1!
00
1[
0l

#88746000
0)!
b110011111101101 y

#88750000
0!
0[

#88755000
1!
1[

#88756000
b110011111110000 y

#88760000
0!
0[

#88765000
1!
1[

#88766000
b110011111110011 y

#88770000
0!
0[

#88775000
1!
1[

#88776000
b110011111110110 y

#88780000
0!
1"
0#
b10 R
0[
1\
0]

#88785000
1!
b1001000110100 1
b0 5
b0 6
b0 7
b0 :
1[
b1001000110100 q
b0 r
b0 s
b0 t
b0 v

#88786000
b0 &!
1'!

#88790000
0!
0[

#88795000
1!
1[

#88800000
0!
0"
b11 R
0[
0\
b110011111110111 y

#88805000
1!
1[

#88806000
0'!
b110011111111010 y

#88810000
0!
0[

#88815000
1!
1[

#88816000
b110011111111101 y

#88820000
0!
0[

#88825000
1!
1[

#88826000
b110100000000000 y

#88830000
0!
1#
b1 :
b10 R
0[
1]
b1 v
b110100000000001 y

#88835000
1!
b1 5
1[
b1 s

#88836000
b1 &!
b110100000000100 y

#88840000
0!
0[

#88845000
1!
1[

#88846000
b110100000000111 y

#88850000
0!
b100 R
0[
b110100000001000 y

#88855000
1!
1[

#88856000
b110100000001011 y

#88860000
0!
0[

#88865000
1!
1[

#88866000
b110100000001110 y

#88870000
0!
0[

#88875000
1!
1[

#88876000
b110100000010001 y

#88880000
0!
0[

#88885000
1!
1[

#88886000
b110100000010100 y

#88890000
0!
b111 #!
0[

#88895000
1!
1[

#88896000
b110100000010111 y

#88900000
0!
1"
0#
b11 R
0[
1\
0]

#88905000
1!
b0 5
b0 :
1[
b0 s
b0 v

#88906000
b0 &!
1'!

#88910000
0!
0[

#88915000
1!
1[

#88920000
0!
0[

#88925000
1!
1[

#88930000
0!
0"
b10 R
0[
0\

#88935000
1!
1[

#88936000
0'!
b110100000011010 y

#88940000
0!
0[

#88945000
1!
1[

#88946000
b110100000011101 y

#88950000
0!
1#
b1 :
0[
1]
b1 v

#88955000
1!
b1 5
1[
b1 s

#88956000
b1 &!
b110100000100000 y

#88960000
0!
0[

#88965000
1!
1[

#88966000
b110100000100011 y

#88970000
0!
1T
0U
0[
b110100000100100 y

#88975000
1!
1[

#88976000
b110100000100111 y

#88980000
0!
1&
b10 :
0[
1_
b10 v

#88985000
1!
b10 5
1[
b10 s

#88986000
b10 &!
b110100000101010 y

#88990000
0!
b0 "!
0&
b1 X
b1000100010001 Y
0[
0_

#88995000
1!
b1 ;
1[
b1 w

#88996000
b110100000101101 y

#89000000
0!
1,
b1 -
1<
1=
0[
1c
b1 g
1x

#89005000
1!
b1 6
b1 7
b0 ;
1[
b1 r
b1 t
b0 w

#89006000
b110100000110000 y

#89010000
0!
0,
0=
0[
0c
0x

#89015000
1!
b1 ;
1[
b1 w

#89016000
b110100000110011 y

#89020000
0!
1,
1=
0[
1c
1x

#89025000
1!
b10001 6
b10 7
b0 ;
1[
b10001 r
b10 t
b0 w

#89026000
b110100000110110 y

#89030000
0!
0,
0=
0[
0c
0x

#89035000
1!
b1 ;
1[
b1 w

#89036000
b110100000111001 y

#89040000
0!
1,
1=
0[
1c
1x

#89045000
1!
b100010001 6
b11 7
b0 ;
1[
b100010001 r
b11 t
b0 w

#89046000
b110100000111100 y

#89050000
0!
0,
0=
0[
0c
0x

#89055000
1!
b1 ;
1[
b1 w

#89056000
b110100000111111 y

#89060000
0!
1,
1=
0[
1c
1x

#89065000
1!
b1000100010001 6
b100 7
b0 ;
1[
b1000100010001 r
b100 t
b0 w

#89066000
b110100001000010 y

#89070000
0!
0,
0=
b1010 X
0[
0c
0x

#89075000
1!
b1 ;
1[
b1 w

#89076000
b110100001000101 y

#89080000
0!
1,
b1010 -
b11 :
0<
1=
0[
1c
b1010 g
b11 v
1x

#89085000
1!
b11 5
b1 8
b0 ;
1[
b11 s
b1 u
b0 w

#89086000
b11 &!
b110100001001000 y

#89090000
0!
0,
0=
0[
0c
0x

#89095000
1!
b1 ;
1[
b1 w

#89096000
b110100001001011 y

#89100000
0!
0[

#89105000
1!
b10 ;
1[
b10 w

#89106000
b110100001001110 y

#89110000
0!
0[

#89115000
1!
b11 ;
1[
b11 w

#89116000
b110100001010001 y

#89120000
0!
0[

#89125000
1!
b100 ;
1[
b100 w

#89126000
b110100001010100 y

#89130000
0!
0[

#89135000
1!
b101 ;
1[
b101 w

#89136000
b110100001010111 y

#89140000
0!
0[

#89145000
1!
b110 ;
1[
b110 w

#89146000
b110100001011010 y

#89150000
0!
0[

#89155000
1!
b111 ;
1[
b111 w

#89156000
b110100001011101 y

#89160000
0!
0[

#89165000
1!
b1000 ;
1[
b1000 w

#89166000
b110100001100000 y

#89170000
0!
0[

#89175000
1!
b1001 ;
1[
b1001 w

#89176000
b110100001100011 y

#89180000
0!
0[

#89185000
1!
b1010 ;
1[
b1010 w

#89186000
b110100001100110 y

#89190000
0!
0[

#89195000
1!
b1011 ;
1[
b1011 w

#89196000
b110100001101001 y

#89200000
0!
0[

#89205000
1!
b1100 ;
1[
b1100 w

#89206000
b110100001101100 y

#89210000
0!
0[

#89215000
1!
b1101 ;
1[
b1101 w

#89216000
b110100001101111 y

#89220000
0!
0[

#89225000
1!
b1110 ;
1[
b1110 w

#89226000
b110100001110010 y

#89230000
0!
0[

#89235000
1!
b1111 ;
1[
b1111 w

#89236000
b110100001110101 y

#89240000
0!
0[

#89245000
1!
b10000 ;
1[
b10000 w

#89246000
b110100001111000 y

#89250000
0!
0[

#89255000
1!
b10001 ;
1[
b10001 w

#89256000
b110100001111011 y

#89260000
0!
0[

#89265000
1!
b10010 ;
1[
b10010 w

#89266000
b110100001111110 y

#89270000
0!
0[

#89275000
1!
b10 :
b10011 ;
1[
b10 v
b10011 w

#89276000
b110100010000001 y

#89280000
0!
0[

#89285000
1!
b10 5
b0 6
b0 7
b0 ;
1[
b0 r
b10 s
b0 t
b0 w

#89286000
b10 &!
b110100010000100 y

#89290000
0!
b1 "!
b1 X
0[
b110100010000101 y

#89295000
1!
b1 ;
1[
b1 w

#89296000
b110100010001000 y

#89300000
0!
1,
b1 -
1<
1=
0[
1c
b1 g
1x

#89305000
1!
b1 6
b1 7
b0 ;
1[
b1 r
b1 t
b0 w

#89306000
b110100010001011 y

#89310000
0!
0,
0=
0[
0c
0x

#89315000
1!
b1 ;
1[
b1 w

#89316000
b110100010001110 y

#89320000
0!
1,
1=
0[
1c
1x

#89325000
1!
b10001 6
b10 7
b0 ;
1[
b10001 r
b10 t
b0 w

#89326000
b110100010010001 y

#89330000
0!
0,
0=
0[
0c
0x

#89335000
1!
b1 ;
1[
b1 w

#89336000
b110100010010100 y

#89340000
0!
1,
1=
0[
1c
1x

#89345000
1!
b100010001 6
b11 7
b0 ;
1[
b100010001 r
b11 t
b0 w

#89346000
b110100010010111 y

#89350000
0!
0,
0=
0[
0c
0x

#89355000
1!
b1 ;
1[
b1 w

#89356000
b110100010011010 y

#89360000
0!
1,
1=
0[
1c
1x

#89365000
1!
b1000100010001 6
b100 7
b0 ;
1[
b1000100010001 r
b100 t
b0 w

#89366000
b110100010011101 y

#89370000
0!
0,
0=
b1010 X
0[
0c
0x

#89375000
1!
b1 ;
1[
b1 w

#89376000
b110100010100000 y

#89380000
0!
1,
b1010 -
b11 :
0<
1=
0[
1c
b1010 g
b11 v
1x

#89385000
1!
b11 5
b10 8
b0 ;
1[
b11 s
b10 u
b0 w

#89386000
b11 &!
b110100010100011 y

#89390000
0!
0,
0=
0[
0c
0x

#89395000
1!
b1 ;
1[
b1 w

#89396000
b110100010100110 y

#89400000
0!
0[

#89405000
1!
b10 ;
1[
b10 w

#89406000
b110100010101001 y

#89410000
0!
0[

#89415000
1!
b11 ;
1[
b11 w

#89416000
b110100010101100 y

#89420000
0!
0[

#89425000
1!
b100 ;
1[
b100 w

#89426000
b110100010101111 y

#89430000
0!
0[

#89435000
1!
b101 ;
1[
b101 w

#89436000
b110100010110010 y

#89440000
0!
0[

#89445000
1!
b110 ;
1[
b110 w

#89446000
b110100010110101 y

#89450000
0!
0[

#89455000
1!
b111 ;
1[
b111 w

#89456000
b110100010111000 y

#89460000
0!
0[

#89465000
1!
b1000 ;
1[
b1000 w

#89466000
b110100010111011 y

#89470000
0!
0[

#89475000
1!
b1001 ;
1[
b1001 w

#89476000
b110100010111110 y

#89480000
0!
0[

#89485000
1!
b1010 ;
1[
b1010 w

#89486000
b110100011000001 y

#89490000
0!
0[

#89495000
1!
b1011 ;
1[
b1011 w

#89496000
b110100011000100 y

#89500000
0!
0[

#89505000
1!
b1100 ;
1[
b1100 w

#89506000
b110100011000111 y

#89510000
0!
0[

#89515000
1!
b1101 ;
1[
b1101 w

#89516000
b110100011001010 y

#89520000
0!
0[

#89525000
1!
b1110 ;
1[
b1110 w

#89526000
b110100011001101 y

#89530000
0!
0[

#89535000
1!
b1111 ;
1[
b1111 w

#89536000
b110100011010000 y

#89540000
0!
0[

#89545000
1!
b10000 ;
1[
b10000 w

#89546000
b110100011010011 y

#89550000
0!
0[

#89555000
1!
b10001 ;
1[
b10001 w

#89556000
b110100011010110 y

#89560000
0!
0[

#89565000
1!
b10010 ;
1[
b10010 w

#89566000
b110100011011001 y

#89570000
0!
0[

#89575000
1!
b10 :
b10011 ;
1[
b10 v
b10011 w

#89576000
b110100011011100 y

#89580000
0!
0[

#89585000
1!
b10 5
b0 6
b0 7
b0 ;
1[
b0 r
b10 s
b0 t
b0 w

#89586000
b10 &!
b110100011011111 y

#89590000
0!
b10 "!
b1 X
0[
b110100011100000 y

#89595000
1!
b1 ;
1[
b1 w

#89596000
b110100011100011 y

#89600000
0!
1,
b1 -
1<
1=
0[
1c
b1 g
1x

#89605000
1!
b1 6
b1 7
b0 ;
1[
b1 r
b1 t
b0 w

#89606000
b110100011100110 y

#89610000
0!
0,
0=
0[
0c
0x

#89615000
1!
b1 ;
1[
b1 w

#89616000
b110100011101001 y

#89620000
0!
1,
1=
0[
1c
1x

#89625000
1!
b10001 6
b10 7
b0 ;
1[
b10001 r
b10 t
b0 w

#89626000
b110100011101100 y

#89630000
0!
0,
0=
0[
0c
0x

#89635000
1!
b1 ;
1[
b1 w

#89636000
b110100011101111 y

#89640000
0!
1,
1=
0[
1c
1x

#89645000
1!
b100010001 6
b11 7
b0 ;
1[
b100010001 r
b11 t
b0 w

#89646000
b110100011110010 y

#89650000
0!
0,
0=
0[
0c
0x

#89655000
1!
b1 ;
1[
b1 w

#89656000
b110100011110101 y

#89660000
0!
1,
1=
0[
1c
1x

#89665000
1!
b1000100010001 6
b100 7
b0 ;
1[
b1000100010001 r
b100 t
b0 w

#89666000
b110100011111000 y

#89670000
0!
0,
0=
b1010 X
0[
0c
0x

#89675000
1!
b1 ;
1[
b1 w

#89676000
b110100011111011 y

#89680000
0!
1,
b1010 -
b11 :
0<
1=
0[
1c
b1010 g
b11 v
1x

#89685000
1!
b11 5
b11 8
b0 ;
1[
b11 s
b11 u
b0 w

#89686000
b11 &!
b110100011111110 y

#89690000
0!
0,
0=
0[
0c
0x

#89695000
1!
b1 ;
1[
b1 w

#89696000
b110100100000001 y

#89700000
0!
0[

#89705000
1!
b10 ;
1[
b10 w

#89706000
b110100100000100 y

#89710000
0!
0[

#89715000
1!
b11 ;
1[
b11 w

#89716000
b110100100000111 y

#89720000
0!
0[

#89725000
1!
b100 ;
1[
b100 w

#89726000
b110100100001010 y

#89730000
0!
0[

#89735000
1!
b101 ;
1[
b101 w

#89736000
b110100100001101 y

#89740000
0!
0[

#89745000
1!
b110 ;
1[
b110 w

#89746000
b110100100010000 y

#89750000
0!
0[

#89755000
1!
b111 ;
1[
b111 w

#89756000
b110100100010011 y

#89760000
0!
0[

#89765000
1!
b1000 ;
1[
b1000 w

#89766000
b110100100010110 y

#89770000
0!
0[

#89775000
1!
b1001 ;
1[
b1001 w

#89776000
b110100100011001 y

#89780000
0!
0[

#89785000
1!
b1010 ;
1[
b1010 w

#89786000
b110100100011100 y

#89790000
0!
0[

#89795000
1!
b1011 ;
1[
b1011 w

#89796000
b110100100011111 y

#89800000
0!
0[

#89805000
1!
b1100 ;
1[
b1100 w

#89806000
b110100100100010 y

#89810000
0!
0[

#89815000
1!
b1101 ;
1[
b1101 w

#89816000
b110100100100101 y

#89820000
0!
0[

#89825000
1!
b1110 ;
1[
b1110 w

#89826000
b110100100101000 y

#89830000
0!
0[

#89835000
1!
b1111 ;
1[
b1111 w

#89836000
b110100100101011 y

#89840000
0!
0[

#89845000
1!
b10000 ;
1[
b10000 w

#89846000
b110100100101110 y

#89850000
0!
0[

#89855000
1!
b10001 ;
1[
b10001 w

#89856000
b110100100110001 y

#89860000
0!
0[

#89865000
1!
b10010 ;
1[
b10010 w

#89866000
b110100100110100 y

#89870000
0!
0[

#89875000
1!
b10 :
b10011 ;
1[
b10 v
b10011 w

#89876000
b110100100110111 y

#89880000
0!
0[

#89885000
1!
b10 5
b0 6
b0 7
b0 ;
1[
b0 r
b10 s
b0 t
b0 w

#89886000
b10 &!
b110100100111010 y

#89890000
0!
b11 "!
b1 X
0[
b110100100111011 y

#89895000
1!
b1 ;
1[
b1 w

#89896000
b110100100111110 y

#89900000
0!
1,
b1 -
1<
1=
0[
1c
b1 g
1x

#89905000
1!
b1 6
b1 7
b0 ;
1[
b1 r
b1 t
b0 w

#89906000
b110100101000001 y

#89910000
0!
0,
0=
0[
0c
0x

#89915000
1!
b1 ;
1[
b1 w

#89916000
b110100101000100 y

#89920000
0!
1,
1=
0[
1c
1x

#89925000
1!
b10001 6
b10 7
b0 ;
1[
b10001 r
b10 t
b0 w

#89926000
b110100101000111 y

#89930000
0!
0,
0=
0[
0c
0x

#89935000
1!
b1 ;
1[
b1 w

#89936000
b110100101001010 y

#89940000
0!
1,
1=
0[
1c
1x

#89945000
1!
b100010001 6
b11 7
b0 ;
1[
b100010001 r
b11 t
b0 w

#89946000
b110100101001101 y

#89950000
0!
0,
0=
0[
0c
0x

#89955000
1!
b1 ;
1[
b1 w

#89956000
b110100101010000 y

#89960000
0!
1,
1=
0[
1c
1x

#89965000
1!
b1000100010001 6
b100 7
b0 ;
1[
b1000100010001 r
b100 t
b0 w

#89966000
b110100101010011 y

#89970000
0!
0,
0=
b1010 X
0[
0c
0x

#89975000
1!
b1 ;
1[
b1 w

#89976000
b110100101010110 y

#89980000
0!
1,
b1010 -
b111 :
0<
1=
0[
1c
b1010 g
b111 v
1x

#89985000
1!
12
14
b111 5
b100 8
b0 ;
1[
1m
1o
b111 s
b100 u
b0 w

#89986000
b111 &!
1(!
b110100101011010 y
b10 z

#89990000
0!
b10101111110000110 !!
0,
0=
b11 R
b11101 S
0[
0c
b11101 j
0x
b110100101011011 y

#89995000
1!
02
1[
0m

#89996000
0(!
b110100101011110 y

#90000000
0!
0[

#90005000
1!
1[

#90006000
b110100101100001 y

#90010000
0!
0[

#90015000
1!
1[

#90016000
b110100101100100 y

#90020000
0!
0[

#90025000
1!
1[

#90026000
b110100101100111 y

#90030000
0!
1"
0#
b10 R
0[
1\
0]

#90035000
1!
04
b0 5
b0 6
b0 7
b0 8
b0 :
1[
0o
b0 r
b0 s
b0 t
b0 u
b0 v

#90036000
b0 &!
1'!

#90040000
0!
0[

#90045000
1!
1[

#90050000
0!
0"
b11 R
0[
0\
b110100101101000 y

#90055000
1!
1[

#90056000
0'!
b110100101101011 y

#90060000
0!
0[

#90065000
1!
1[

#90066000
b110100101101110 y

#90070000
0!
0[

#90075000
1!
1[

#90076000
b110100101110001 y

#90080000
0!
1#
b1 :
b10 R
0[
1]
b1 v
b110100101110010 y

#90085000
1!
b1 5
1[
b1 s

#90086000
b1 &!
b110100101110101 y

#90090000
0!
0[

#90095000
1!
1[

#90096000
b110100101111000 y

#90100000
0!
b100 R
0[
b110100101111001 y

#90105000
1!
1[

#90106000
b110100101111100 y

#90110000
0!
0[

#90115000
1!
1[

#90116000
b110100101111111 y

#90120000
0!
0[

#90125000
1!
1[

#90126000
b110100110000010 y

#90130000
0!
0[

#90135000
1!
1[

#90136000
b110100110000101 y

#90140000
0!
b1000 #!
0[

#90145000
1!
1[

#90146000
b110100110001000 y

#90150000
0!
1"
0#
b11 R
0[
1\
0]

#90155000
1!
b0 5
b0 :
1[
b0 s
b0 v

#90156000
b0 &!
1'!

#90160000
0!
0[

#90165000
1!
1[

#90170000
0!
0[

#90175000
1!
1[

#90180000
0!
0"
b10 R
0[
0\

#90185000
1!
1[

#90186000
0'!
b110100110001011 y

#90190000
0!
0[

#90195000
1!
1[

#90196000
b110100110001110 y

#90200000
0!
1#
b1 :
0[
1]
b1 v

#90205000
1!
b1 5
1[
b1 s

#90206000
b1 &!
b110100110010001 y

#90210000
0!
0[

#90215000
1!
1[

#90216000
b110100110010100 y

#90220000
0!
b10010001101000 *
1+
0T
1W
0[
1f
b10010001101000 i
b110100110010101 y

#90225000
1!
1[

#90226000
b110100110011000 y

#90230000
0!
1)
b1000 :
0[
1b
b1000 v

#90235000
1!
b1000 5
1[
b1000 s

#90236000
b1000 &!
b110100110011011 y

#90240000
0!
b10110000010000000 !!
0)
b11 R
b11110 S
0[
0b
b11110 j
b110100110011100 y

#90245000
1!
b1 ;
1[
b1 w

#90246000
b110100110011111 y

#90250000
0!
0[

#90255000
1!
b10 ;
1[
b10 w

#90256000
b110100110100010 y

#90260000
0!
0[

#90265000
1!
b11 ;
1[
b11 w

#90266000
b110100110100101 y

#90270000
0!
0[

#90275000
1!
b100 ;
1[
b100 w

#90276000
b110100110101000 y

#90280000
0!
1"
0#
b10 R
0[
1\
0]

#90285000
1!
b0 5
b0 :
b0 ;
1[
b0 s
b0 v
b0 w

#90286000
b0 &!
1'!

#90290000
0!
0[

#90295000
1!
1[

#90300000
0!
0"
b11 R
0[
0\
b110100110101001 y

#90305000
1!
1[

#90306000
0'!
b110100110101100 y

#90310000
0!
0[

#90315000
1!
1[

#90316000
b110100110101111 y

#90320000
0!
0[

#90325000
1!
1[

#90326000
b110100110110010 y

#90330000
0!
1#
b1 :
b10 R
0[
1]
b1 v
b110100110110011 y

#90335000
1!
b1 5
1[
b1 s

#90336000
b1 &!
b110100110110110 y

#90340000
0!
0[

#90345000
1!
1[

#90346000
b110100110111001 y

#90350000
0!
b100 R
0[
b110100110111010 y

#90355000
1!
1[

#90356000
b110100110111101 y

#90360000
0!
0[

#90365000
1!
1[

#90366000
b110100111000000 y

#90370000
0!
0[

#90375000
1!
1[

#90376000
b110100111000011 y

#90380000
0!
0[

#90385000
1!
1[

#90386000
b110100111000110 y

#90390000
0!
b10110000100010110 !!
b1001 #!
b11 R
b11111 S
0[
b11111 j

#90395000
1!
1[

#90396000
b110100111001001 y

#90400000
0!
0[

#90405000
1!
1[

#90406000
b110100111001100 y

#90410000
0!
0[

#90415000
1!
1[

#90416000
b110100111001111 y

#90420000
0!
0[

#90425000
1!
1[

#90426000
b110100111010010 y

#90430000
0!
0#
b1111 5
b0 :
b1 R
0[
0]
b1111 s
b0 v

#90435000
1!
1[

#90436000
b1111 &!
b110100111010101 y

#90440000
0!
0[

#90445000
1!
b0 5
1[
b0 s

#90446000
b0 &!
b110100111011000 y

#90450000
0!
1#
b1 :
b10 R
0[
1]
b1 v
b110100111011001 y

#90455000
1!
b1 5
1[
b1 s

#90456000
b1 &!
b110100111011100 y

#90460000
0!
0[

#90465000
1!
1[

#90466000
b110100111011111 y

#90470000
0!
b100 R
0[
b110100111100000 y

#90475000
1!
1[

#90476000
b110100111100011 y

#90480000
0!
0[

#90485000
1!
1[

#90486000
b110100111100110 y

#90490000
0!
0[

#90495000
1!
1[

#90496000
b110100111101001 y

#90500000
0!
0[

#90505000
1!
1[

#90506000
b110100111101100 y

#90510000
0!
b1001 $!
b1001 %!
b11 R
0[
1k
b110100111110110 y

#90515000
1!
1[

#90516000
b110100111111001 y

#90520000
0!
0[

#90525000
1!
1[

#90526000
b110100111111100 y

#90530000
0!
0[

#90535000
1!
1[

#90536000
b110100111111111 y

#90540000
0!
0[
